patient_id,lesion_id,filename,Asymmetry,Compactness,Convexity,Multicolor,red_pixels,blue_pixels,mean_red,mean_blue,Hue_Var,Sat_Var,Val_Var
PAT_431,850,PAT_431_850_472.png,0.19834000000000002,10.02984847187524,0.894840453744913,152.44385932175297,99.84482758620689,0.0,145.60431034482758,35.178275862068965,0.0004870237046288306,0.01302851645786368,0.01262247328630739
PAT_86,1109,PAT_86_1109_306.png,0.24752000000000002,10.064620723512679,0.9517834386733075,96.19289064423452,93.66933944253532,0.0,205.52898052691867,170.08636884306986,0.022172260580660574,0.005549818680067316,0.00430458351409326
PAT_759,1433,PAT_759_1433_973.png,0.09698,8.204130796917454,0.9728833665810928,119.78625196866989,57.1372278593242,12.816471283617378,145.48507536203329,130.97379568515416,0.13602618822737822,0.00710007149535332,0.004741730388302687
PAT_355,732,PAT_355_732_102.png,0.23647999999999997,9.35616429880253,0.9822065023138508,106.65214427299422,99.97507876889118,0.0,190.51019100343558,86.97600441461809,0.0028191206213012965,0.012865913575108748,0.002567791940309802
PAT_365,751,PAT_365_751_709.png,0.15144000000000002,10.755979516224615,0.9878105299068066,75.32771208293303,99.98493161612849,0.0,169.46048981111338,88.88383162410587,0.0010468624758100953,0.005927973513490308,0.0019549853177111072
PAT_15,23,PAT_15_23_240.png,0.09582000000000002,9.042060006107675,0.9642401840139176,103.7381293885545,99.73907443595665,0.0,149.65107034997334,114.36122090957541,0.01301603376160887,0.006682284389261782,0.011182961221301621
PAT_115,175,PAT_115_175_206.png,0.26408,10.527160803247025,0.9507159836841768,153.4921586470394,98.41658885776533,0.0038904450669156555,204.90534547152194,58.177093059446,0.0007194026432464362,0.001492540905333513,0.006375315278304276
PAT_168,1486,PAT_168_1486_97.png,0.10937999999999999,8.80604806990333,0.9830777096545484,95.96244571574351,98.45647558386412,0.11677282377919321,147.71025477707008,101.9063906581741,0.002126815057740483,0.003616537860230517,0.0002784765885968068
PAT_1538,1830,PAT_1538_1830_693.png,0.22962000000000002,9.30804028398474,0.9427448963829508,28.245308441277423,100.0,0.0,198.96108349048518,103.30224584261958,0.0008916982889887182,0.000698147830797653,0.0002367051124733126
PAT_58,91,PAT_58_91_845.png,0.08616,9.645927256471124,0.9656726081062841,85.94628621425825,100.0,0.0,147.12131769683018,107.57831212865898,0.002297484126756344,0.006328696078209254,0.004662879896996843
PAT_260,400,PAT_260_400_842.png,0.14243999999999998,8.572185490011746,0.9676067439948103,100.6554906445543,100.0,0.0,201.81817585301837,149.58077427821522,0.0005586255530842799,0.01708833929525819,0.0037270296479409494
PAT_757,4220,PAT_757_4220_942.png,0.51246,41.76151153256002,0.60759212855277,40.61439862903089,99.98498611215373,0.0,230.59177238946026,132.34389310111854,0.0011932245865948765,0.0016733219613753012,0.0002882736490091145
PAT_340,714,PAT_340_714_314.png,0.08614000000000001,10.325599103144262,0.940229642627671,150.8969660952414,14.380808724329185,60.623875730775,46.05907097886374,73.06927840653576,0.6497295901589962,0.05504165834072198,0.01818932912165996
PAT_1946,3924,PAT_1946_3924_929.png,0.07796,10.615040924560567,0.9520128828673314,73.60058262631374,100.0,0.0,171.21133066187647,95.31938648611303,0.0007808906248124581,0.004491762423132301,0.0026160074439223564
PAT_944,1795,PAT_944_1795_371.png,0.1457,11.054485135066887,0.9456010084730435,75.80325060395829,97.89325284937055,0.0,140.24494658671222,100.36400460664787,0.013384568088069537,0.007531717461267207,0.00386759238526042
PAT_781,1474,PAT_781_1474_517.png,0.23498000000000002,10.526347500949624,0.910377590841071,56.16526424924729,100.0,0.0,217.6435555074073,106.20491292690193,0.0007083509668568411,0.0025779983768639304,0.003117848586240191
PAT_394,1562,PAT_394_1562_579.png,0.04542,8.037475799148972,0.9807739645478317,84.38965878229294,100.0,0.0,158.169978957213,82.98170446574701,0.001504767798167439,0.003692703316875507,0.002892112288499241
PAT_1652,2915,PAT_1652_2915_65.png,0.22304,14.800040577591478,0.945355067919516,86.63610326092251,99.4225921800809,0.0,189.13919338765461,103.17137581335365,0.0007511794803620742,0.001500563738809551,0.010050111091841738
PAT_1584,2610,PAT_1584_2610_223.png,0.16242,9.083839666502277,0.9779405089835378,44.68974645884782,99.9914579195763,0.0,168.16272663207124,132.08330663933202,0.0027008367881901085,0.0017878812894229358,0.0004158534418109074
PAT_1244,840,PAT_1244_840_975.png,0.11480000000000001,8.934113782756533,0.9555185498311697,113.8120219584285,95.98336268140142,0.03643208452243609,178.54478110389215,125.43014147792823,0.012562394939052868,0.013007097471258961,0.00293853774665816
PAT_535,1010,PAT_535_1010_303.png,0.09459999999999999,8.770435652321373,0.9785833449339948,95.655924030175,99.9277312599681,0.0,203.86665171451355,110.72779605263158,0.0004070547154005899,0.007151078219531415,0.0009863581651425393
PAT_177,274,PAT_177_274_371.png,0.13452,9.145428158977772,0.9516423793958392,116.0222764974003,85.85526315789474,2.6481645289694824,159.18484630694383,124.8733137992039,0.03566623926997392,0.00860888570397223,0.00445811066203227
PAT_390,790,PAT_390_790_505.png,0.25162000000000007,10.917544568671492,0.9208934471663404,137.35224183053788,97.45098039215686,0.02063983488132095,141.8593395252838,74.26150670794634,0.0016934033243408697,0.023210643855739496,0.0026870558184138335
PAT_649,1233,PAT_649_1233_229.png,0.08571999999999999,8.578153791158853,0.9799188969047566,53.04682322324188,91.96495128490159,0.0,99.56960700974302,63.62241548420846,1.778776856087294e-05,0.0008548271083319565,0.00031093686608170385
PAT_665,1261,PAT_665_1261_17.png,0.27094,10.479140315404884,0.9745349505164428,107.40077837704473,98.45528613374299,0.0,123.1815233243238,77.87974410329204,0.010295480312828675,0.012802487161191495,0.007373213153630202
PAT_887,1688,PAT_887_1688_436.png,0.29554,20.26660361881636,0.7736302624419512,56.821327264840995,99.97445232164527,0.0,96.81535415469119,63.82994826595133,0.005044180411624133,0.007667281693565374,0.0014814129163041262
PAT_517,971,PAT_517_971_88.png,0.19552,5.678600639501051,0.9453449589861063,117.39744143755327,91.81368837871155,3.382259093809828,147.9434968904462,113.34765564614902,0.040559381215473866,0.004648792502338685,0.011283707138294137
PAT_1322,1137,PAT_1322_1137_201.png,0.27382,10.156872722473958,0.9255811288778937,51.2394752000265,99.90810030195615,0.0,120.21307601417881,90.6721806485493,0.011643610483097144,0.002156436404301628,0.0016873695379506887
PAT_1803,3463,PAT_1803_3463_639.png,0.17252,9.298388503216206,0.9829346301923408,125.35192814134948,99.13787598186346,0.0,175.52889711986717,116.85324733380165,0.004864789552852855,0.022264734468603706,0.00882267137044355
PAT_884,1683,PAT_884_1683_538.png,0.20916,10.822979467125238,0.9420888458368931,139.00731868942339,98.95729423500404,0.06273801233429321,128.60007654037506,68.43338164160284,0.004566248850087717,0.004669688534272504,0.024561825270121365
PAT_126,192,PAT_126_192_208.png,0.22588,9.793159785295487,0.9061169997631202,54.91616474804154,47.44785082174462,13.487673830594185,156.89996839443742,146.3361251580278,0.1827224064362879,0.0029740292472961354,0.0012738510396149898
PAT_503,949,PAT_503_949_409.png,0.11094,12.17022718632272,0.9621637575372798,58.44803145075139,99.07915273132664,0.0,221.95141583054627,155.4651282051282,0.003357940816294147,0.004405967111630099,0.000995463606073156
PAT_419,2767,PAT_419_2767_323.png,0.45983999999999997,20.445365062097043,0.6727377414424629,87.13003932867726,100.0,0.0,160.39283553303332,71.27287940097568,0.0015995407126918604,0.0021957753757273603,0.003972732974704846
PAT_1415,1440,PAT_1415_1440_629.png,0.20456000000000002,9.34890102175094,0.9713301681287795,89.65183475868982,99.94431864582947,0.0,183.61171535691747,138.77983592560972,0.012217660247204165,0.003333229926561915,0.004097174148567121
PAT_325,689,PAT_325_689_528.png,0.0804,8.215073359575507,0.9820000957845402,63.55676188405431,100.0,0.0,131.31644796469243,87.75006896008196,0.0016990919422396056,0.011576781509902968,0.0012559399491032727
PAT_2150,4766,PAT_2150_4766_754.png,0.94302,27.493031032047615,0.06321344931519243,82.01582143607796,95.68480300187618,0.28142589118198874,147.62757973733582,113.22551594746717,0.036256769363796626,0.0037486559499944087,0.009193669424577897
PAT_1063,270,PAT_1063_270_593.png,0.48018,12.303947165387287,0.8449014859354131,54.53147800999526,100.0,0.0,198.74785259074537,107.36104183984483,0.0038341098019077924,0.003088671799488804,0.0015972129621244307
PAT_75,114,PAT_75_114_73.png,0.15276,8.765412893052751,0.9897964110799468,133.77710720083164,98.8794510450852,0.0,171.22992751969954,114.56835611870623,0.007340764637544739,0.009059934323027938,0.0016606214169852228
PAT_373,2598,PAT_373_2598_235.png,0.16396,9.012289163721917,0.961847734959437,101.95606909877495,100.0,0.0,141.99196492398607,96.99810322642139,0.0001617955009489691,0.014476387765386537,0.003912536915374319
PAT_1276,957,PAT_1276_957_406.png,0.09432,8.90344404425667,0.9778025610410865,100.20687742350941,99.11305826395325,0.0,136.72595951317774,61.887424269115584,0.0,0.0,0.0
PAT_416,824,PAT_416_824_540.png,0.09942,8.569794919398943,0.9810272131392623,84.79164526817186,100.0,0.0,149.08028510544491,54.49944889411419,0.0012791542219384722,0.021999390684435575,0.0025302115141617853
PAT_780,1473,PAT_780_1473_791.png,0.14178000000000002,9.42838194208307,0.9578321163244462,103.27273232891541,41.387935054474546,13.625701244930546,168.11318835050236,159.31516102138002,0.5741976891207466,0.003606971654264627,0.007287694857842938
PAT_595,1142,PAT_595_1142_142.png,0.1663,11.565777701331871,0.9122716378863207,152.34170525279788,64.18407596785975,0.0,185.05582663744826,147.09571950328706,0.045941574123935736,0.00808821625216861,0.01372866757446698
PAT_966,1826,PAT_966_1826_587.png,0.14464000000000002,10.310918158258486,0.9480742815663328,52.255702287066775,98.67366840657799,0.0007015771454229107,160.8068593197508,131.0820161222428,0.001693855596082261,0.00039934397264286764,0.00022562829778722385
PAT_724,1369,PAT_724_1369_896.png,0.32222000000000006,10.195777092683691,0.49875568179925395,98.37531592577669,95.77452548147119,0.0,249.51249739275534,130.82957310714036,0.000798076249332702,0.008454637981530809,0.0005758898662968068
PAT_834,1574,PAT_834_1574_276.png,0.11245999999999998,9.063128860693293,0.975833039014923,70.01374334447137,99.24092692847528,0.0,165.44670734152558,93.24055455300622,0.0036673157215489915,0.0023224170908380365,0.0020760250414368795
PAT_286,1459,PAT_286_1459_926.png,0.087,7.693612891695082,0.9539963496080817,41.11231335372367,100.0,0.0,187.69334588826115,118.32674199623352,0.00019209813820630917,0.0019605765559505676,0.0012068554593026835
PAT_1468,1622,PAT_1468_1622_219.png,0.3113,13.983677252305826,0.8386141672624068,126.84217456660966,99.97760250851904,0.0,119.81983617834803,27.857335978370422,0.0035199634247434775,0.013476443990758875,0.004511584078946596
PAT_2085,4506,PAT_2085_4506_726.png,0.08914,8.815803737205757,0.9716822791399675,62.91640056674266,92.44243190115137,0.0,136.95990124496865,124.61792099597491,0.011619312020525796,0.00028357273055908003,0.0036327000865966643
PAT_383,777,PAT_383_777_129.png,0.08774,8.783702870047255,0.9706200792178589,90.45681898572902,98.07868686549227,0.0,167.17891141402322,127.50765362598437,0.02492512629325705,0.005632165296616164,0.004651116625035243
PAT_931,1762,PAT_931_1762_69.png,0.25417999999999996,13.526246121798447,0.9330942221851907,78.64763464526355,96.79604726976365,0.0,164.5318357783211,105.65593588698724,0.0013102562533725548,0.0016642638711854003,0.0031524790890698293
PAT_906,1722,PAT_906_1722_328.png,0.11598,8.783766395112476,0.96843555050352,85.43612408365198,78.92921427608573,0.07295044920032034,145.39553416380548,120.86556500915846,0.12543853132751948,0.005436318560941438,0.0025969703135829063
PAT_902,1718,PAT_902_1718_852.png,0.19891999999999999,10.93048517587663,0.9458208842798952,124.96758166098549,86.65652917696256,0.0,84.32373196087319,30.65708478937903,0.001707446511936106,0.019343848163008777,0.02589823432612648
PAT_1286,999,PAT_1286_999_846.png,0.09147999999999999,9.354621024692936,0.9749597864571548,67.11483605510772,3.0672703873734686,29.562596166855986,84.2465663122587,85.00782235759439,0.07668839728612886,0.00027064072769604567,0.00042386853315507016
PAT_621,1182,PAT_621_1182_456.png,0.08136,8.686425363266894,0.9803418142284026,94.67942534760726,98.16080752839876,0.3508937791805449,111.13800488705948,85.01303943100665,0.04323328807512972,0.006748776073297246,0.009595419505313903
PAT_453,883,PAT_453_883_719.png,0.13444,8.818739107321216,0.9809700876672676,136.6398368629776,98.9208327432375,0.0,218.46504744370486,123.87731907661804,0.0031857433767003007,0.022563483814172565,0.003333974598843075
PAT_1549,1882,PAT_1549_1882_230.png,0.07788,8.827836990011678,0.9729584208477521,90.01422463966946,40.81623241872262,0.004611482591653217,123.3135347014065,105.55489970025363,3.432173555473206e-06,0.0005358797803363118,0.0007835442783015302
PAT_1136,517,PAT_1136_517_92.png,0.16788,8.746821939963798,0.9676465154958668,55.976401152759315,100.0,0.0,122.88782984732151,82.04739211014032,0.0021711287405369317,0.007606485464706379,0.0036066707830247798
PAT_61,299,PAT_61_299_74.png,0.11888000000000001,8.138360347435752,0.9699662209930631,95.62804268091236,95.13682223996516,0.0,124.04993830296871,101.62734993104449,0.0026851575431642294,0.004165351631740552,0.007920163347788764
PAT_185,285,PAT_185_285_862.png,0.16362000000000002,10.064537868738725,0.9377042802258531,75.49663926771409,66.53455498960186,1.840019289309503,162.66141233913018,136.49153078754634,0.055976198309372616,0.011549953051183273,0.0008271233438254943
PAT_112,168,PAT_112_168_360.png,0.14023999999999998,11.600576743894049,0.9185411357073431,123.61917868553024,39.265531366153375,3.4542592733065316,101.41373359629826,82.37258211332777,0.09953045883661393,0.008952201771490611,0.004470577255092183
PAT_388,4500,PAT_388_4500_103.png,0.19452,8.878738688371707,0.9863391028053563,53.86073735693478,99.96648036550975,0.0,212.2045499260382,119.21596117551901,0.0010496894077598462,0.0024895990327907314,0.0011651939430043269
PAT_830,1565,PAT_830_1565_911.png,0.27046000000000003,10.752539892735223,0.8246902333838289,62.4973813642297,100.0,0.0,199.29347826086956,104.96989966555184,0.00018752825287526864,0.0015214118943896505,0.001274866235264832
PAT_84,128,PAT_84_128_233.png,0.16926000000000002,8.934676632493614,0.890408137066727,101.59641324555821,100.0,0.0,167.9924406047516,86.52051835853132,0.0013753372146092513,0.008927479722661408,0.008172505099186317
PAT_45,65,PAT_45_65_551.png,0.25544,9.910962393985818,0.9542484230764147,92.5572714778039,100.0,0.0,126.67617314334167,48.67338117593531,0.0008882852324506585,0.004064175971320625,0.0020445678202416053
PAT_279,430,PAT_279_430_356.png,0.12216,8.717954848620732,0.9867644678301635,113.2381029768479,99.7688239651341,0.0,198.40582246645192,110.65352879364697,0.002338673935215585,5.30346174823037e-05,0.00032752650623666204
PAT_953,1806,PAT_953_1806_326.png,0.14298,8.940641085291697,0.9698117717749783,82.56322912020015,93.43518477927316,0.0,157.86605146639778,122.43053789838235,0.00998690199793617,0.0027770263198994166,0.0004355311942441254
PAT_220,338,PAT_220_338_339.png,0.32526,11.798289986994712,0.935043539944817,134.890896627247,100.0,0.0,154.82334940994696,61.794022717294034,0.0021595194942625184,0.018134562167533765,0.013051918033222502
PAT_747,1409,PAT_747_1409_466.png,0.10880000000000001,10.807887834950284,0.962420290530263,95.15348904456236,87.27722772277228,1.2458745874587458,171.8795379537954,140.30140264026403,0.007322114894686482,0.001127137721160161,3.2424529294257064e-05
PAT_242,368,PAT_242_368_261.png,0.07204,8.241682323048128,0.975749494070542,47.01697362691996,100.0,0.0,188.7735683847995,60.451170392855055,0.0011061334411975876,0.000950542190844338,0.0022199681280614916
PAT_776,1466,PAT_776_1466_241.png,0.08768,8.851952688423134,0.977042873240361,172.80193420486938,93.05624801704211,0.07875175633413407,179.4766237592349,116.69083420205774,0.012542563502978443,0.029794014691395723,0.0052044588326677025
PAT_393,793,PAT_393_793_852.png,0.09245999999999999,8.683787342935899,0.9613007870691931,52.677708307174,100.0,0.0,152.58117161999655,78.35389108400618,0.0020984808696064006,0.0022781649761069076,0.0011372485585713166
PAT_492,937,PAT_492_937_958.png,0.15768,9.592522335059469,0.9637731353011169,148.16861291594108,88.38735159378336,2.32824635756771,149.92489586554376,97.06571579283805,0.010000935203065664,0.019889281641608365,0.006921468728263734
PAT_1653,2916,PAT_1653_2916_346.png,0.23692000000000007,9.541286468063584,0.9645688784768953,45.148557029825035,100.0,0.0,166.07194213318644,103.76664830545327,0.00019572606923323743,0.00025181099440658566,0.0008201918257005213
PAT_904,1739,PAT_904_1739_546.png,0.21778,9.408665553898238,0.9641102841782434,51.36486001886615,94.83670295489891,0.18754002378556398,157.28141981520446,133.31557954441496,0.01415505106975401,0.0016422737650214779,0.0011661167677478926
PAT_904,1736,PAT_904_1736_851.png,0.05466000000000001,9.439916170152758,0.9793712312327277,78.30001399812268,93.68305984081753,0.4415593986440012,115.53553969735678,92.12328043627788,0.08480731117557838,0.009812738444542744,0.002987030620557265
PAT_2155,4784,PAT_2155_4784_483.png,0.09114,9.239726356746663,0.9710905529322321,70.94883829256375,75.2839105593567,0.0,138.92050504338013,71.37250476123299,0.0006151389337121227,0.0007577317690552648,0.008382910283112211
PAT_753,1834,PAT_753_1834_712.png,0.41672000000000003,14.4611795066923,0.7578892250184123,72.11082265525229,100.0,0.0,216.5930190716085,59.30676502338971,0.0004513823754834778,0.004939782672301357,0.01012519473861353
PAT_224,343,PAT_224_343_782.png,0.05616,8.07458172067873,0.9855626577128223,24.05805764178168,98.57094249744812,0.11114891686514687,163.56028127481002,125.10536463649767,0.003356458791108463,0.0014903705192866243,0.0006989384118046268
PAT_2109,4598,PAT_2109_4598_112.png,0.15436,8.886433128420714,0.9835090483687173,90.19992936068357,31.993677806715837,0.0,84.79865404878825,67.0230223264876,0.005234784070263343,0.003170823066865936,0.0021395926084947243
PAT_770,1451,PAT_770_1451_136.png,0.4962599999999999,14.9688067174709,0.9213738874031581,154.91846001893833,77.5344021307126,10.704146837481547,83.70259628983473,65.62569655927076,0.16705081074767558,0.02615035581739264,0.011508789540965444
PAT_1926,3871,PAT_1926_3871_371.png,0.6002599999999999,21.26457636518226,0.6531312569990076,95.66049379272202,80.95048679774217,0.0,136.70079933325758,98.4742773800053,0.007517386041575147,0.008481382327371396,0.007259826040390337
PAT_1296,1038,PAT_1296_1038_1.png,0.17098,12.60094284553616,0.8998039096812719,67.9490099942738,99.3257874771551,0.0,145.69282631732526,108.89541259041974,0.0030834116225487707,0.0017012662648010395,0.0008760026862711565
PAT_206,312,PAT_206_312_760.png,0.33111999999999997,15.594991509110466,0.8127547887400742,95.47332309383704,87.33439321674615,1.2659718542071483,128.32909379968203,101.22334098804687,0.1439660593760237,0.015685547358603544,0.003254883822440585
PAT_417,828,PAT_417_828_723.png,0.30832,15.395760375313097,0.7476677211281008,88.12444569077017,65.53177803048578,13.959819428650194,113.17938821691536,100.26988065290557,0.06402210111472939,0.0009998414403359654,0.002048594052403066
PAT_303,652,PAT_303_652_342.png,0.20108,12.250618608427445,0.686148183719686,146.0138486164049,82.05152631200986,0.0,173.090297817335,129.46820238271454,0.05029619064598445,0.016523344575945915,0.010622406307049944
PAT_456,888,PAT_456_888_961.png,0.27806000000000003,10.387706955829731,0.9181734046717607,66.50479268671752,26.323997064579256,1.6251834637964775,144.04678326810176,135.53276357632095,0.013167384771398782,0.0018621661419717071,0.00014074053726592433
PAT_949,1802,PAT_949_1802_582.png,0.07886,8.769946572905283,0.9758658619655701,82.56262345218614,68.19074437733892,5.978361554707473,106.50620623216867,92.35708992552522,0.06251831541555286,0.0047404470107322095,0.0062297090471808425
PAT_1673,3011,PAT_1673_3011_440.png,0.56872,16.700090885431255,0.7731409587327001,56.44062021711374,99.76036613586109,0.0,135.40151185313428,76.20998988669672,4.930498185373722e-05,0.0003030864965595958,0.00044189874504203575
PAT_411,815,PAT_411_815_692.png,0.1988,9.666543957841174,0.9429572531600257,107.78864186238985,96.71619975639464,0.0,102.25534713763703,51.436540803897685,0.00034522177761930894,0.0032475056753913253,0.013063204862657319
PAT_490,933,PAT_490_933_352.png,0.2258,11.276159935660601,0.9273862039289158,129.18589085925706,38.41093117408907,0.0,155.41425679583574,69.67690861769809,0.009525703766235183,0.01633106344236741,0.011660309378923739
PAT_2144,4738,PAT_2144_4738_120.png,0.09594,8.108914994077745,0.9801381051195327,169.02288690131036,98.28594565412992,0.0,100.3556775238438,70.94731869713874,0.0033264722308702366,0.0079833596801638,0.0287361873828355
PAT_747,1409,PAT_747_1409_116.png,0.19502000000000003,10.877364001554142,0.9638313549978388,126.27660604489171,99.8213392410491,0.0,180.6363896233831,118.24355034660188,0.005957265763082975,0.009594174714501044,0.010934351083046202
PAT_1955,3946,PAT_1955_3946_319.png,0.25780000000000003,10.007233174448519,0.9334231759855287,58.747928013914674,100.0,0.0,203.20861905407236,105.46881691286082,0.0006208362246702404,0.00040215388327871903,0.002460516866449665
PAT_691,1312,PAT_691_1312_389.png,0.11254,9.196067238000305,0.9748755685774501,158.2271479233431,81.58443642198154,4.342826581093729,120.37687747916388,91.58904042429914,0.01866140113536141,0.006123002165408623,0.0261111775976309
PAT_1186,680,PAT_1186_680_578.png,0.20503999999999997,9.223923061215022,0.9640091930249949,106.2510750960704,98.35683357388699,0.0,87.74419895636727,46.08893083157544,0.0006922671633847743,0.00897779403572403,0.0035288818050915743
PAT_2123,4647,PAT_2123_4647_95.png,0.0891,8.186595792267727,0.9878218109666804,152.8597923631894,99.29903523128607,0.0,161.70985873029545,84.29933672150918,0.0007742044104238621,0.0015767212934573956,0.004541423162579549
PAT_778,1471,PAT_778_1471_911.png,0.25492,16.737459059457862,0.8938577022282912,66.60137721901559,100.0,0.0,229.61379768457013,149.89299677358133,0.0010862868633687572,0.0013339245821387057,0.002532648728259491
PAT_1390,1346,PAT_1390_1346_709.png,0.19619999999999999,9.129974861474157,0.9507162665484866,115.31899812799982,37.99722187144842,11.21353706276045,165.01205960348528,158.45580250031568,0.7741770828586627,0.01022179497270463,0.004838871477972471
PAT_1495,1708,PAT_1495_1708_278.png,0.14699999999999996,10.086104492043374,0.9607199270873307,63.29692009226141,4.626192854483732,0.0,139.6441064050158,120.15851649263001,0.004006641798378396,0.00028411739402351864,0.0003979050166075888
PAT_1148,542,PAT_1148_542_708.png,0.046560000000000004,8.208298144080812,0.9780631367294567,136.93064606436477,100.0,0.0,117.70120922384702,77.64401715410574,0.007135459572289005,0.0041052731969627295,0.013780842284680817
PAT_935,1783,PAT_935_1783_687.png,0.07243999999999999,8.941212674674853,0.9628441122802147,132.45732312404147,98.98545176110261,0.0,201.0361791730475,124.12344126011814,0.0033394152888273076,0.003936230508509503,0.0033502522953433216
PAT_742,1470,PAT_742_1470_425.png,0.34414,14.554346617200192,0.8652994088129273,122.77932902347925,82.00814111261873,0.0,125.57538879031416,90.1648470932053,0.039019996793612566,0.010626457807813681,0.010391536276757634
PAT_141,209,PAT_141_209_438.png,0.0786,7.9851310057805716,0.9459616170074308,54.69103744106193,100.0,0.0,207.06090846524432,120.73193392980042,0.0001819122090538361,0.001377151781493174,0.0016064083636557738
PAT_1969,3980,PAT_1969_3980_995.png,0.06608,8.224925933708587,0.989186541899046,44.80531374600106,98.64673168372693,0.0,150.27841541065527,109.62334972193116,0.0005098302494068729,0.004302854372159755,0.001202745424023389
PAT_626,1187,PAT_626_1187_34.png,0.37120000000000003,15.931697451101174,0.9410339380240123,85.19908852816687,100.0,0.0,181.20702111257754,99.72697332574556,0.0007207349866329427,0.0007489708602787153,0.004975352593643587
PAT_170,264,PAT_170_264_785.png,0.10282,8.446479884030992,0.9686627566593252,58.981341352090425,100.0,0.0,176.94914194400056,84.7882303897728,0.0001791626309021188,0.00280661262081116,0.0015906419565557938
PAT_1884,3730,PAT_1884_3730_813.png,0.19746,8.304303816392808,0.9307444993220783,56.13376223651453,62.50779787897692,0.0,180.77542108546476,159.92451653150343,0.039651574410257906,0.0017698748078316575,0.0017717706529659452
PAT_1705,3143,PAT_1705_3143_139.png,0.14196,8.407470283556988,0.8841756877028529,59.204190643114735,100.0,0.0,192.81342913776015,151.82160555004955,0.003342981185584404,0.0001634444982009315,0.0008474210809534055
PAT_1026,124,PAT_1026_124_346.png,0.08297999999999998,7.660040366914593,0.938375010896863,38.050758786589405,100.0,0.0,211.63321625689915,135.95132965378826,0.0001637747811318313,0.0009745908305547491,0.0009288919295545322
PAT_559,1093,PAT_559_1093_774.png,0.15486,14.24318578057319,0.917737768367442,81.45021440425504,85.27581928891405,0.05632706775341578,139.5110138261052,115.56268092396762,0.03208747663034173,0.0060324710853278795,0.0026551420224173537
PAT_2011,4140,PAT_2011_4140_787.png,0.10032,11.249317782735158,0.9573304074548141,57.73256855446344,100.0,0.0,220.07127301524451,127.80855276182935,0.00021292818189633245,0.0006833536052268644,7.508511638203868e-05
PAT_1229,794,PAT_1229_794_274.png,0.26174,11.688441760225093,0.9192299074268125,48.23767243076343,0.6506346877591376,0.0,227.17471454997767,57.04672450086113,0.0002904875921692085,0.0004422649423451936,6.194232271474006e-05
PAT_677,1349,PAT_677_1349_541.png,0.58658,20.59460585547163,0.7750432222078628,121.4079234834846,99.98702444594385,0.0,187.59274926039342,133.1239424923444,0.0067553154143963345,0.006761415794817326,0.005503717070032227
PAT_897,1710,PAT_897_1710_793.png,0.2408,11.435326772476175,0.8723007495762725,40.83622760669666,100.0,0.0,156.38632409467934,68.08737204127048,0.0006065553302038174,0.0015246753805217529,0.0006631564167995938
PAT_482,924,PAT_482_924_134.png,0.1739,10.202858253131435,0.9594379834028055,27.321916153367784,99.99664198525832,0.0,152.06581708893702,94.77620510754042,0.0021959042791783734,0.0043791877385592915,0.005486669299108457
PAT_343,717,PAT_343_717_927.png,0.29538000000000003,12.797703593513809,0.9121268355517307,127.6624760974436,54.11441833375985,8.05058197509729,170.0867976809241,159.26237855296017,0.19782918702813113,0.0008253946205725952,0.0022746905943052515
PAT_1349,1229,PAT_1349_1229_828.png,0.10616,8.487873229312092,0.9627242105874628,99.89880847743758,100.0,0.0,199.36745847086198,74.1569179156972,0.0003460164269425414,0.001878187096099777,0.01592423118502491
PAT_2011,4140,PAT_2011_4140_988.png,0.41259999999999997,16.419397480209305,0.8766519465642466,98.97980396117528,97.08676874754613,0.0,189.62512760109934,114.85810757754221,0.000975640135201461,0.004297821431066875,0.006296889581641624
PAT_904,1737,PAT_904_1737_511.png,0.10672000000000001,9.326529063526829,0.9501550536223433,97.01060859898341,100.0,0.0,178.53320372454723,117.76429619018384,0.002919967467765461,0.016597989250697446,0.002521375486765673
PAT_1633,2855,PAT_1633_2855_594.png,0.26942,12.17951907772791,0.9043848898643235,63.283342920062964,99.99619021817351,0.0,165.63540811229544,115.40544121506642,0.0,0.0,0.0
PAT_2068,4424,PAT_2068_4424_995.png,0.14114,10.945323274196936,0.9403553420763424,107.47088493959217,96.88174467673872,0.35327341644385746,156.8509057329081,115.26516981820915,0.006069526048685714,0.0050318154395364405,0.0012636768896617935
PAT_1476,1657,PAT_1476_1657_788.png,0.11743999999999999,8.674985519820849,0.9534607832621961,117.37368625388325,98.6620885626332,0.0,235.92404688609992,138.28871655221405,0.022107129401235714,0.003847990259458327,0.005697338469125246
PAT_582,1363,PAT_582_1363_358.png,0.11798000000000002,8.905197176122838,0.9620638341568123,101.245313597412,99.85256173977147,0.0,220.6459434000901,143.27742965966334,0.006593004926304213,0.00854727801237663,0.00498909272153022
PAT_849,1613,PAT_849_1613_824.png,0.09434000000000001,8.34167719842423,0.9863216240775323,48.5035662931117,24.468306777612625,0.0,178.3453262394599,80.01937849889563,0.0008205938743048868,0.0050718826508411845,0.0004785483503452566
PAT_614,1166,PAT_614_1166_885.png,0.28742,16.656120431055474,0.8167730165972726,135.47459372626196,81.27125766847071,2.0344521510993108,90.10606643782353,63.02616509697032,0.005042349247994737,0.00870626663019526,0.008411130283074109
PAT_330,698,PAT_330_698_302.png,0.07072,8.223293168251491,0.9902277211629233,101.35838867683779,99.98364163400446,0.0,204.87630457968814,138.10250152132804,0.007121954482905424,0.0071843611885979205,0.0005003498997863035
PAT_1107,427,PAT_1107_427_352.png,0.10604,9.336485070146928,0.9769800479941693,71.22867809815463,94.84163822962617,0.0,108.18891051455572,70.35527840556234,0.004651818926309059,0.00544521794052289,0.0027578193794118677
PAT_522,985,PAT_522_985_991.png,0.10456000000000001,9.329917789130969,0.9804246641730671,110.29995937780649,100.0,0.0,154.06211840260505,110.71844330876034,0.0025981238605822243,0.008656182720059698,0.0053191426105902795
PAT_268,413,PAT_268_413_643.png,0.12774,9.051829205044891,0.9615452321830732,139.46192168525542,65.74585993874267,8.845649691117687,113.95953706587758,98.87587603177076,0.0959029751040319,0.0064272878277277555,0.014297056509435436
PAT_1303,1077,PAT_1303_1077_501.png,0.11972000000000001,8.872663056961821,0.9667016140539592,64.71833085792714,99.95704774858616,0.0,189.78058558236094,84.99756603908655,0.00023244319844484274,0.0009432291198451754,0.003195055192655092
PAT_1309,1096,PAT_1309_1096_393.png,0.18516,10.279205833482228,0.9428758976778873,77.07312263612951,95.69419545925241,0.12693605317952544,131.24718012671335,103.01459764611565,0.026208234889270487,0.006299803988950047,0.0070132986097710135
PAT_1842,3615,PAT_1842_3615_850.png,0.18622,9.25948617561693,0.9647738633714961,94.0389241948183,1.3155479410145017,90.88294682738787,66.2544820412409,87.56782720430765,0.0,0.0,0.0
PAT_467,904,PAT_467_904_535.png,0.23164,10.312664598648704,0.9490079874439769,91.66465888833598,82.26641242168347,0.00227004449287206,123.69445201125941,65.14407972396259,0.009153698055985648,0.009704202831640552,0.0012483600330760844
PAT_1980,4018,PAT_1980_4018_929.png,0.35736,10.572309053906585,0.9517708907572261,91.01176939033945,100.0,0.0,191.17851846069783,113.57907267192256,0.003390906370390856,0.004331091092118592,0.0023412940276330706
PAT_1460,1598,PAT_1460_1598_959.png,0.08888,9.461851290594254,0.9722327438986066,59.709801118368524,97.52825038900083,0.0,161.14912124072137,133.5466418386348,0.0005957095800169787,0.0001441013045692528,0.0015578686176612726
PAT_1280,972,PAT_1280_972_727.png,0.34388,17.686104024673114,0.8025353194426458,127.71939265771957,99.38296420257473,0.0,187.82668150045654,138.76675891040205,0.00031671108614572674,0.0011744442505918031,0.0018316244135482926
PAT_809,1527,PAT_809_1527_902.png,0.14604,8.654262124096078,0.9004787503183688,111.03500882367806,92.45202558635395,0.042643923240938165,147.5547974413646,106.86908315565032,0.05367351051500846,0.018965279627211645,0.0057072769235969895
PAT_1288,1003,PAT_1288_1003_969.png,0.08114000000000002,9.014694475490932,0.974672972009197,96.01449770115426,99.992905173705,0.0,107.70790994300489,85.33463536534414,0.005532850617493201,0.0017597329007134207,0.010565324186963336
PAT_1418,1448,PAT_1418_1448_307.png,0.27068,11.007078825539155,0.9189536079699888,87.40347451806905,99.41758881770531,0.0,150.0436808386721,96.52572316055135,0.0018652185264914634,0.002038653787194609,0.009169487088605129
PAT_344,718,PAT_344_718_206.png,0.118,8.485739413838731,0.9714551948174921,61.0335099694156,7.810977590126665,0.0,82.97426112374147,27.311464761286132,0.002895206265059125,0.004946376243690768,0.005969971178350963
PAT_754,1429,PAT_754_1429_380.png,0.11002,8.965611015921427,0.9823027922486182,123.33407334689805,57.12037616590487,0.5278296746529352,109.57995832736799,79.05183817482865,0.008061838128747612,0.0031491591299950498,0.0057799107960120515
PAT_834,1572,PAT_834_1572_973.png,0.23370000000000002,10.1245824269272,0.9399262892522713,45.01587445362054,99.28641595462717,0.0,123.44062424702982,98.20842214520046,0.00965013822423122,0.005116545016751962,0.0017143351724715242
PAT_1082,342,PAT_1082_342_705.png,0.18203999999999998,8.206255109081516,0.9426813940134134,69.7109625286571,98.02793755135579,0.0,137.65529991783072,80.58052588331964,0.001421793810201133,0.0031718308375199675,0.001086111473017237
PAT_2140,4726,PAT_2140_4726_141.png,0.33882,12.755061476398769,0.9616861452229962,89.66260541746655,99.58259619637329,0.0,220.4886941618753,134.30686090225564,0.0017554424806222046,0.001268402599944843,0.0003010369123054902
PAT_312,668,PAT_312_668_480.png,0.15655999999999998,11.371300978953538,0.9392027165769078,125.65866530774082,100.0,0.0,213.91477964450937,109.50382274166058,0.001004267520277824,0.003675248175938909,0.006417822927884435
PAT_557,1058,PAT_557_1058_309.png,0.08534,8.411154703487673,0.9896766811831891,135.77530898107653,93.22409386892846,1.6480864632206917,174.47646551519514,124.21618178797206,0.03900006533419753,0.025729061426187777,0.0023784281417748463
PAT_983,1854,PAT_983_1854_274.png,0.23245999999999997,10.591779504381584,0.9281982581662599,153.65409272980818,71.88920407872688,0.0,155.60882993987053,101.11240046876883,0.013901892541323346,0.006760490836002679,0.018189997258444536
PAT_522,986,PAT_522_986_305.png,0.12316,8.33153485007624,0.9740291344918631,104.3631082964937,73.0053349140486,1.973918197984588,159.88761114404267,131.2254890337878,0.031011709351265626,0.01062760176971192,0.004994090669356569
PAT_633,1199,PAT_633_1199_745.png,0.20617999999999997,11.556766810826067,0.9709201698257928,93.14780578390145,92.416391196879,0.07891837160129843,154.76318532416093,113.97866225915007,0.0038608762434649835,0.03176086102163276,0.0009002442176747904
PAT_114,173,PAT_114_173_213.png,0.37434,13.23101550470394,0.8801843366244764,120.73687812922356,99.82895210658984,0.0,196.34236586244148,102.21696074900973,0.002147173074330988,0.006439826675168112,0.013486578036810318
PAT_272,420,PAT_272_420_10.png,0.16321999999999998,12.89738905730599,0.9184806484732194,140.93655049456999,85.91196250254738,0.0,175.9716621466978,113.63978304149488,0.004436850684113924,0.006127064760064266,0.002702679103023208
PAT_1371,1278,PAT_1371_1278_533.png,0.23084,11.891918968235718,0.9034322644766479,42.616694504297335,96.81832643970728,0.0,106.18144216585196,77.46391692939577,0.006279270574314211,0.0010380618554326742,0.0007808123985991369
PAT_669,1265,PAT_669_1265_76.png,0.10772,8.931694063230795,0.975407269383351,92.27549094055071,23.950366714331842,28.080631025416302,151.4105078647539,149.53830896259052,0.040230791009968736,0.0006792266149102801,0.0008171799277023748
PAT_860,1641,PAT_860_1641_998.png,0.11931999999999998,8.731827715768388,0.9653943930833649,62.76099928145261,100.0,0.0,136.04866835764108,92.58201225956458,0.005835796486189704,0.008884127428471346,0.0009543151759419914
PAT_167,258,PAT_167_258_711.png,0.25716,9.483089668982695,0.9682942305510029,159.29751514441398,99.97850040311744,0.0,175.4830959419511,56.39118516527815,0.0010316583969121051,0.024836527510826767,0.005902866399120856
PAT_38,53,PAT_38_53_198.png,0.10590000000000002,9.017580845636846,0.9567057614982047,108.63118248631181,99.49392074924927,0.0,140.12322294785915,83.21925201066756,0.0033369488645537126,0.00400886635612448,0.015658839739635524
PAT_1636,2869,PAT_1636_2869_739.png,0.12878,9.825048696604906,0.9585373489116351,80.99162564919902,100.0,0.0,142.53274166678952,97.3120638056346,0.0,0.0,0.0
PAT_330,695,PAT_330_695_296.png,0.12644,10.177088603339502,0.9853077801704176,126.98912618403024,99.56137518565801,0.0,202.50281902131528,113.94254660699117,0.0009213065417138511,0.00923509024598129,0.0020046744447111712
PAT_387,786,PAT_387_786_213.png,0.1269,12.506208940847841,0.9392791325368799,135.95123613387344,99.71494298859773,0.0,150.78838267653532,69.89195339067814,0.000798157206876593,0.0077245286184716416,0.008821191864166847
PAT_326,690,PAT_326_690_823.png,0.06478,8.715543635544615,0.9659948482482188,82.10501129206875,99.56977273877612,0.0,178.55772637546187,112.61856557169611,0.004793568305515694,0.00916679035521568,0.0006559280157572178
PAT_529,994,PAT_529_994_419.png,0.10062,8.830296017863308,0.979985155623712,126.16011793264026,100.0,0.0,185.02735159372259,98.47064041329564,0.0007049596127076674,0.01312742004229515,0.004962981683625876
PAT_416,826,PAT_416_826_123.png,0.41838,12.579153411687976,0.8829528419763658,106.08720835443525,100.0,0.0,180.9648428769389,92.02866434222878,0.00040172397021320805,0.005930954849879111,0.003101165597682922
PAT_193,297,PAT_193_297_295.png,0.36541999999999997,13.098853209577891,0.8919826754346704,91.13039132044128,96.6049632204349,0.0,196.23975426400452,142.79395360116402,0.0009392681005468972,0.0024990366641720616,0.00038846953351112407
PAT_947,1798,PAT_947_1798_946.png,0.26742,11.431312031672554,0.9091332434945305,64.75933906398535,74.69538274374132,0.03944342007717604,155.63027733951756,142.04243256600833,0.00048606716894583624,0.0005889376828398882,0.00017040717545486038
PAT_439,2887,PAT_439_2887_834.png,0.16333999999999999,8.466723261128191,0.9694678068495334,55.945881880631504,74.73858007705009,0.5044945881489635,156.80966795083472,142.9809209319391,0.022837686225266607,0.002898155044580838,0.0015101151327269694
PAT_308,661,PAT_308_661_184.png,0.43202000000000007,24.596261539649323,0.7004556555675907,142.32460583657107,99.81309189735153,0.0,151.43993169263769,94.31311532594378,0.0020268269218295387,0.0084079982168965,0.013036044892613008
PAT_1639,2879,PAT_1639_2879_744.png,0.08396,8.743180444429038,0.9775327092973894,129.38261465470956,88.17387598551034,1.7392925633922862,93.3890901342425,71.73433837630513,0.05258404337266609,0.01662473722523101,0.013587432638883226
PAT_2043,4308,PAT_2043_4308_681.png,0.43309999999999993,17.607171907010127,0.7952031908688222,90.39477176443155,57.67493511678978,5.745907366739869,154.34184717508484,142.51955230584946,0.15707216532184087,0.005606282235798032,0.004263318460875736
PAT_1688,3066,PAT_1688_3066_491.png,0.18534,9.526141405073972,0.9345608906986106,159.46759341751834,73.2807488249178,8.137822517197554,157.5540537814448,134.62633394525025,0.016120523451668145,0.0029732494955715338,6.46548897516092e-05
PAT_1124,489,PAT_1124_489_151.png,0.14436,10.574361332146921,0.924789238234423,42.85597334011353,34.49757379700769,7.121916700363931,153.81548220784472,146.860922968055,0.0,0.0,0.0
PAT_859,1638,PAT_859_1638_598.png,0.31592,15.507948576056448,0.8176309885757806,67.63103543809501,92.89471922896728,0.0,108.82920152600228,67.55829596412556,0.007254212708083241,0.002120587195504933,0.0024847438772761005
PAT_1482,1677,PAT_1482_1677_382.png,0.16616000000000003,10.004655728693985,0.9381513889010163,97.95979651862143,77.82513815624215,0.0,147.9549657749309,95.14648486561165,2.3474482653162987e-05,0.00423499920741503,0.0019326830102469475
PAT_813,1619,PAT_813_1619_543.png,0.1945,9.735066742516763,0.9578410068161615,100.96342758120353,100.0,0.0,156.33328227384902,90.71467960173602,0.003704955522374709,0.007003480795062263,0.013464990921889172
PAT_1989,4061,PAT_1989_4061_934.png,0.23041999999999999,9.225956760109558,0.9753387131548684,50.580595372297516,99.68051903369295,0.0,155.23071440859158,122.88390553193581,0.014085984690367703,0.004194643307759581,0.000919556767274584
PAT_802,1516,PAT_802_1516_510.png,0.28900000000000003,13.940309888355157,0.8823033728149906,97.75845285925485,94.74916594044066,0.0,143.92921717238406,101.81263369160483,0.001815417873211933,0.0011186973434749476,0.0005046553581785359
PAT_451,878,PAT_451_878_634.png,0.33819999999999995,15.494569682112859,0.8024915144884298,63.60078282542905,94.31557450897952,0.4096342122650009,143.836122289627,119.01328608324825,0.05293003300645316,0.004180605168006629,0.0002783066920880616
PAT_388,1590,PAT_388_1590_169.png,0.07322000000000001,10.161315317091438,0.9686666661587952,89.03685800942303,94.92117620751341,0.5059257602862254,153.93459302325581,108.07028920691711,0.04458986769456319,0.006895053782971619,0.0020739166115981305
PAT_341,715,PAT_341_715_180.png,0.12874,8.493538326979516,0.9815009690880767,71.29829236537927,28.674324451558235,0.0,160.34673445689359,86.86415277908546,0.00022280714440314764,0.0013780675055081629,0.0024504200143859113
PAT_430,848,PAT_430_848_550.png,0.1676,9.602485308021507,0.9435538891023139,72.81381178261763,99.22940381784366,0.0,166.46728298206182,125.65085692476389,0.01260882993265311,0.006327768736574443,0.0011846036587831114
PAT_145,216,PAT_145_216_158.png,0.14550000000000002,8.617742193567093,0.9873047317015758,165.08161310455156,96.4478752604507,0.13993218670951768,147.82739902970098,74.27018444907468,0.00516541374973678,0.012837863167528935,0.014471089257177983
PAT_1305,4097,PAT_1305_4097_251.png,0.08275999999999999,8.049500456167511,0.9686356444057935,82.78204213786012,100.0,0.0,179.6270056060313,108.33597525613764,0.0008125047557070442,0.003959432222566336,0.00538734477669877
PAT_1772,3346,PAT_1772_3346_66.png,0.06354,9.066205600376714,0.9762620013675944,136.0717696407074,99.67925954775596,0.0,161.8972714151527,81.42051364292423,9.668537698515056e-05,0.01117783855254737,0.019463958738267083
PAT_527,1360,PAT_527_1360_225.png,0.06682,8.208412398638469,0.9864696383947743,112.46977215640302,99.78715242114122,0.0,129.00654630053583,71.20146889579131,0.0012707958845296075,0.008756931852616653,0.015829461161572043
PAT_242,369,PAT_242_369_930.png,0.09942,7.931228482491561,0.9516273295784031,57.04854690523971,100.0,0.0,194.9023995686169,98.66540846589378,0.0009251254032427436,0.0015251562874526196,0.0013753203566533472
PAT_1586,2623,PAT_1586_2623_989.png,0.1728,9.675971810599632,0.9136700073130117,59.47466580320084,100.0,0.0,172.8358695652174,88.8375,0.0016959882147455918,0.004497202842349248,0.002976391882431174
PAT_40,56,PAT_40_56_160.png,0.11166000000000001,8.461907717924603,0.9832520884009308,75.05230154653027,99.99191739578492,0.0,144.82482976014873,78.0501727656651,5.113311335114279e-05,0.0009662319593901123,0.0014754700279752157
PAT_269,415,PAT_269_415_906.png,0.07680000000000001,8.980775524614957,0.9490655845409862,102.76502267096822,96.81571169796929,0.0,148.00457622270952,96.12575078653828,0.00044074028061813486,0.015055459856530113,0.003876787618376717
PAT_1301,1063,PAT_1301_1063_739.png,0.22203999999999996,11.014527232730298,0.9277584270636702,51.61992086315647,99.89211957659349,0.0,179.95988780435965,142.90531963198285,0.0020871845678449574,0.0005511351818754921,0.0004834371525506089
PAT_1492,1705,PAT_1492_1705_728.png,0.7216,9.248507803876958,0.41624869726180513,88.52306600266205,100.0,0.0,163.42483803113169,99.94206142196046,0.0019997127702150452,0.0016608898643313403,0.0020836770993696344
PAT_251,382,PAT_251_382_240.png,0.20282,11.321641384177088,0.9357367309602996,97.4739588845347,99.73696924150518,0.0,186.20146008910837,116.04036716946696,0.0008633032919038719,0.0009827436848141176,4.11779215402149e-05
PAT_2090,4532,PAT_2090_4532_178.png,0.27290000000000003,12.125699983643763,0.9644476410463175,58.28431959414224,99.99529964747356,0.0,150.9697062279671,102.92486486486486,0.0014732250948017445,0.007146355191818842,0.0005060121644712472
PAT_2016,4155,PAT_2016_4155_600.png,0.25932000000000005,10.314273569819086,0.9129663743701627,95.64789925506479,55.52972965120502,3.309266818716679,132.51630663741884,112.17545796591949,0.404488111256758,0.0081795972758328,0.006923450443705745
PAT_1944,3921,PAT_1944_3921_281.png,0.0866,9.004651935859117,0.9833412773755217,82.04774073356525,100.0,0.0,216.915531435574,134.27690578311365,0.00013181176586307686,0.0023208677918835447,0.0011318220621799448
PAT_328,692,PAT_328_692_681.png,0.07408000000000001,8.973974219652977,0.9766169297275324,160.15691041265825,99.52905998878714,0.0,170.55223322743413,102.24223509624369,0.003246114988303739,0.032569480274326774,0.019440439538797604
PAT_681,1299,PAT_681_1299_458.png,0.1404,8.624429028484021,0.9656023349952211,160.1984512705463,82.07052186177715,3.052186177715092,118.03593794076164,92.71102961918194,0.044948079977821354,0.012178939506116294,0.011307966593461678
PAT_274,423,PAT_274_423_374.png,0.15214,8.759394369151376,0.9786416090199614,68.47802143297262,86.06341537724967,0.0,162.46839024177928,140.28456399207852,0.03348856013605084,0.0024975670260160253,0.003465875384441401
PAT_1105,420,PAT_1105_420_520.png,0.29802000000000006,11.581323776195259,0.8933126682948233,47.50385739305992,65.8718165559884,0.0,108.75211767478615,88.94392147620302,0.005277407487160213,0.0009200504463295774,0.001814013043930705
PAT_1837,3608,PAT_1837_3608_851.png,0.08878,8.560545652981242,0.9876319479738951,56.56605232196647,99.39739901442067,0.0,119.54707820199839,69.91225076913304,0.0034748703227232003,0.0035024157873726944,0.0014518517571879277
PAT_1453,1566,PAT_1453_1566_310.png,0.19241999999999998,12.586749084366211,0.8466782779195009,65.38218326103713,99.97609942638623,0.0,143.7841778202677,70.00047801147228,0.00034682152242515585,0.001654247959431971,0.0009318128366500281
PAT_1498,1719,PAT_1498_1719_816.png,0.3221,14.435801904048908,0.8838414139388467,95.04075851971557,99.94381138606073,0.0,140.16004764794462,95.25439956847144,0.0,0.0,0.0
PAT_1184,678,PAT_1184_678_86.png,0.07706,8.495418191843557,0.987063011917496,82.65587855562553,99.28669589686538,0.0,157.85656697860088,122.47884300765656,0.0,0.0,0.0
PAT_197,301,PAT_197_301_449.png,0.14992,8.398611367619983,0.9600902685169282,94.29740208653011,99.13249211356468,0.06309148264984228,111.59542586750788,70.01261829652996,0.0005958021384911971,0.007864878434875202,0.0007781707940972694
PAT_1013,82,PAT_1013_82_876.png,0.06752,9.663320946314046,0.9859155849968931,79.88862099807835,91.58888866490616,0.782147680770859,159.82506501098635,131.4389199104965,0.009067095937554503,0.003896878179168269,0.0004041112062533374
PAT_1937,3897,PAT_1937_3897_131.png,0.14597999999999997,9.04281942867799,0.9552998209297896,113.15405006153856,54.36961668261724,0.0,170.7965043066539,117.34191306099834,0.006808116778746709,0.004334406062757621,0.00722227011904803
PAT_290,445,PAT_290_445_988.png,0.13646,9.544025387888592,0.988246253952324,123.22858819869879,100.0,0.0,159.92677456327564,62.13015769504387,0.0008325879895878519,0.0010467350585414946,0.006663490292394602
PAT_123,187,PAT_123_187_164.png,0.19777999999999998,10.009253041695377,0.9352162045084921,126.83705798307679,99.82803517908908,0.0,185.31435169262517,97.19368152115167,0.0008970922518529711,0.005400649603156632,0.000283520566902264
PAT_943,1793,PAT_943_1793_256.png,0.14864,10.012475579645294,0.9454924993309011,114.01397134734,92.43465483205439,0.31874786635595864,133.87557886690513,107.95259970611373,0.02446075231381939,0.010960779165360488,0.008096690351533658
PAT_2131,4683,PAT_2131_4683_112.png,0.22878000000000004,12.534689065486294,0.8678340277507054,74.6734504268229,91.59296184017252,0.0,157.76391536706566,130.22052067381318,0.0021406092859467263,0.0027628210033468,0.0018663557629903969
PAT_219,336,PAT_219_336_376.png,0.04466,8.315372165196463,0.987697671373353,207.47574259800638,64.85822737724874,0.6053023129987827,188.07813556742866,133.80417709319627,0.014569351687741094,0.0015595749408828991,0.004263920599940056
PAT_1940,3902,PAT_1940_3902_876.png,0.08688,9.007877348379909,0.9629852634884569,69.17322660073772,100.0,0.0,186.9250703626998,113.89092453932345,6.849123894059339e-05,0.0002683832033179213,0.0012950908891532112
PAT_717,1347,PAT_717_1347_899.png,0.09276,9.982890206809774,0.9512193374906831,114.28939945703665,53.7720369838076,19.317093034396855,110.79075045511162,89.20368640413912,0.40245064730430036,0.008968770694159623,0.012839147543882204
PAT_1423,1472,PAT_1423_1472_18.png,0.14658,9.36217314351011,0.9402923262558069,78.6145377760896,9.427178549664838,0.0,148.98689823278488,139.43113954905544,0.1339330749827251,0.005535879498043714,0.0038757457362532583
PAT_459,892,PAT_459_892_804.png,0.18302000000000002,12.579730010684827,0.8892584346060388,152.7157620530052,98.44718570034576,0.0936313744070483,145.3563576267267,94.27536648786459,0.0008734587040376551,0.000930729828666104,0.0009466552294074646
PAT_72,110,PAT_72_110_647.png,0.11161999999999998,8.144617993721328,0.967694673539992,118.08989356708919,98.39327648003955,0.0,141.60758867877888,91.29650228649116,0.006504175444951743,0.01868531054673624,0.012237168283029723
PAT_513,965,PAT_513_965_496.png,0.16920000000000002,9.714144186724544,0.9580013128895951,105.01420864551923,99.96546535435013,0.0,181.9597548040159,86.40696613137966,0.001100754134259141,0.009344833206863268,0.003936964297115629
PAT_771,1489,PAT_771_1489_345.png,0.11142,10.228944186319639,0.9538256185147425,89.43611849712877,97.8848590911834,0.0,187.35237764769778,157.91955072113933,0.003808272937958934,0.003992864249296442,0.004648885240692443
PAT_1411,1414,PAT_1411_1414_355.png,0.1004,9.32663604267718,0.975831406013304,80.51004331471148,99.95307229799091,0.0,123.0240211174659,89.98383927262061,0.003401895466899285,0.007877103876385098,0.003247958808044814
PAT_1946,3924,PAT_1946_3924_24.png,0.16232,9.430727820289183,0.929290047311742,49.81613290808691,100.0,0.0,196.2344902978956,121.82139928942334,0.0002222746601718839,0.002842436580856365,0.0006412429114081382
PAT_442,863,PAT_442_863_795.png,0.09219999999999999,8.517056248692707,0.9760717095749553,81.87375401765186,98.5036998231943,0.0,183.0839172287342,132.65670224608735,0.003373573610028213,0.0016830598171186236,0.0005857627967309522
PAT_370,758,PAT_370_758_322.png,0.16765999999999998,9.03525138833274,0.9365499528894287,87.43761794035785,99.04988123515439,0.0,217.6482060257532,133.09751218902363,0.0031286871574818242,0.0028527337611742427,0.001933643166707904
PAT_827,1599,PAT_827_1599_248.png,0.0763,9.010996631407465,0.9776027709186579,85.77400334737631,99.48497854077253,0.0,155.40637173984814,96.90048695939254,0.012069195394724286,0.011062959598874739,0.004442547823417427
PAT_1975,3999,PAT_1975_3999_453.png,0.08784,10.574032344106406,0.9423328081092597,37.30280357516187,100.0,0.0,77.27475209583662,55.30875711876997,0.0003693150334418416,3.87430957802763e-06,0.0002940555894509773
PAT_155,238,PAT_155_238_413.png,0.34424,13.27788269525746,0.8177862859506505,198.7946184714967,99.7431946584489,0.0,176.76748110646415,98.41551104262969,0.001979783220249165,0.01604509716919818,0.03592631666970406
PAT_1245,845,PAT_1245_845_32.png,0.12592,10.740465533881355,0.915840014596042,77.04933890233592,99.85666227877724,0.0,139.37016235190873,67.50753254351324,0.006647224143196517,0.004183508073464724,0.006581447286370559
PAT_1707,3148,PAT_1707_3148_237.png,0.41064000000000006,24.011447239276073,0.7206154941836619,72.2124371817103,100.0,0.0,141.62792435178628,99.36173931121405,0.00039734726488493965,0.0015592093964421118,0.0003168363945956194
PAT_162,252,PAT_162_252_773.png,0.17494,12.757785780123376,0.872381257274251,111.83986587960847,63.628521459633205,7.887833238797503,156.15727807714123,132.44459018718095,0.0879716850780653,0.019146882031409688,0.0052573683692603195
PAT_1451,1560,PAT_1451_1560_616.png,0.04376,8.745152525461366,0.9712158511796642,130.43133918607023,98.74797419682862,0.0,127.80961157541284,59.00291291959282,0.0009434383908897281,0.008954842229681157,0.003324211740498382
PAT_109,868,PAT_109_868_113.png,0.10684,9.884553603939336,0.9612048703522337,72.73170033131822,99.97879661131297,0.0,97.50473221083878,48.492294495793054,0.0004993043609368142,0.0036575468432078068,0.01118389402461405
PAT_480,921,PAT_480_921_1.png,0.06172,8.716899410356437,0.9814702501968233,105.03231384319538,99.57540950635769,0.0,221.77145858008,113.89266799258084,0.002428300878652756,0.005072675759911602,0.0016288378425432985
PAT_1122,479,PAT_1122_479_664.png,0.06620000000000001,9.248218243200723,0.9547327084142375,84.96607276044341,18.21106821106821,0.10456885456885456,146.38264157014157,126.26295045045045,0.007849715793525891,0.0008416759141648782,0.001212091405683909
PAT_1247,852,PAT_1247_852_178.png,0.09678,8.666028131477272,0.9793777211671006,33.07576387599601,61.545789520985,0.0,130.55707737934753,120.64840478116294,0.010815530948579344,0.0008633435599993822,0.0003271821718545146
PAT_1243,837,PAT_1243_837_806.png,0.12142,9.533406184063494,0.9431916190213415,111.1825662220604,93.4679308910154,0.0,131.90406639367595,95.39794600039416,0.015357979943566802,0.01123483302264634,0.0064253862138992516
PAT_793,1512,PAT_793_1512_382.png,0.15232,8.381324840673496,0.9755820920252072,81.64090022179847,98.53865859338612,0.0,147.63978807638566,91.16010712622264,0.0012491655847608474,0.008979615134854976,0.004416879156280183
PAT_1370,1273,PAT_1370_1273_41.png,0.08486,8.768588384318427,0.9865021297516515,56.501213036056335,73.32670796946694,0.0015858583722749668,151.66114752711817,98.04807265345823,0.0025676741562079552,0.001896999944533396,0.0018130721252675422
PAT_406,1542,PAT_406_1542_754.png,0.09069999999999999,8.34419534909918,0.9909812415631472,50.740671480466,99.82509838216004,0.0,112.05858006241353,57.475666512928946,0.004797681199084303,0.002829630426861932,0.0021504473880606364
PAT_395,795,PAT_395_795_43.png,0.23375999999999997,10.62538780762995,0.9288170643138909,83.11686324878332,100.0,0.0,145.7404827028608,104.66322616160052,0.0030738911485058695,0.00509478726457108,0.0024723301690713143
PAT_806,1520,PAT_806_1520_708.png,0.12969999999999998,9.389167890371086,0.9806004892123321,53.56843722179937,99.92618715656523,0.0,181.97413269908964,116.819355367834,0.0016166714724399345,0.0012485424395290014,0.0001635423752638888
PAT_872,1708,PAT_872_1708_841.png,0.2557,9.567357854476194,0.9243563468629347,103.45269185292366,88.7773035400452,2.8872709013306554,187.94777805674116,170.0185789605825,0.14479185651479531,0.004236452064402748,0.011547409448383944
PAT_397,798,PAT_397_798_482.png,0.10632,9.274236286299235,0.9735833227444398,123.88946685956513,72.43163356954787,0.684926994556159,147.67089027333395,123.90315716428366,0.0007879502928087589,0.0008393636544167806,0.00140571605987947
PAT_1718,3202,PAT_1718_3202_152.png,0.2022,10.832106997340706,0.9397858472921424,95.49023908318445,100.0,0.0,134.24808916360962,75.60619697593178,0.0006339105028154712,0.0017095870479189794,0.0032643431507335314
PAT_463,897,PAT_463_897_440.png,0.1567,8.902611515233005,0.9823196411109036,70.42594811300343,61.812627291242364,5.0378511316911965,116.09226453521885,104.40535295699958,0.06658717082073096,0.0017893289322297582,0.0009867699322752303
PAT_75,113,PAT_75_113_165.png,0.13962000000000002,8.644014358301652,0.9723214289031579,68.78353204602404,99.3865677305114,0.0,183.5578650027404,129.4779923268266,0.0094109935614477,0.0023458761354060425,0.0005028965497981132
PAT_2129,4680,PAT_2129_4680_110.png,0.30123999999999995,11.997180206980682,0.9534659144720323,80.3567987273382,97.54941881987118,0.0,93.50514548012141,74.70504183016214,0.0,0.0,0.0
PAT_633,1199,PAT_633_1199_218.png,0.09625999999999998,8.41955319108238,0.9594605373072738,123.0786029249378,98.09760132340777,0.0,169.5224152191894,120.25004135649297,0.0025905288788475866,0.007885488831565363,0.0022302028826415177
PAT_340,714,PAT_340_714_68.png,0.1024,11.16367913471712,0.9217683173946921,128.3213562020061,7.091646818034926,87.2711422837696,61.95995164514237,101.98611593196807,0.1290208198809596,0.024252993517596508,0.015316794508364543
PAT_364,749,PAT_364_749_377.png,0.1435,8.811327756260418,0.968567114148051,108.26757768239324,88.55601767611125,1.1469976605146868,142.63325318429946,110.8677540940993,0.02146617577973886,0.012523111452775756,0.004867995938898146
PAT_1551,1889,PAT_1551_1889_948.png,0.0518,7.956935302014482,0.9645003100971664,90.71394629080076,99.63992798559713,0.0,181.20264052810563,103.33446689337867,0.0007303926881709888,0.004824080158427745,0.003264733577622954
PAT_135,202,PAT_135_202_593.png,0.12979999999999997,11.846317847218211,0.9337580052076586,123.07535910725952,96.25711237553342,0.6401137980085349,184.15718349928875,125.50809032716927,0.007332822634467773,0.01322450544243331,0.007932678291447271
PAT_300,647,PAT_300_647_501.png,0.16216,11.579318571051212,0.9141183268582028,115.61858382048351,98.71508878379585,0.0,186.80889919990483,105.87562832753339,0.0014896760260271202,0.020566569014319344,0.0038818832085853647
PAT_1585,2619,PAT_1585_2619_396.png,0.10378000000000001,8.545550226033082,0.9778845025588472,52.30377685225113,100.0,0.0,135.70468151083165,79.61606155878088,0.0,0.0,0.0
PAT_159,246,PAT_159_246_630.png,0.18508,9.162431980471238,0.9395803514901472,95.18048064070146,100.0,0.0,169.46817605022375,79.07306485006345,0.0015413624862800068,0.015033904621942415,0.0011942123311974538
PAT_238,364,PAT_238_364_387.png,0.14687999999999998,9.566907605831119,0.9557995509076976,59.87120468611836,100.0,0.0,162.35470341371752,111.33228938302537,0.00274972662138262,0.003665434912636882,0.0010937951565541588
PAT_650,3858,PAT_650_3858_329.png,0.04758,8.265397429736822,0.9851245886695884,107.70718023512858,34.40251048349024,0.0,115.82441889527618,95.09192146407842,0.013349270526424872,0.002229170438148833,0.003558890505187977
PAT_108,161,PAT_108_161_878.png,0.11177999999999999,9.968556365094724,0.9533504851824777,181.78890390185921,78.0528482826914,4.9864491582842545,151.7939229686767,117.98239042059728,0.22237429304884349,0.033643065859094635,0.008360958653858705
PAT_441,861,PAT_441_861_542.png,0.67984,13.572488151667848,0.46423034557155907,89.16258895048226,99.9225476219875,0.0,119.48101294240462,71.24416581543885,0.0007695771325252343,0.00812042696711449,0.004288072767349529
PAT_474,912,PAT_474_912_879.png,0.10995999999999999,8.609498336845709,0.9843520740181149,111.14614205317719,99.99055613850997,0.0,144.57983210912906,102.61259181532004,0.004875776653533892,0.011502380947887025,0.007495451057404504
PAT_771,1491,PAT_771_1491_390.png,0.19078,8.73256129974753,0.9822820034454766,82.8066381594634,81.47990255785628,1.8595209094600083,140.70982541615916,112.21268777913114,0.04991949176989052,0.008089999044154847,0.0013704827719659251
PAT_637,1434,PAT_637_1434_570.png,0.078,8.703339992377567,0.9724483617580502,103.35839929871592,39.07927383496696,27.22381899918933,150.0020635271575,147.72628786203848,0.4866539444962712,0.0015184831420621127,0.007810854008753
PAT_691,1311,PAT_691_1311_890.png,0.24302,16.398207426125577,0.8602287247502164,119.10960434184909,24.623272131280775,0.0,160.72794999085693,135.85973193907336,0.01695321510763892,0.0053920862048921865,0.002787094450520805
PAT_202,307,PAT_202_307_927.png,0.13308,8.863603006808358,0.957815184203491,120.95394157692604,99.96723057387457,0.0,137.5183303977389,74.4663089337648,0.0015152132989725287,0.029072178902720666,0.0041449186698908885
PAT_306,1646,PAT_306_1646_971.png,0.16326000000000002,10.701590154820536,0.8769829710737503,59.52200088413638,100.0,0.0,123.21164199192464,61.48732615522656,5.1211338691792285e-05,0.0010728114709477878,0.0007211369106615327
PAT_1572,2495,PAT_1572_2495_335.png,0.14502,8.830283292236775,0.9425441366270565,124.07303042740918,81.83908602410806,0.5736554194703974,136.21607687466718,97.82547078472189,0.0,0.0,0.0
PAT_2016,4160,PAT_2016_4160_868.png,0.10107999999999999,9.343625220157667,0.9498100272924285,83.43969592268454,99.97451377052836,0.0,167.17475588970834,91.07070835789038,0.0014912694042806818,0.004795095619627113,0.0018211152871226446
PAT_782,1493,PAT_782_1493_140.png,0.8186199999999999,21.13119701190548,0.27850293396297277,99.52094864769633,98.41718692618436,0.0,160.71913330885053,128.4429673154609,0.013469986533588107,0.013407237746737539,0.002693725438545391
PAT_737,1394,PAT_737_1394_936.png,0.17542,9.633018456447527,0.9361949643176284,99.34863385993935,100.0,0.0,177.20475741381117,90.50068112752803,0.0023381456673859935,0.0010416795629068427,0.0004877984740234376
PAT_935,1781,PAT_935_1781_341.png,0.08512,8.394185104571697,0.9798201226388599,125.45155971442233,99.74308490203612,0.0,176.5628841721091,107.82284863618901,0.0021526005350119837,0.006847612340448714,0.01312164396051929
PAT_938,1789,PAT_938_1789_693.png,0.06614,7.589091137115093,0.9525287478808377,95.07329037418128,99.96304508499631,0.0,122.55395417590539,73.47782705099779,0.0021329926816113787,0.011227444864642834,0.007837873952074168
PAT_1421,1464,PAT_1421_1464_297.png,0.88214,14.688684895692925,0.12707456818767449,41.02554980760833,99.92505790979698,0.0,146.4310532770132,122.84670936094835,0.018600918096938424,0.0015472508267476714,0.0004000381916672613
PAT_430,847,PAT_430_847_315.png,0.15742,10.95758710266152,0.9346190303754486,101.5966846783138,95.43177401597494,0.0,99.11773203189077,30.18731019602917,0.001929258232567621,0.019034896586065036,0.012376796608775827
PAT_749,1415,PAT_749_1415_164.png,0.2565,13.34147560666444,0.8813906262740829,56.973899337843186,99.8946858968154,0.0,181.20547091278675,146.9356925757429,0.0016575483404133173,0.0014115949660571494,0.000683796077393689
PAT_1818,3568,PAT_1818_3568_132.png,0.28746,10.36125456504936,0.9676652701569703,66.16169053172305,100.0,0.0,160.63078162195058,62.20069445687387,0.0003573445806762665,0.007210774930722118,0.003032397171833859
PAT_70,107,PAT_70_107_155.png,0.11508,9.081856510598348,0.9691133220120448,161.69530140605784,51.25988334852762,30.2863417461119,100.29684444549882,90.45976676483646,0.4804906112157624,0.02524187823211794,0.023048853169301303
PAT_2062,4397,PAT_2062_4397_39.png,0.06692000000000001,8.068138836077798,0.9680172846914945,95.11808538407713,100.0,0.0,133.4523689516129,82.0234375,0.0005838159383015906,0.018345801901774567,0.007170660938993226
PAT_385,783,PAT_385_783_574.png,0.18138,10.941941817872122,0.960359173475094,81.3837392280043,100.0,0.0,165.68292757264916,121.94701123306321,0.01055746575337091,0.003422504964637445,0.0038272433960460676
PAT_160,248,PAT_160_248_254.png,0.18696000000000002,9.963694674205353,0.9196249122393374,94.7555131780517,46.51688471813138,6.57579286252483,138.65059250633604,123.38680731556956,0.06871916595461114,0.003836612693452191,0.00192129987432277
PAT_151,227,PAT_151_227_63.png,0.43728,13.082144526736998,0.8229698704217725,38.08208556674178,100.0,0.0,198.73941759231462,159.54398078655058,0.0034950931460782098,0.0016885726706943511,0.0007355387961474934
PAT_1020,111,PAT_1020_111_593.png,0.10664,7.252630318111686,0.9021784123055747,27.068931558540715,100.0,0.0,155.33227848101265,87.03322784810126,0.00017190726977867055,0.0010883422470261861,0.0004723264803396225
PAT_397,797,PAT_397_797_638.png,0.22922000000000003,12.898530112861586,0.8548136419051954,60.774218993619236,92.32781675128871,0.16762916166040076,156.2298457424131,122.19947870237587,0.02228869950153134,0.004537747071212384,0.001365651199540457
PAT_423,839,PAT_423_839_596.png,0.28914,16.484463175920958,0.7967239904241189,70.41593517743087,100.0,0.0,201.46316335126028,128.06058446186742,0.0007059326738338978,0.0018004881266304581,0.004090668506402414
PAT_819,1541,PAT_819_1541_727.png,0.14328000000000002,9.259337230972912,0.9777412999596936,145.87746228728713,99.98508043245432,0.0,178.83800013853883,101.47603011621277,0.0036238550291840532,0.02228802545562649,0.019381990911353886
PAT_38,1003,PAT_38_1003_68.png,0.20600000000000002,14.931811998744028,0.8252704065852674,51.16925954121891,98.80157405199141,0.0,150.62443357977583,123.74540901502505,0.006409678442320432,0.005915237701419614,0.0013845116476741432
PAT_1415,1437,PAT_1415_1437_743.png,0.18222,10.079473847290904,0.9372240989605127,109.44911344355837,95.0262838657501,0.0,172.23887990295188,118.76673069146786,0.002815802530650724,0.004075945715336074,0.010590989340195683
PAT_46,880,PAT_46_880_140.png,0.1351,10.209925669955176,0.9610805104051321,52.22967066039039,99.23647675799518,0.189961219535265,158.83009111832772,115.49851026263518,0.0029424203533673365,0.0019558432150394217,0.0002628580379799116
PAT_65,101,PAT_65_101_847.png,0.22854000000000002,15.027077596166722,0.8835624861666993,39.29140934559271,99.93407592634689,0.0,162.7759718117754,96.79695385314844,0.0019104968751296747,0.002560415792842138,0.00011345274059658467
PAT_613,1164,PAT_613_1164_827.png,0.18256,9.1012426048837,0.9777581807568334,70.05061317765286,85.72601315297402,0.08574060729889724,158.22515118623042,133.02105205549424,0.014713656025319377,0.004263490428899901,0.0014684320162747845
PAT_544,1028,PAT_544_1028_226.png,0.18598,11.577451626749356,0.8833712535700818,83.9815012622381,99.96314496314497,0.0,162.80110565110564,98.85159705159705,0.0002210744995477798,0.004699818575783316,0.0005780397491484107
PAT_31,42,PAT_31_42_680.png,0.25982,12.51656434040843,0.8520215304870695,156.91855098677047,92.0551636680669,0.0,128.086454783229,88.49916778949037,0.010213304853681882,0.0023773832503520167,0.008950998117358389
PAT_703,1329,PAT_703_1329_112.png,0.14709999999999995,9.133228769024669,0.9783962650732352,81.12316301967964,95.97971068946083,0.0,143.39698626615382,101.56572767632024,0.017497683831916966,0.009113560007930064,0.004116829242566792
PAT_2122,4642,PAT_2122_4642_204.png,0.46636000000000005,14.144907071530556,0.8127637084617071,85.03913760868122,99.65748854588318,0.0,197.7356879142387,64.42862861972333,2.8918903688501807e-05,0.00016004509083019673,0.0004552962447399577
PAT_629,1192,PAT_629_1192_362.png,0.15728,12.631434843311203,0.9339968122518469,142.81422524980815,79.74143707382446,2.887154625359663,161.23884356154664,139.74109810413464,0.0,0.0,0.0
PAT_1600,2685,PAT_1600_2685_445.png,0.16243999999999997,10.478363292817537,0.9696788354591802,115.791600303,99.22316922560873,0.0,171.91184228581884,115.93337094241237,0.003823636145426468,0.007354125213249515,0.008874304888273923
PAT_858,1633,PAT_858_1633_926.png,0.11764000000000001,9.26498760568687,0.9547539844952031,64.74370736825554,100.0,0.0,182.52713483471314,88.17520986510739,0.0016655189777329271,0.0015651698993491164,0.00044993096133446865
PAT_564,1079,PAT_564_1079_430.png,0.32693999999999995,10.574253779959042,0.9749605408794051,54.77404619688788,99.9971318763265,0.0,115.560224860896,66.57599380485287,0.0003094590732948266,0.003244421444726873,0.004483367528807625
PAT_520,983,PAT_520_983_932.png,0.0803,8.472472395952941,0.9878202024704208,99.13042350706063,99.8451324777603,0.0003001308570536754,139.23194712894824,69.5373032642232,0.003335182424433092,0.0016368093450992397,0.0017490659368001645
PAT_1129,498,PAT_1129_498_930.png,0.10742,11.073937623803703,0.9609303223847393,131.41923830920635,99.9956473797226,0.0,147.6556061749173,84.66666183042192,0.0015803518828615415,0.0062683078469537275,0.005007795475727676
PAT_684,1302,PAT_684_1302_588.png,0.12065999999999999,9.159357661255457,0.9674493871817476,49.168183093036134,100.0,0.0,134.25897062601695,83.96819959464474,0.00479511267115762,0.003999445950495301,0.001299009608493869
PAT_1340,1207,PAT_1340_1207_304.png,0.14532,9.16720661081815,0.9356890868630642,96.629598182829,79.18194762048583,3.4473831816024507,155.48470466410666,142.38870431893687,0.009110903148930372,0.0009014802926359995,0.0004401214027394973
PAT_924,1757,PAT_924_1757_784.png,0.23068,11.102596208082797,0.9382736233985987,76.19339792698888,94.07134729937755,0.0953082123017201,135.39242888695534,115.30144970216183,0.020243734348910136,0.010340683880770009,0.0031308371415136285
PAT_236,1071,PAT_236_1071_810.png,0.1932,9.860482697427308,0.9448984273195402,129.79495998786683,99.96913103874054,0.0,164.13181046457785,76.21052631578948,0.002930364944020991,0.003602052912850609,0.00863760336534105
PAT_616,1169,PAT_616_1169_3.png,0.07398,8.170960744680784,0.9840909319260048,54.73444699042173,78.42949109370366,0.0,68.06271916816414,40.99548142849666,0.0008381787639988314,0.005402912324147261,0.0031164815092415096
PAT_701,4056,PAT_701_4056_457.png,0.13316,9.224422345121093,0.9568459643710844,127.8037406330787,15.165976983719457,39.11257438004048,95.87392394357688,98.26634850635817,0.849037645952699,0.0008168995597010025,0.0059859857512868
PAT_891,1700,PAT_891_1700_180.png,0.17588,9.522198106404796,0.9363614610764616,113.4352536860096,7.3319755600814664,0.0,189.67780040733197,126.22606924643584,0.006561735065221508,0.0047629124912483035,0.01177335507187901
PAT_1071,312,PAT_1071_312_841.png,0.27754,11.371275699648072,0.8995289059474573,41.60759951638749,99.50217797137523,0.0,110.66687409251193,70.31611698817673,0.0003751916237264563,0.0018328887481884229,0.0019255364886235323
PAT_851,1623,PAT_851_1623_815.png,0.1354,9.653128233914726,0.9700035842639443,113.5482968888051,99.83976651692467,0.0,194.92861026066555,113.16114910297863,0.01602816960915676,0.0016922758840122716,0.013214369782889415
PAT_456,887,PAT_456_887_499.png,0.33755999999999997,11.09484418095569,0.9372676165521885,35.97366986453915,99.92889242846579,0.0,156.46037886114112,128.95790431765175,0.0034787327761960363,0.0059665141707207206,0.0004588345507698734
PAT_580,1104,PAT_580_1104_684.png,0.04246,8.179690705582818,0.981053629384649,126.83986195360536,97.64655048250036,0.005761198329252484,133.62511882471554,94.1056027653752,0.00506669519657621,0.005888534624213771,0.0032541141838075605
PAT_384,782,PAT_384_782_292.png,0.1487,9.543891002161567,0.9730575808522189,72.25047183617974,99.99786119131645,0.0,229.65915944818735,169.86844187787403,6.437592926733515e-05,0.002256733124557569,0.0014488145158707006
PAT_413,819,PAT_413_819_268.png,0.22216,11.719400560927044,0.9001648882665475,142.87758488217474,98.99896959200228,0.0,147.79492250016443,99.47702847872317,0.01069464357550165,0.013282026193256649,0.013857064750182224
PAT_1217,762,PAT_1217_762_198.png,0.08149999999999999,9.114780638311089,0.9789321601499558,82.41855566378945,99.99428473452592,0.0,127.93080718599379,39.81612085881389,0.0005202927940549662,0.002241449209107376,0.001873543128255732
PAT_839,1591,PAT_839_1591_204.png,0.59426,25.710907411633645,0.5309725869958909,67.88383960008404,86.57399260953721,0.0,181.07959411109155,156.80245175670126,0.008135055074806385,0.007976326112435197,0.0017744657411581882
PAT_86,1082,PAT_86_1082_41.png,0.08154,8.862973791370166,0.9826053322029937,141.98066242960385,97.29930026276664,0.19941973009915634,124.86949769906225,87.66952906500283,0.001106119852978038,0.010076542571714779,0.01223075645393458
PAT_473,911,PAT_473_911_630.png,0.21462000000000003,15.972045101884337,0.8464930299674068,64.72890195965977,96.37722511643318,0.0,190.43539568875062,151.40421184397033,0.009117183753027835,0.0007710297142139752,0.0009007546235175857
PAT_1414,1433,PAT_1414_1433_570.png,0.22422,10.229178515121411,0.9549425995516285,126.47812057289866,35.72081073365687,23.659720239794463,163.5352840422495,160.4269197830431,0.33389404904617803,0.007740224986395403,0.011170268402621416
PAT_273,421,PAT_273_421_905.png,0.076,8.179837802428723,0.9742248404180228,68.34913658869428,100.0,0.0,165.5643982701198,62.988865138937214,0.0017096956643409822,0.003193103983164519,0.0031787724343133525
PAT_567,1078,PAT_567_1078_978.png,0.15324,9.246217050036055,0.9854970600820043,129.2709590513122,99.86354197567488,0.0,172.63123527666778,81.5173155111941,0.00422122749650633,0.0030825169193090915,0.0016579412850095314
PAT_276,425,PAT_276_425_539.png,0.13712,8.609023200190444,0.9878978222873351,127.85479654287353,22.65871161748673,24.441409385520373,111.66417472355006,111.25549605242665,0.7503906428594476,0.0035182767204276614,0.012248144729563532
PAT_482,2928,PAT_482_2928_201.png,0.08064,8.604305763045138,0.9861527336697627,78.04409978200238,93.02236805031676,0.0,154.63513386594923,84.32630147029863,0.0058270665128821175,0.0024017039997029552,0.005488292424828031
PAT_495,941,PAT_495_941_26.png,0.22342,11.377521863255785,0.9064757735302877,104.09983001208738,99.99820655146749,0.0,146.60435628648546,63.32850596769999,0.00023283795608908253,0.001551831314814352,0.020093401536769796
PAT_378,769,PAT_378_769_36.png,0.14204,11.99514700926288,0.921504723532931,141.5814048472208,99.9043611323642,0.0,195.26534047436877,67.3133129303749,0.008811331861467209,0.0318912897096429,0.002758968623437886
PAT_531,3079,PAT_531_3079_652.png,0.16054,10.259947261475029,0.9572186539984392,91.19269089910117,92.74432047318187,0.33270600887216023,148.52283573060896,112.15134762736928,0.11909267983384597,0.0017094871788182467,0.00898253835871375
PAT_1811,3487,PAT_1811_3487_560.png,0.20537999999999998,10.25407013403217,0.9238220642212529,47.96164833589985,100.0,0.0,180.29403654204026,124.4472593469802,0.0031721309096077732,0.004928162005231152,0.0005734569158369858
PAT_1215,752,PAT_1215_752_707.png,0.11492,12.075174314357696,0.9578954730163555,151.42667354840248,97.15270016136408,0.0005619994253555876,151.36722658201083,67.09225501566925,0.0,0.0,0.0
PAT_779,1472,PAT_779_1472_741.png,0.08552,8.530882478942647,0.979111021633093,132.57262537382394,99.80665551217699,0.0,169.6997955010225,106.20081799591001,0.001872445918103205,0.008496193221012052,0.008428186093872553
PAT_796,1509,PAT_796_1509_459.png,0.10332,8.702309518808134,0.9906292260304802,124.61496065419618,90.616100576509,1.4999818083793912,143.78108203759382,116.18476071403765,0.018061455830128637,0.006255913014225389,0.006007397613106519
PAT_360,742,PAT_360_742_782.png,0.26292,10.619280105444219,0.9298068760603232,126.92285366486584,9.747685132410751,16.624055081309418,152.17389109455863,149.568742529402,0.05280280483899402,0.0008495054664702116,0.016669615184611405
PAT_857,1628,PAT_857_1628_916.png,0.11244000000000001,9.091628153284933,0.9910304635452208,146.8535744984467,80.46758629622434,1.15277507933424,154.01351207823328,92.32900718865359,0.07737204071369619,0.026470495019444793,0.0056345256973488736
PAT_749,1414,PAT_749_1414_770.png,0.1233,9.034832736418133,0.9749071519632464,47.21586152187748,60.0284615874769,0.3801958327138336,215.82831715554045,206.0189673116544,0.010116690389659677,0.0004649158873818368,0.00027119285087795573
PAT_219,337,PAT_219_337_358.png,0.24086,13.739112455012812,0.8626361705808528,125.47719557541714,97.99506155665298,0.0017388885024692217,240.20393684356958,178.66531612992975,0.008097445410765847,0.005051673501961034,0.011704380083109018
PAT_464,900,PAT_464_900_548.png,0.09237999999999999,8.857837781524502,0.980078989619597,142.54056685252212,93.46429618572914,0.8196284351094171,106.72255244289255,69.47679718527601,0.005787325805361232,0.028770197224974807,0.005475026241950115
PAT_842,1606,PAT_842_1606_720.png,0.21702,9.802666152919203,0.954005679091843,79.8691675917023,100.0,0.0,170.87509534067783,80.97050671012342,0.0036779503431921823,0.0049724384610633976,0.004201744964097048
PAT_882,1678,PAT_882_1678_192.png,0.11532,11.379382542113413,0.9273715234822775,103.10432034975219,99.7407880762515,0.019350890140946483,202.92441902327508,75.06946069519198,0.003297632897479308,0.007933572423510681,0.0010463679102027904
PAT_833,1571,PAT_833_1571_134.png,0.12212,8.386716782550941,0.9723820923960739,120.41165959504798,99.65308804204993,0.0,143.61855453350853,57.23968462549277,0.0004394842524468867,0.0057495567163462396,0.005093737480928783
PAT_879,1676,PAT_879_1676_668.png,0.1644,8.80895962021346,0.9752341898903216,56.78044624195696,100.0,0.0,166.30325273459988,68.1413356361543,0.0013604319477011906,0.0018498441136915102,0.0024995753744858867
PAT_829,1566,PAT_829_1566_135.png,0.25216,10.892424935114484,0.923581780204528,86.68201964011715,100.0,0.0,166.5190756625272,106.89133913711433,0.002371180269130191,0.007380083849026419,0.0027401894272987997
PAT_2061,4395,PAT_2061_4395_587.png,0.20951999999999998,9.872533599329463,0.9754504337618729,92.22553406617325,98.17950193145393,0.3746472699378099,135.90652310895592,95.09351113668119,0.0024246802897301967,0.009803564165198779,0.005696819198285441
PAT_479,917,PAT_479_917_598.png,0.08099999999999999,8.479227974811126,0.9829392712175077,174.68638728454994,97.20994861012065,0.052933781309964054,188.7568280901933,124.42236011145502,0.0015805558988730706,0.005851495032886338,0.0009556895055854416
PAT_792,1498,PAT_792_1498_936.png,0.18456,9.861768013974727,0.929253738090975,99.68484047348076,27.64885948454626,20.073071985780587,154.77912511108917,152.8636911227412,0.14566659610027344,0.004306589765365067,0.001843651067691149
PAT_131,197,PAT_131_197_974.png,0.10225999999999999,8.914263961242002,0.9781384341790423,181.83034558103748,99.23022590415535,0.0,164.93911242532712,70.01762220014126,0.00215984174674666,0.03160860003095744,0.012973246041044103
PAT_330,1438,PAT_330_1438_323.png,0.37518,19.927234041065773,0.8411334293057617,124.68112790870128,99.73726820028718,0.0,206.32416827055266,136.65750160388598,0.0008618448808364043,0.012856264073318774,0.0014406181269031764
PAT_636,1204,PAT_636_1204_521.png,0.1686,13.029573203980675,0.8585700916792264,94.74809949992822,96.19925280199253,0.0049813200498132005,102.57459526774595,61.31805728518057,0.004388370486098858,0.0030740874345930916,0.008106205920103216
PAT_834,1572,PAT_834_1572_430.png,0.34465999999999997,11.287431537042046,0.9205218504870106,67.60532516498948,99.41803642825411,0.0,169.72501110617503,93.80410928476233,0.01398530099871742,0.0023709555473540892,0.0027402379861833116
PAT_1528,1795,PAT_1528_1795_12.png,0.26342,12.914073501961317,0.8699671531604724,71.92408820671352,99.94214546506446,0.0,200.6551791536038,101.54452844644938,0.0013002701647156778,0.0025935814605170093,0.0012630081497556373
PAT_460,894,PAT_460_894_242.png,0.07869999999999999,9.807174318670755,0.972847127010941,129.3261591762605,94.95520375068239,0.0,122.60252962332616,71.98091342602999,0.0016535187474622237,0.017753948076272553,0.005855847622557985
PAT_337,1697,PAT_337_1697_721.png,0.08897999999999999,8.42686754312011,0.9707159048545333,41.670217073517485,100.0,0.0,105.54776925262858,45.275419153168514,7.072473339386764e-05,0.0020149616894897526,0.001564230735812804
PAT_1185,679,PAT_1185_679_115.png,0.09137999999999999,9.859676780274555,0.969907798201021,78.28969409965963,100.0,0.0,118.08033556671398,79.68774387855294,0.0007715239374405103,0.001646522986709965,0.005837773032866931
PAT_419,833,PAT_419_833_148.png,0.31614,10.210968524849472,0.8545816026306666,78.71507181087341,100.0,0.0,162.09024464900295,66.80801735014596,0.0013167899309588504,0.002253437860800901,0.005243260969640265
PAT_1174,628,PAT_1174_628_915.png,0.1495,9.104138185849031,0.9531371254928964,19.21689063278749,99.70396286079526,0.0,139.14943147413038,121.34461414250151,0.00947062441381541,0.00032287414925932046,0.00020031827505395008
PAT_523,988,PAT_523_988_851.png,0.11272,8.96483962090482,0.9403135110929389,53.96494900922109,99.96034499851294,0.0,166.4991573312184,107.52532963219986,0.0010547769475260926,0.001916469904931431,0.0023136677209287084
PAT_1184,676,PAT_1184_676_303.png,0.13342,9.339035021081646,0.9484339347559825,58.327058230658096,100.0,0.0,177.79421112372304,139.57814982973892,0.002206210088871674,0.001922519366691847,0.001610024649139337
PAT_735,1391,PAT_735_1391_261.png,0.14112,9.11992269995233,0.9650457765667279,75.88224429155667,99.53401060070671,0.0,157.43085247349822,128.0184187279152,0.0125592979819108,0.003543532930712842,0.002764701225527103
PAT_715,1339,PAT_715_1339_508.png,0.0627,8.302517907668031,0.9816968548628456,74.26322018647409,99.16087112678356,0.0,186.7539262742025,89.8025761582917,0.002331271112258282,0.0026743138867199347,0.0011777268061870572
PAT_374,762,PAT_374_762_794.png,0.24104,9.469848792304493,0.9541744453674956,104.42681721408582,100.0,0.0,166.83826358554194,96.06821628228052,0.0062327988900897635,0.009563588206720857,0.008421834322187448
PAT_433,852,PAT_433_852_20.png,0.15362,8.851569992890486,0.9049046292041747,85.8139654043345,74.17644831503219,0.0,59.63536539189701,27.221128360469518,0.0030999602433411377,0.028179545183197735,0.0057864884882919635
PAT_349,724,PAT_349_724_750.png,0.15034,10.409843661533852,0.9520141124995176,69.52542821115081,99.92445008378293,0.0,229.4058773960462,160.03227337446606,0.004536190951396235,0.0027235076407448305,0.00015388030930130506
PAT_280,431,PAT_280_431_466.png,0.16236,10.286778914877523,0.9557014224782789,99.589290636705,53.330842238995594,4.54151408713848,149.79794484717135,132.3776847769225,0.04375344286845517,0.021225611319132354,0.0010554192384025086
PAT_752,1426,PAT_752_1426_714.png,0.37858,12.00188738404398,0.9062194091330897,96.1566040446634,63.38396979297195,9.647432027942333,142.75985912268067,130.4781502774667,0.0,0.0,0.0
PAT_960,1816,PAT_960_1816_662.png,0.18142,9.391396145975408,0.9689307603922822,33.374203709612736,100.0,0.0,152.76001757040362,120.79813558494801,0.011665788252755327,0.0005907463951845693,0.0004972459047190774
PAT_662,1251,PAT_662_1251_43.png,0.11368,9.081431348507634,0.9794452252467347,94.28241490416863,48.37076718926623,3.142355138349634,86.82513392637735,71.79302845628348,0.07464307452836139,0.0005612992417066643,0.013629259301293472
PAT_627,1188,PAT_627_1188_755.png,0.15996,8.59929219688171,0.9689020159305815,78.42219573720719,99.40626124505218,0.0,119.4730118747751,73.06594098596618,0.0044045808872950065,0.005779206204701314,0.0060493468264348265
PAT_846,1607,PAT_846_1607_895.png,0.26058,10.839529031320737,0.9107375300760313,84.65228292037601,61.00961308527428,4.939127754661735,191.16326302867984,176.1590675998108,0.05255602660791303,0.00125712082736928,0.0032373416278286974
PAT_1090,376,PAT_1090_376_384.png,0.12711999999999998,9.034306890408754,0.9488145281925061,39.4765911184298,100.0,0.0,250.9542911720562,135.70964660936008,0.001635549140218795,0.0021575381340836596,3.0079112370299437e-05
PAT_432,851,PAT_432_851_560.png,0.10316,9.08777835574783,0.9375172669964957,148.55157715921897,99.85667752442997,0.0,114.91094462540717,35.481954397394134,0.001140680061120447,0.02403374423321248,0.020334020907724765
PAT_993,1865,PAT_993_1865_559.png,0.27748,9.685355164832385,0.9427780421671178,65.15403425007156,100.0,0.0,174.28144239226035,89.59058927000879,0.0007493650529442064,0.002432530707989227,0.002783684288862299
PAT_168,261,PAT_168_261_38.png,0.31199999999999994,16.43159956050148,0.8395875809965786,124.71757576788828,99.17358687367111,0.0,149.2465599550688,69.24710554820075,0.000815117311680269,0.0027636495947807524,0.004333142473761143
PAT_621,3591,PAT_621_3591_171.png,0.07383999999999999,8.334271258405908,0.9866487065235436,133.82757780069116,99.01140204036511,0.0,125.20321531221377,77.53046334607245,0.0022922720058001778,0.011869350679288406,0.010576882160050831
PAT_325,1506,PAT_325_1506_999.png,0.28403999999999996,11.111406405684505,0.930543066092015,42.54640385592816,14.372468011712325,37.841241827443746,147.22692230556336,147.98426055914322,0.4288249699534932,0.0005794873265133703,0.0015604436665555223
PAT_503,950,PAT_503_950_552.png,0.15904000000000001,11.946611516781275,0.8825368916900027,147.1561133647561,83.21681295201108,0.013110757553745248,172.33090843376056,104.53577642260578,0.00012580274479057074,1.974035611717504e-05,0.0040983554994468915
PAT_1461,1600,PAT_1461_1600_867.png,0.07851999999999999,9.134350873791945,0.9766723372314521,98.15640759878447,49.46447542440865,1.8732519567244108,110.66772542982893,97.35748975565336,0.05473721020146605,0.004393839707792103,0.005996967537450659
PAT_719,1361,PAT_719_1361_160.png,0.15874000000000002,9.610419180312,0.9480977152032652,97.69016610508864,64.29606275569569,8.593626843823895,141.60841496828436,127.23570919190782,0.15265780524666417,0.0017830563558527835,0.005598660483281843
PAT_192,296,PAT_192_296_824.png,0.07212,8.380717472123013,0.9854306379232011,72.70089953689879,99.55408144462871,0.0,187.17490326147043,151.3490571832197,0.0017186894672684971,0.00807129993483105,0.0016624099487634852
PAT_1260,894,PAT_1260_894_63.png,0.17566,9.507042245230243,0.9693392096482112,56.438957554534376,99.99827148116779,0.0,166.55234819283356,101.57931308661608,0.0006485412234417121,0.0003295185530087785,0.00034338810918197924
PAT_104,1754,PAT_104_1754_276.png,0.05826,8.469831147341633,0.9824055758372977,97.71566151651115,57.875554616522294,16.048225227128672,173.16252905134164,159.94557495246144,0.4581041713611861,0.004538724221875497,0.005267712623640675
PAT_44,63,PAT_44_63_151.png,0.10255999999999998,9.976754761320606,0.9292727327023705,146.45667851581297,99.08256880733946,0.0,148.50516055045873,87.96020642201835,0.023835874364683596,0.0052642043664963955,0.02224103795088423
PAT_1304,3507,PAT_1304_3507_308.png,0.06337999999999999,7.949208799278678,0.952794437594231,62.400782048351225,39.733453806189296,0.0,45.63428958662751,28.65710413372487,0.016920192119511013,0.0077173265621113315,0.005164482500634499
PAT_70,107,PAT_70_107_591.png,0.22115999999999997,25.546357412518297,0.8426794939249772,89.94070156611969,21.959039455604266,54.70784531832755,79.81521952496237,82.71622063730943,0.6378824018297938,0.002719596178384571,0.007664181834484604
PAT_817,4471,PAT_817_4471_179.png,0.18126,10.719520109221433,0.9564871854830259,84.41178906754688,99.78233968267999,0.0,172.18797785831086,79.46037919299951,0.00228093534700069,0.0075262657229517894,0.0016382102520975743
PAT_186,286,PAT_186_286_109.png,0.0508,8.098926194982498,0.977392232540612,110.51469623915224,99.54229302221225,0.0,186.32842719317927,108.15467803455239,0.0007371292641188409,0.007813429064065866,0.004441305972194811
PAT_1790,3427,PAT_1790_3427_723.png,0.10846,9.216638907368985,0.9503301550095149,48.909191281708985,100.0,0.0,142.29695741915756,68.94226995897357,0.00016378421383855812,0.0002684666231498799,0.0003837603782978165
PAT_522,3168,PAT_522_3168_747.png,0.06018,8.319147362717429,0.9802322701488198,46.112847027539836,99.06741358456935,0.0,162.1634731682475,127.4229900057292,0.0009672516994979619,0.003958524298939599,0.001088048451948716
PAT_63,98,PAT_63_98_187.png,0.21002,12.513323283195069,0.9640226011351404,62.07222477804987,99.99626675294616,0.0,139.233278164238,96.10932606594574,0.004130426320618441,0.005458955110018004,0.0012875796063259383
PAT_931,1761,PAT_931_1761_380.png,0.064,8.999776056535984,0.9665365434189922,60.40724234499447,94.17635344787662,0.0,198.00291761218912,128.83165840781734,0.0011038225360064935,0.0012430789876340452,0.0021858797740806108
PAT_1531,1800,PAT_1531_1800_683.png,0.0808,8.945630702857606,0.9872003005778103,95.28559854791969,95.82881139999057,0.0,207.88052658896805,112.36221865710377,0.0,0.0,0.0
PAT_191,294,PAT_191_294_629.png,0.47018000000000004,23.39618622443569,0.7781982488874991,188.91050744017596,82.57119514472456,6.632819794584501,109.75906862745099,75.79551820728291,0.07996743065847989,0.020537400954718094,0.016691921075217764
PAT_864,1645,PAT_864_1645_626.png,0.5375,19.506561880366608,0.6785906373139113,115.31153578066444,87.18382125819404,2.4487764697806913,121.6527782544531,89.64538216014003,0.09709482675332504,0.015326121591400977,0.006722654325191871
PAT_914,1740,PAT_914_1740_932.png,0.19532000000000002,9.049979887753084,0.930326494380855,99.91868163884185,95.84513692162417,0.0,198.60302171860246,167.72634560906516,0.017807099574696283,0.0021030712608021275,0.003428503434273816
PAT_1624,2807,PAT_1624_2807_679.png,0.09115999999999999,8.927519352782799,0.9569539673395678,80.2247324894401,97.19250936329587,0.0,142.00958801498126,110.08467415730337,0.021510621547527475,0.007015794680106058,0.0019232537366058382
PAT_455,885,PAT_455_885_115.png,0.04892,12.950068133641015,0.9882414139821465,72.60104547231074,100.0,0.0,186.45089035680164,127.6154807597272,0.00011752794425246016,5.4797496911330826e-05,0.0007843495031856023
PAT_1648,2902,PAT_1648_2902_292.png,0.086,8.504069174275497,0.9746722397917331,67.72990804612975,95.17192651907678,0.0,152.74050086355786,107.67773590830586,0.001645015340849043,0.003223673682277129,0.0020616199918623962
PAT_351,728,PAT_351_728_683.png,0.10218,10.409917488006158,0.9771363871422697,108.24707540195634,100.0,0.0,231.0048309178744,121.94021116589471,0.0015341034812940135,0.009200711556580898,0.002580843262887563
PAT_1786,3420,PAT_1786_3420_346.png,0.23041999999999999,10.897616728666076,0.8909461918392977,58.05815733419753,97.83020855277017,0.02106593638087213,126.19800224703322,101.70811389649603,0.00443812929752152,0.0016652583604940495,0.0008992176976440682
PAT_571,1097,PAT_571_1097_652.png,0.27762000000000003,12.694215252195898,0.8572101897570217,65.96921945025608,56.50757516288563,1.4679331187691342,166.49886176308974,148.54662846377266,0.06378192576817043,0.007108057660286345,0.0009662069032924993
PAT_711,1334,PAT_711_1334_480.png,0.09318,9.636299941977716,0.9619889323960341,77.7529676858744,41.9885229926838,9.159951122179084,147.6254968987332,136.03440008661892,0.0,0.0,0.0
PAT_360,742,PAT_360_742_768.png,0.09928000000000001,8.355137774050187,0.9605067721763408,182.72242373499205,88.29241226244972,0.0,227.2915799694826,159.51477320016645,0.013010330547229554,0.012959859906215856,0.026952046265228485
PAT_713,1336,PAT_713_1336_159.png,0.08397999999999999,9.009742505119329,0.9509583455261196,88.92407162863906,99.98929679974312,0.0,187.25064219201542,132.284624852831,0.001493619902916521,0.0020612987356320818,0.0072972720813077
PAT_309,662,PAT_309_662_76.png,0.26612,14.51354408123737,0.8454695963610707,91.65708990837109,99.33001314017812,0.0,164.5278782667943,43.03768473305971,0.0014331626304263656,0.00792778152460754,0.0014132954808598584
PAT_503,950,PAT_503_950_368.png,0.25378,10.289571545268764,0.9481024193284558,114.92425897905557,88.84309050324676,1.3240665584415585,111.00232092126623,75.90002282873377,0.023221535543833993,0.00609608172386777,0.009041409630962652
PAT_1070,308,PAT_1070_308_751.png,0.2133,9.357754978508215,0.95623216374726,75.61276645362074,100.0,0.0,170.55920066901285,99.14807136137148,0.0015331238194190577,0.0028108785371814622,0.004609654659755624
PAT_948,1801,PAT_948_1801_721.png,0.13126,9.286362987478865,0.9612493447916421,91.86517055136764,58.451893337791525,10.09612973334448,69.87016634623423,61.50096129733345,0.45961170564550524,0.002324195757520988,0.009609165638732256
PAT_1406,1397,PAT_1406_1397_669.png,0.20901999999999998,9.213671122953262,0.9518650901981668,70.09607875575377,99.99845667103943,0.0,188.09735319083262,82.39996913342078,0.0001518580172598094,0.00041001755417313727,0.0005720183154145402
PAT_161,250,PAT_161_250_338.png,0.16749999999999998,11.09643084000219,0.8901395924333101,103.56294329589906,99.978855221703,0.0,147.88668513310637,103.53893810923392,0.005204099003594309,0.020367684114792183,0.004669001244119009
PAT_821,1547,PAT_821_1547_77.png,0.26764,11.875994016386773,0.9218652338824512,44.693634495506124,100.0,0.0,193.67220701252137,127.29755270508777,0.0009177677445952881,0.0012697719865806937,0.0003481718900818709
PAT_204,310,PAT_204_310_975.png,0.17554,9.019402403484968,0.978834851474499,138.38485151680123,98.26850310276978,0.0,160.17027395186923,117.96113213258666,0.002438824985089405,0.012861353429160949,0.0054274924461655315
PAT_512,962,PAT_512_962_998.png,0.21674,11.455205579104547,0.8990860304515829,97.27616359412339,99.84656347308092,0.0,170.9802337650616,97.23737533282188,0.0018803253660373276,0.0051087473655809955,0.001109641071622032
PAT_1918,3836,PAT_1918_3836_82.png,0.14084,10.786159279345991,0.9230109844436246,51.86525275248222,99.20946350868964,0.0,146.5672268688606,118.20004690064879,0.003980674562028108,0.0012974479042901289,0.0003826914118716005
PAT_212,327,PAT_212_327_532.png,0.07728,8.649757490050956,0.9783116090068069,122.51978728935865,99.4603395287575,0.0,194.00299404849017,141.4186484706571,0.007390995966667591,0.01974873041316012,0.006329171841999664
PAT_2024,4221,PAT_2024_4221_632.png,0.8425799999999999,16.124935993258347,0.3931649669714044,88.62572987185162,100.0,0.0,151.9981903727832,74.30015683435879,0.0006249532790447709,0.002030520128661746,0.0025249381731990636
PAT_955,1810,PAT_955_1810_892.png,0.10604,8.663956537184976,0.9467149212764232,93.6154842931665,99.59106637307329,0.0,144.24960679458948,89.84869455803712,0.0019879332796904903,0.0017944926263607705,0.001445497130440902
PAT_738,1397,PAT_738_1397_966.png,0.04732000000000001,8.627900511516431,0.9713352544740033,112.74527152440731,99.50320158975491,0.0,235.9535217487304,148.19220578494148,0.002060202152263435,0.010234226677736758,0.001329417963012179
PAT_952,1807,PAT_952_1807_58.png,0.06148,8.482991933777106,0.9846180839416184,115.08936218640348,69.23321433810943,11.066555821800577,145.0371656315712,122.68592596214974,0.12152405908666575,0.00927610692056983,0.004101441150014462
PAT_1981,4023,PAT_1981_4023_673.png,0.27390000000000003,16.808642972219214,0.8954047018746929,106.56044367386289,99.54532555474202,0.0,113.85676814268625,65.6682193537665,0.0,0.0,0.0
PAT_198,853,PAT_198_853_778.png,0.24167999999999998,10.823830018181985,0.9135463816597705,92.15585861380669,49.02640403528052,0.0,160.8095640657142,66.5882999408234,0.0014513702883861557,0.006287552378361637,0.002149190531173416
PAT_465,901,PAT_465_901_627.png,0.12086000000000001,8.47914267363938,0.9517748522952734,107.46721717924139,100.0,0.0,125.55304678998912,69.80241204207472,0.0004412218412573887,0.0034125986168274404,0.010030554295688903
PAT_1392,1352,PAT_1392_1352_778.png,0.14944,8.705877868137293,0.9669513756506656,93.57514889456453,100.0,0.0,166.66632243955777,89.48724334831734,0.0021774014402565767,0.005969567193234895,0.00757407381179782
PAT_249,380,PAT_249_380_366.png,0.07845999999999999,8.181105509211134,0.9743368413244503,70.23785425600516,77.05045899082018,0.0,150.6223075538489,81.03533929321414,0.020384465052798895,0.006746120009531543,0.0013521305497708027
PAT_1481,1675,PAT_1481_1675_371.png,0.21810000000000002,9.885065564989455,0.9499033024525537,98.6776367173721,100.0,0.0,150.2734929423692,79.30401102186175,0.002755165314693553,0.0004684326214652718,0.0021102750025940253
PAT_2106,4590,PAT_2106_4590_227.png,0.11717999999999999,11.929581150938597,0.9420158464954599,82.58424601221068,62.39086441167968,4.0586874819311936,200.96792425556518,182.43528476438277,0.021795558586477193,0.0009101953825246435,0.0006542218941605351
PAT_295,639,PAT_295_639_240.png,0.07206,7.793097091984353,0.9558703161016927,125.20551338851985,99.418739827947,0.1860032550569635,155.7949314112997,71.06184608230645,0.012763226105636072,0.017499521884732847,0.0026425934715890733
PAT_311,667,PAT_311_667_416.png,0.18288,9.976288967660093,0.920409393529333,60.58703612393547,66.75226644877631,3.560172755923894,116.71763744601377,99.79549433874168,0.024718886895689685,0.004738867366114094,0.0010733797144781506
PAT_10,18,PAT_10_18_830.png,0.13198000000000001,10.009661856743856,0.905312393136949,103.25606061601744,98.14514494222583,0.0,211.2122440705453,157.67930265558485,0.003537185266959564,0.008749264497190727,0.0037866958246121764
PAT_1614,2747,PAT_1614_2747_533.png,0.5593999999999999,8.991727185051493,0.5667002417197242,95.41168669871247,90.95113091785964,0.15567290375751655,118.92562803333232,77.6072769451482,0.020416668458987042,0.026474602350640242,0.0034338026559057135
PAT_1575,2516,PAT_1575_2516_23.png,0.34696,14.379299805384536,0.8782016893189918,36.83536117018902,100.0,0.0,143.38002444099482,104.3286653235129,0.00163195506855085,0.005662570569510595,0.00024118789183982467
PAT_330,695,PAT_330_695_90.png,0.04272,9.442147624867806,0.991435477819951,96.09977440139238,99.97825267492098,0.0,204.3184678284571,99.40828911377234,0.0013736591848532154,0.004640870548796969,0.0008423542481767584
PAT_1333,1177,PAT_1333_1177_261.png,0.1129,8.96135401749429,0.9818942597435614,53.595426938147156,91.25518489100696,0.0,116.63513811667107,99.92110140323008,0.028000300521457078,0.001811382540566735,0.0005498496562123709
PAT_1702,3548,PAT_1702_3548_386.png,0.11354,11.11107080449057,0.9650517366635977,90.40145946638792,94.39874254487763,0.44510385756676557,171.16283750036726,138.42862179393015,0.0982837302313283,0.014772102727361085,0.004073604394385322
PAT_514,967,PAT_514_967_908.png,0.16942,9.229534283597307,0.9721464193826659,88.88937200132344,99.92694205215477,0.0,188.40799855603115,109.63842332353498,0.0001521969874261897,0.00023377712274291735,0.0001823557414234028
PAT_499,945,PAT_499_945_878.png,0.24388,10.371887811244912,0.9469499527446312,104.03331230913064,95.12695751374149,0.9325197911985341,166.09750406194905,124.5137414871919,0.03965235647653598,0.016134492058418836,0.0033204024023852493
PAT_361,1568,PAT_361_1568_456.png,0.18516,10.49888121501034,0.9625421645470013,52.54562201971332,98.0947763907405,1.248333535329051,202.67414858804995,120.671991273785,0.018888231731806537,0.0005531117059391231,0.012533618733799809
PAT_966,1825,PAT_966_1825_584.png,0.22842,22.047537149380698,0.8093311161103424,56.285133813907485,99.761101742552,0.0,94.49643994753608,51.822091062394605,0.0007302708153078541,0.003687294356008364,0.004731872603652412
PAT_1033,153,PAT_1033_153_301.png,0.06486,7.68259016909437,0.9476002373813728,16.439896765206715,72.55422753430722,0.0,162.6764054891545,144.00752545374058,0.005243327124722752,0.0008225579046423332,0.0001204432001104709
PAT_215,330,PAT_215_330_224.png,0.1744,13.98343429715269,0.9434454757579948,193.69424140599105,95.71211896589081,0.00038013129735010474,140.62423260994348,60.58971288683111,0.0064518708565859395,0.01965794143890235,0.027324481251774276
PAT_363,745,PAT_363_745_516.png,0.20978,13.897628958825528,0.830420995936743,29.17155402184781,100.0,0.0,167.53828409851923,130.1736736364313,0.0018165510031969978,0.0012792144753184774,0.0003626916332279034
PAT_1186,681,PAT_1186_681_457.png,0.17666,9.642168234003057,0.9507439007033549,99.6363488190859,85.5654843484458,0.0,161.80342817462494,78.19841748442154,0.0006625586169264341,0.008008040911102623,0.0026307513684815926
PAT_545,1029,PAT_545_1029_650.png,0.21189999999999998,10.669549779379668,0.9379403399360722,78.01759072006618,99.97437999590079,0.0,157.2912016247741,120.9530734688554,0.0012598709861514346,0.007762485134197492,0.0013050547949143266
PAT_906,1723,PAT_906_1723_560.png,0.24325999999999998,18.347767342121585,0.8036152446079886,53.59688804038294,99.97566366385536,0.0,156.29804431606917,109.84923240802061,0.002933636911290005,0.0017559575383842689,0.0003428301213374942
PAT_596,1146,PAT_596_1146_294.png,0.040780000000000004,7.999372293557263,0.9425917661611268,101.37882513093854,100.0,0.0,182.1034188034188,61.30854700854701,0.0005488499301741223,0.0013349825239293294,0.005803160486894201
PAT_2066,4417,PAT_2066_4417_201.png,0.13446,8.943133947156301,0.9768731916674085,104.23612845166178,99.99108797946671,0.0,101.53238628261799,68.4845822044774,0.0032653085490984557,0.00702460055402096,0.018751144079553944
PAT_726,1371,PAT_726_1371_397.png,0.05266,8.289532716434982,0.9846877839772641,53.14238566215216,100.0,0.0,157.7925836217882,87.0414019358862,0.003342696600346473,0.0025192328844435303,0.0013689747047226219
PAT_145,216,PAT_145_216_924.png,0.29795999999999995,11.231334043803516,0.941796398326391,152.89351355946445,47.591156574822634,34.82923609965352,124.4519056261343,112.63017653852499,0.2106098840337487,0.008016169217845436,0.014276432194894335
PAT_531,1004,PAT_531_1004_189.png,0.08084,8.251849456864818,0.9509005609897558,48.023834458107615,100.0,0.0,135.5469392843785,86.67946640069816,0.0012376657715472694,0.0026578663740401097,0.0006333196500069094
PAT_27,38,PAT_27_38_240.png,0.09064,8.483832856886238,0.9837736712579483,156.28447335067412,13.886289793783291,0.0,83.4565500880418,46.94458892957394,6.58709605554364e-05,0.00408066882501344,0.028230410587673005
PAT_690,1309,PAT_690_1309_981.png,0.058940000000000006,8.546850136512845,0.9896866035824248,124.07986030338579,98.2672065026254,0.05241573517295656,153.79014491951648,105.07923076450118,0.008113843865895864,0.01623399136413749,0.0065772282422295785
PAT_168,262,PAT_168_262_292.png,0.05552,8.632379872491775,0.9949713105776792,150.3868074409556,98.9310065468853,0.0009794442633249893,193.29618394522947,90.7410461304256,0.0,0.0,0.0
PAT_963,1819,PAT_963_1819_298.png,0.09176000000000001,9.381928840567308,0.975365314874946,80.22265730582,96.83562027443293,0.24184720348259972,157.16761284081363,121.91102568671877,0.006523523117104801,0.004408981666067697,0.0009445484764836667
PAT_403,804,PAT_403_804_994.png,0.16688,8.801810669872612,0.976405404278206,143.24243391788588,29.97870326549929,47.01135825840038,108.34349266445811,114.39214387127308,0.669657898211924,0.006870098447995242,0.02499531515588473
PAT_224,1340,PAT_224_1340_142.png,0.30514,9.945395852416365,0.9676870280708438,119.97432176186308,98.16382422507158,0.0,91.39038964272376,46.92256940121997,0.00052183386975313,0.01868988328479378,0.014098710166900112
PAT_90,138,PAT_90_138_605.png,0.12503999999999998,9.048683825588995,0.9519329710678609,115.8502186987383,99.81929071606054,0.0,139.81770950982607,42.049807996385816,0.004945092636442494,0.016834288937430764,0.00814758649434224
PAT_106,158,PAT_106_158_249.png,0.2721,10.669478636906787,0.9660253988885091,113.20051457369058,97.85927318094443,0.008031741442179493,163.3102608174171,125.0074855830241,0.010455926440293362,0.00541121965478361,0.004786628025694502
PAT_2088,4525,PAT_2088_4525_507.png,0.14409999999999998,8.6476686320415,0.9526266014660529,64.83931883561563,100.0,0.0,100.85896799801539,50.82237658149342,0.0019713044443252503,0.0012009185945622328,0.006621831489843101
PAT_1882,3718,PAT_1882_3718_982.png,0.08638,8.313220425530393,0.9653546357827293,75.92549014730517,7.260849276714885,0.0,115.30069995333645,93.59290713952403,0.008613437437934524,0.003222211385716026,0.0023344048495410018
PAT_812,1625,PAT_812_1625_430.png,0.83606,9.189818472961864,0.3263395423261827,32.17544161300807,97.48478235902148,0.9022912599058229,157.45570374411392,127.90655507063282,0.036046844335353656,0.0038238870439074295,0.0009376365399333716
PAT_214,329,PAT_214_329_70.png,0.25670000000000004,13.795248539790599,0.8408848620631224,118.71296344363678,99.9911495911496,0.0,192.62551996151996,112.1238787878788,0.0022661492742809264,0.017311506826559464,0.01332725035425605
PAT_810,1526,PAT_810_1526_67.png,0.32118,14.09666584100775,0.9067609366151692,108.61671561819955,99.99557778004558,0.0,204.3501264301346,115.90853261670692,0.0,0.0,0.0
PAT_82,125,PAT_82_125_365.png,0.057920000000000006,8.489672516500363,0.9715318073085288,177.6121745856252,99.82797178737313,0.0,150.72066918974713,66.31029588852572,0.0016435034628585754,0.02204920266529056,0.03572544218355967
PAT_1068,285,PAT_1068_285_845.png,0.15785999999999997,9.782217552564122,0.8723890760195485,80.38009337109763,99.91271457666569,0.0,155.30171661332557,121.3753273203375,0.0037741570394596025,0.001248831737752724,0.004515543379564668
PAT_464,1794,PAT_464_1794_78.png,0.20722000000000002,9.734600354892914,0.9639857839597448,84.56071741352501,99.98702057239277,0.0,203.9243948341878,113.85618794211176,0.0016063317593305593,0.0018670190567406867,0.0009538703408761862
PAT_1608,2720,PAT_1608_2720_196.png,0.06936,7.930168522085707,0.9728251329187935,79.43294373638629,95.64811355995518,0.0,179.0292304818827,127.2231976092641,0.0026575834751239036,0.00396445624410305,0.0020705778359400495
PAT_1593,2651,PAT_1593_2651_122.png,0.11099999999999999,13.754157839588142,0.9839036146316207,140.63779201823996,99.98316751330067,0.0,173.91210436141753,100.76191048724037,0.0,0.0,0.0
PAT_1993,4076,PAT_1993_4076_174.png,0.30886,14.60484745622667,0.882007651912773,72.8960947901125,100.0,0.0,180.8579433817634,128.4737393939928,0.003124042835331964,0.0046223152467612764,0.005536717386832959
PAT_409,2614,PAT_409_2614_24.png,0.04106,8.172893835641938,0.9822558518154338,53.45591380374548,100.0,0.0,189.3005282062117,133.8503697443482,0.0029776709818324365,0.004490711891851241,0.0012417124249907356
PAT_167,684,PAT_167_684_365.png,0.13624,8.982112385794744,0.9847864599339301,66.98366225515548,100.0,0.0,213.52235075534716,125.69666674039503,0.00011586236804517203,0.0035154934684266054,0.0011585860342619924
PAT_840,1595,PAT_840_1595_981.png,0.16305999999999998,9.573626195307716,0.9818902041509996,59.890005041884336,95.45714381788224,2.0772386428595446,124.41902888462961,74.17323211943912,0.00030863627177446507,0.0059639730399120815,0.0007483423812413724
PAT_1534,1809,PAT_1534_1809_366.png,0.21488000000000002,10.837407210537783,0.9379491441533387,68.09310143565753,100.0,0.0,116.51030695832208,92.64029165541453,0.0025946216949964684,0.0026615541308762617,0.0036059403298044084
PAT_1074,322,PAT_1074_322_864.png,0.07216,8.02909031629998,0.9634527834161546,73.47561484963826,100.0,0.0,184.03396760496935,116.29218430570845,0.0016109053057201672,0.004002590454954522,0.0023636842868847135
PAT_575,1088,PAT_575_1088_134.png,0.08787999999999999,10.556105479658584,0.95200013837719,156.94448677945826,87.40331491712708,0.0,195.69789364640883,149.80321132596686,0.002134790286505761,0.018513618371059377,0.004520571207543071
PAT_478,916,PAT_478_916_806.png,0.1451,9.542494122916347,0.9464852681584243,88.76594226038243,100.0,0.0,166.30615310544053,128.86077355159685,0.004925639481475286,0.0035883977363379413,0.009933774150302544
PAT_657,1247,PAT_657_1247_455.png,0.08802,8.826872478709626,0.979950911554759,70.02438637772438,96.62453342382084,0.0,183.27880895826263,119.81840855106888,0.004387793275420937,0.007131144790554988,0.002051240612101021
PAT_294,638,PAT_294_638_564.png,0.0573,8.148913243461621,0.9637587949058583,103.95571262136737,99.96961179062524,0.0,148.27470941274785,80.08030084327281,0.002353950337590338,0.0068597635019592195,0.012732822186004692
PAT_29,40,PAT_29_40_561.png,0.14206,9.122482520890788,0.9769161576564164,108.0601868025776,99.89355849498888,0.0,145.77647283947664,73.36828760733849,0.001880285348481947,0.011176677764604842,0.016382322393315298
PAT_1730,3236,PAT_1730_3236_7.png,0.14654,11.223886574354585,0.9359469178765396,126.99495037067668,69.00425616153618,0.0,160.8725626051668,104.31152462964796,8.394556875768178e-05,0.000909641628061316,0.017026514065914756
PAT_1286,999,PAT_1286_999_824.png,0.08559999999999998,8.69839231204322,0.9780239010621363,92.94300917483702,5.439412484700122,69.51856385148919,93.54292125662995,101.09489188086495,0.014592278353911414,4.880245247129093e-08,6.042199980044164e-05
PAT_43,1017,PAT_43_1017_483.png,0.20526,9.318241010306307,0.9716486094119213,48.139970077248904,99.95490139805666,0.0,166.76007543766144,102.26206387601984,0.001052736354238415,0.00043551915692216086,7.571042742774692e-05
PAT_701,1321,PAT_701_1321_156.png,0.15038,9.744242077098622,0.9664172819785316,131.0031671543365,11.384983924856584,40.81195234192776,94.6801992056988,97.88366008951648,0.5065774283073945,0.0002863418734822767,0.006726483954468522
PAT_145,216,PAT_145_216_110.png,0.22325999999999996,9.112279738835682,0.96913785570597,161.4664676214286,90.30464991982898,0.4863709246392303,125.8398182789952,53.504168893639765,0.006942213469455227,0.014436103801745887,0.018933594653922744
PAT_875,1669,PAT_875_1669_946.png,0.26888,14.159767422630294,0.862412974616697,162.95357339648365,97.81762295081967,0.0,131.31454918032787,62.933794398907104,0.0011978624840250918,0.01195384749495063,0.01490927091673041
PAT_705,1326,PAT_705_1326_82.png,0.061040000000000004,7.915049418596897,0.9642642096947841,80.74555359961818,64.31687314604781,10.661315651718722,200.5257372186355,184.8248124236608,0.14681773659160857,0.0014790965361172956,0.0026467842343933295
PAT_214,329,PAT_214_329_300.png,0.24704,12.694288311164932,0.8836492545311458,101.2389143407105,99.8812128790247,0.0,153.42322600812753,107.11072210065646,0.0008527575223196138,0.0014602610002357836,0.0029514693395305104
PAT_1100,402,PAT_1100_402_375.png,0.12664000000000003,9.064637383373427,0.9697320408827611,70.5314311780975,91.70606715304088,0.06418887184143783,134.7602676101909,118.1974564507207,0.026660649233215317,0.003386389336452949,0.0058348421808025585
PAT_1418,1447,PAT_1418_1447_334.png,0.09967999999999999,8.0490789732413,0.9744131514437362,143.10551866353768,94.17330338302362,0.027227554284936353,119.21931794976516,94.32012796950514,0.02606475100942085,0.006047732397648566,0.011633193487629473
PAT_1801,3459,PAT_1801_3459_857.png,0.05007999999999999,8.799408740185232,0.9854980364812383,44.56976483165323,96.85505108301507,0.0,145.7579037350577,96.34566173530588,0.0006560430875295342,0.0027715721647244293,0.00015407032642342293
PAT_135,202,PAT_135_202_695.png,0.12556000000000003,8.751918322860146,0.9437810688944888,124.66531289289121,90.25804581037981,0.028993911278631487,123.2709481008988,94.06074224412873,0.030955288614569976,0.009833982548574384,0.011482239238917382
PAT_1370,1274,PAT_1370_1274_515.png,0.08688,8.632954445876804,0.9936871531802707,61.39882719801001,79.43587851776007,1.05664553626549,127.2390533479891,107.46280472196709,0.01564491564717152,0.0057773963044360456,0.0034675492761912503
PAT_507,954,PAT_507_954_812.png,0.31528,10.212063998022156,0.9534380324538774,85.99039118683459,72.3858899358952,1.4011980243107858,123.95421585455564,108.9360353101902,0.015679481309010534,0.010514838169578917,0.0029734034298185214
PAT_172,266,PAT_172_266_950.png,0.29626,21.28287492983632,0.7576687786730659,78.89032312229735,18.83457005674378,23.28677433435181,142.92645133129636,140.9192492361414,0.10926913602009658,0.0011237567961123267,0.004434915109230587
PAT_678,1287,PAT_678_1287_652.png,0.2978,10.036631885231802,0.926856806326377,71.03772045378288,98.12017994858611,0.0,143.35363110539845,108.00208868894602,0.003937845181534394,0.005237930735558282,0.0020429986418027675
PAT_1573,2497,PAT_1573_2497_736.png,0.12938,10.182215356886717,0.9100563593334018,57.12223088075244,100.0,0.0,168.4436967249888,103.27785254972335,0.0,0.0,0.0
PAT_1780,3381,PAT_1780_3381_999.png,0.07422,8.384889502301416,0.97392690412785,67.93790587350584,99.80314960629921,0.0,106.47086614173229,71.14663167104112,0.0011304790861662584,0.00892076669491555,0.0030840100165832984
PAT_406,808,PAT_406_808_975.png,0.02386,8.178365330689184,0.98484606088763,102.37261739533115,99.86380660537964,0.0,179.62221654749746,106.6105720122574,0.00037820951960521043,0.002627831261086746,0.0027118427764936995
PAT_566,178,PAT_566_178_625.png,0.09962,8.353500568151313,0.9620125653848655,49.54315437874155,100.0,0.0,141.6306951314762,82.30734183806301,0.0040047514244334614,0.0016970039416815807,0.0017184662466893299
PAT_1282,978,PAT_1282_978_328.png,0.29538000000000003,13.083995937366426,0.8046728722977613,104.8205339088519,99.81722919458998,0.0,166.85873847528532,99.78794524998985,0.0016823275977392305,0.0037261127878270104,0.012235827326464334
PAT_755,1430,PAT_755_1430_681.png,0.1193,9.020396200658734,0.9639939899985438,138.58713760531847,100.0,0.0,215.5393186601365,144.33011742491297,0.0009703846208469757,0.01743406756713523,0.002378857661985641
PAT_1755,3309,PAT_1755_3309_828.png,0.12845999999999996,9.360611886852114,0.9543978913291243,64.24663192599314,97.79447568672008,0.003819089719965246,144.8670956777452,111.92702674317576,0.015959009849593198,0.00898653815230336,0.0012421396267882137
PAT_886,4635,PAT_886_4635_304.png,0.11194000000000001,7.30153819736977,0.9103780914068602,66.56390398269642,99.85472777527801,0.0,175.46353334417267,138.0482786262284,0.006880791526358787,0.0034974555965731867,0.0020430414014358557
PAT_246,377,PAT_246_377_159.png,0.27292,9.84642531835653,0.970970812865017,69.50120798412861,99.7756456155425,0.0,219.06959759415724,150.40436297675308,0.0,0.0,0.0
PAT_506,957,PAT_506_957_377.png,0.18622,16.049360114728316,0.8898227873208993,132.56733482010512,94.67914848342771,0.21166191798607856,193.11406300717712,160.58034361813395,0.040512782326857844,0.009134358437196568,0.01583478976595059
PAT_302,651,PAT_302_651_529.png,0.08456,10.326963444341848,0.9802957064513657,114.0858069976596,94.34384517334318,0.05740807410506651,158.41987681589524,128.70476681618712,0.008105828345189803,0.0008571178875190979,0.0001822228070905901
PAT_1443,1536,PAT_1443_1536_166.png,0.11623999999999998,9.68771257094725,0.9403121036138719,69.3206204648205,99.98129792406957,0.0,191.2686553207406,94.50345988404713,0.001408723565782255,0.0034567943533446665,0.005612265847226692
PAT_1347,1226,PAT_1347_1226_928.png,0.26116,12.409748246285687,0.876890207138939,46.600903740756806,100.0,0.0,174.83023197334506,104.181240963098,0.006208283498234213,0.0017071136157875454,0.0019682797632191266
PAT_136,203,PAT_136_203_436.png,0.12244,9.626475217388759,0.9672756830812597,119.52615803513811,99.96562747052555,0.0,163.4684632042072,98.99099439727769,0.0013642744864553746,0.019194517171007036,0.004301227996773688
PAT_154,235,PAT_154_235_162.png,0.09046000000000001,8.298059122438623,0.9845844205449283,126.98825311237906,87.43107692036241,0.0,214.13339979356158,123.82677700240845,0.0019383696548446183,0.03724011908014386,0.0017629269932732537
PAT_762,1436,PAT_762_1436_414.png,0.17802,10.134599465025067,0.9367601214372799,126.5191687915743,87.43354720439963,0.1924839596700275,129.8839596700275,99.88350137488543,0.0069659769059673415,0.021786414636857605,0.006897577930570035
PAT_966,1825,PAT_966_1825_546.png,0.37983999999999996,11.867353898104321,0.8996610791060065,86.02744684476022,85.92938999948609,1.1370060126419652,95.87469808314918,81.79019990749782,0.037239430476046276,0.0039146358893133925,0.007996687987001965
PAT_882,1677,PAT_882_1677_789.png,0.10724,11.542991199486778,0.9487128710058217,150.26479245708137,99.74457215836526,0.0,203.92923640518922,82.78908718155542,0.004179519054214098,0.011240093218688236,0.021161937176943306
PAT_1790,3427,PAT_1790_3427_355.png,0.26944,14.349112775904418,0.8913347761612066,109.94817603875099,93.87656134176672,0.00034638752450691737,225.3740396405883,169.30892917760673,0.0018707244241049636,0.004462907134541458,0.0008472213320138492
PAT_375,763,PAT_375_763_980.png,0.16662000000000002,8.378041603471008,0.9662489977393084,41.04428542575285,100.0,0.0,181.8249925528746,88.14492106047066,0.0004496831890973274,0.0006943495368235079,0.00036155448637070173
PAT_492,937,PAT_492_937_126.png,0.10902,10.405748144562146,0.9426992847877116,158.98951902666758,90.05609021304414,2.0746286605879143,149.56568475388454,89.35417932216873,0.0434739948849715,0.04002314514466675,0.008741343759704513
PAT_2056,4364,PAT_2056_4364_112.png,0.07386,8.69484523877999,0.9794609923928993,81.4435717986448,59.490232171486255,22.118639035686716,82.59549611068226,72.11158779169882,0.6704148392668412,0.00017121535979412877,0.0011364648262196968
PAT_1066,281,PAT_1066_281_698.png,0.15506,8.758464619587153,0.9560840383536303,95.01173664103972,87.62752550510102,2.2704540908181636,191.64112822564513,157.82656531306262,0.07510480452373258,0.003863809032892271,0.004808218539240293
PAT_619,1175,PAT_619_1175_767.png,0.10191999999999998,9.186526894217687,0.9848685276966359,71.44939089592252,97.10532976787192,0.0006887562267867628,174.0754945700181,144.06064498576856,0.00017165977078636985,0.0012360516917577955,0.00041245218672613634
PAT_1315,1110,PAT_1315_1110_317.png,0.26020000000000004,9.560462761229319,0.9388685666349068,55.17537259992587,99.94694960212202,0.0,225.6050397877984,133.39018567639258,0.004116602900111843,0.0012841513281755701,0.001457420200980494
PAT_40,56,PAT_40_56_499.png,0.18222,11.289072206683953,0.9295911199061323,66.6469182851294,99.99458779276658,0.0,145.04673440946053,76.50376824928627,0.005269204321687981,0.0008011872024863215,0.003140515035393659
PAT_490,933,PAT_490_933_17.png,0.15654,8.466083416399135,0.9492125655736844,99.52265928997869,88.15718643459537,0.0,175.64597164902207,105.62856630181231,0.023310857496958826,0.0012788793485642657,0.00551890140611503
PAT_688,1305,PAT_688_1305_242.png,0.06881999999999999,9.155111718268754,0.9783578417932719,68.38349769349489,99.67234600262124,0.0,176.28555701179553,113.27627785058978,0.0025762902557766587,0.0038101428812438733,0.00024622306072143396
PAT_796,1509,PAT_796_1509_400.png,0.11952,8.926162631153225,0.9751335058065966,77.62654798506826,84.05987394957984,0.0,150.1803026766262,125.77557967631498,0.02799521143086603,0.004487266151366767,0.0029284831740925854
PAT_1151,551,PAT_1151_551_241.png,0.17212,9.142837052093126,0.9756888777141942,22.31665642439644,80.96095768293127,6.494924134919769,134.12758796346833,121.0044027216825,0.18410647415882186,0.003802798755037097,0.00292330300791961
PAT_1582,2574,PAT_1582_2574_989.png,0.39176,11.290754043831784,0.9017614844924118,103.47951632919118,100.0,0.0,122.63570822731128,63.45843935538592,0.0004366184955043595,0.0027586037426934897,0.015666406101508105
PAT_180,279,PAT_180_279_746.png,0.08652,8.561914764683426,0.9927334932222338,111.15102889618073,99.95719769143678,0.0,170.70995913069893,74.57914975285118,0.0023680933639993462,0.003156378528111107,0.002775798737158966
PAT_2071,4433,PAT_2071_4433_848.png,0.23874,18.363922488235907,0.88921671680463,38.2714896838367,99.99809861350897,0.0,172.62915738156264,117.3121011841835,6.312404636776847e-06,0.000563489820060077,0.00015720094237850482
PAT_628,1191,PAT_628_1191_564.png,0.08758,8.528122229487334,0.9804454763790319,68.92304535779633,91.8450683806118,0.026579036389117097,186.627458560866,145.39049437007685,0.03214711958659666,0.0037985738259394444,0.0011193751343175496
PAT_2018,4167,PAT_2018_4167_11.png,0.2995,18.63123221629672,0.827544257067513,101.20615537850857,32.409351549332904,0.0009415575244569568,139.51620577425845,126.76296917026812,0.026041513408252115,0.00016346474712034044,0.01029092762967037
PAT_1432,1497,PAT_1432_1497_328.png,0.10336000000000001,8.900805792592536,0.9614349293205378,78.1684926627738,99.91119348237383,0.0,183.87986022626356,88.94843430248272,0.00046829510320200995,0.0020847291963164787,0.00041509940528018516
PAT_377,768,PAT_377_768_643.png,0.16821999999999998,8.733120022272454,0.9813895701400849,60.84385615835624,94.99819870074028,0.0,126.16438308405675,93.66871201292287,0.014314747608973999,0.0026576118885122723,0.0006441766563886111
PAT_996,6,PAT_996_6_622.png,0.32862,13.344697983778987,0.7963616840084219,49.26077528467461,100.0,0.0,125.98941344778255,83.090510252742,0.0034628191714268786,0.002610461115597973,0.0014989321282274897
PAT_877,1667,PAT_877_1667_667.png,0.16286,9.055900888353081,0.9569287469517355,154.9537679470607,83.57401593817919,1.1591403042743298,171.7938662158899,136.00362231345085,0.02124425732692481,0.00770024929682911,0.013786877072797219
PAT_722,1376,PAT_722_1376_280.png,0.12234,9.7013152481082,0.9665910839630516,116.68155855114631,97.32439072503273,0.0017933038035973675,155.0300438163896,113.41896358995511,0.005770567187153186,0.01183261523387365,0.005923165353717357
PAT_101,1041,PAT_101_1041_658.png,0.15476,9.44806729308778,0.9722783958998767,100.61797078539796,74.79925963318189,0.0,109.64646811374726,75.79686353693421,0.04751563196386166,0.018978192360573458,0.00923246790824185
PAT_838,1586,PAT_838_1586_622.png,0.08836,9.980153945673866,0.9716007356969156,87.26702933201568,99.97032494188635,0.0,229.9509619664672,148.98795687224887,0.0024671794009549775,0.004026522313424432,0.0025326109971083944
PAT_202,308,PAT_202_308_721.png,0.19636,9.486572992735844,0.9474075724004247,110.6065346432368,99.96121024049651,0.0,136.2643037238169,70.39003103180761,0.001102917834033157,0.02428643883766253,0.004724425414517717
PAT_590,1121,PAT_590_1121_504.png,0.14817999999999998,9.072148244751588,0.9669814819932956,97.75603984477682,21.317634482975446,43.39139183198667,188.9611877888515,191.00457446474047,0.1525576174150115,0.0003712080864161239,0.0038842796783118347
PAT_567,1077,PAT_567_1077_64.png,0.17066000000000003,9.732299985064817,0.9518721754338402,106.34967098359733,99.99574511539248,0.0,192.17365886037172,99.6217237388522,0.00038162269871999666,0.007483610096749957,0.0016693369898270179
PAT_164,255,PAT_164_255_119.png,0.18462,10.55057953747818,0.9070711855519963,107.2277832949494,99.82865343014414,0.0,191.3866863715222,139.12045663860866,0.001708174612049418,0.0023791879331930364,0.0005111469902846232
PAT_419,832,PAT_419_832_706.png,0.21176,12.025656946047242,0.9346010100569735,153.67582968757483,97.67979082578123,0.0016923480482996134,119.28613374626626,68.19435771160697,0.011155272885993273,0.021789442337267487,0.018769460690845053
PAT_86,1109,PAT_86_1109_164.png,0.2966,11.720826193847662,0.8458282047544429,136.05057976851512,81.56886820114353,5.761160387040023,127.52188553731125,106.61737648438645,0.1957398083908154,0.00820239734811177,0.013133994838617106
PAT_79,120,PAT_79_120_532.png,0.49226000000000003,15.861129866324887,0.7735458404675816,42.18672833419414,100.0,0.0,147.91335183472094,61.79448041936479,0.00028102171054511516,0.0016415087532105374,0.00020021512936942726
PAT_1942,3917,PAT_1942_3917_379.png,0.11307999999999999,8.49941251662844,0.9763804215401283,125.83700450211576,99.97721317078728,0.0,116.43158254528882,55.33921993087995,2.4982065875645e-05,0.0018864060045098024,0.005518518648522485
PAT_585,1130,PAT_585_1130_474.png,0.037840000000000006,8.98370509500791,0.979942697840928,117.12076398498698,31.882990249187433,53.22210184182015,132.38881906825569,135.92671722643553,0.5755864401028198,0.00290606457995182,0.011227563824323621
PAT_460,893,PAT_460_893_307.png,0.23708,8.34273972491877,0.8484026471797183,100.07232468793686,98.15367776762375,0.12804709582810872,126.66354961426477,84.38212494421185,0.0033481653250864163,0.01412794049609972,0.003922736808404849
PAT_291,446,PAT_291_446_704.png,0.18212,10.139833992123137,0.9646968896913987,125.02259271991316,97.19761747973719,0.13665328190680842,150.93556500685742,99.83396626248323,0.00010084355472539386,0.002980283389267558,0.0031395991408936248
PAT_1158,570,PAT_1158_570_376.png,0.13664000000000004,8.957605376575422,0.9140770309067205,50.02972629134737,100.0,0.0,171.39995483288166,117.5693315266486,0.007204780976956426,0.00186232697388705,0.0011583677134958613
PAT_1278,967,PAT_1278_967_599.png,0.0619,8.282713468712899,0.9830162238413768,94.65514058900885,65.59224568033824,0.0,186.71981674574153,169.90290786987316,0.10051670199452989,0.003295827228275661,0.004989051581540822
PAT_641,3704,PAT_641_3704_317.png,0.09718,8.592828292183265,0.9790401167182243,123.94825446789348,99.61588121368625,0.0,123.71659134925758,74.88660426081343,0.0023532804392468742,0.0182330243206085,0.009984383220334531
PAT_822,1550,PAT_822_1550_132.png,0.11295999999999999,12.444670288140633,0.9125867377341785,114.56286998791813,99.84718346113203,0.0,182.09793264150431,112.8584279404991,0.00013566563424827205,0.0033400353693317873,0.0007110780934557613
PAT_338,709,PAT_338_709_306.png,0.0631,8.05612410110097,0.9640427615577283,131.2437249750979,96.79645145391818,0.0,208.57499589288648,135.28371940200427,0.0021268218662965355,0.00983867226439393,0.0104549145850859
PAT_264,1368,PAT_264_1368_868.png,0.18924,8.730138249525714,0.9168818510739226,84.80015970910014,100.0,0.0,155.92432814710043,82.37270155586987,0.001159790544178696,0.013502335984399656,0.0024679887921242026
PAT_526,3205,PAT_526_3205_611.png,0.12336,8.722654141578028,0.9865183431936829,49.01324840467433,99.57251279173262,0.0,159.44317489268974,130.3861020620229,0.008268744264378403,0.0016408549862777456,0.0006894520804007288
PAT_917,1735,PAT_917_1735_936.png,0.27642,12.667438552947674,0.8422814151546368,78.20622346699137,100.0,0.0,87.14235705950992,37.25989180014851,0.0031507120542546563,0.012181883098145139,0.00783526187181135
PAT_1484,1682,PAT_1484_1682_240.png,0.07556,9.963366260493567,0.9331177749740619,95.26605745070579,41.31015212666874,2.0738900962434026,56.28817137534927,45.41601986960571,0.028330145588497446,0.0010092307479635503,0.005978173368488751
PAT_188,289,PAT_188_289_859.png,0.23098000000000002,11.855435735429767,0.9022559705513388,110.03285522645274,28.30027831406865,21.088350090681914,144.09152604702086,139.02181380538073,0.11569460136333265,0.0010355641535473499,0.006486646997458429
PAT_1161,578,PAT_1161_578_233.png,0.4016,14.60696328040443,0.8983952085203916,98.15814090821033,99.86406460296097,0.0,114.7921668909825,62.92889636608344,3.4734829438498593e-05,0.00755755603160727,0.002964920938882009
PAT_950,1804,PAT_950_1804_64.png,0.11478,8.826819706896563,0.9808926210146847,122.58523142216005,97.67784361406994,0.0,164.08801132536448,129.58802845041157,0.004975058474769423,0.012070506734529012,0.011342457555470201
PAT_1547,4232,PAT_1547_4232_115.png,0.06922,8.036891605024215,0.9502180916832903,76.33812487574544,100.0,0.0,177.47143210487263,85.32525352461043,0.0009237742473658939,0.0009239085792855197,0.0024689178426709614
PAT_689,1307,PAT_689_1307_354.png,0.32506,10.231561053794493,0.3185367618040181,82.76765041967711,100.0,0.0,166.69184753266387,78.80490227837167,0.0031207429517935426,0.0031101462345022304,0.0015386129549035078
PAT_1545,1867,PAT_1545_1867_547.png,0.16826000000000002,11.639327414696737,0.870684243233449,70.57159542380964,100.0,0.0,154.6455287034211,82.9369745567548,0.001379105616180376,0.00042241206867242657,0.0002823651186478717
PAT_354,1814,PAT_354_1814_153.png,0.61682,9.979777546860706,0.24341194877867275,108.53172852104412,97.48070845888147,0.0029396634085397224,136.20796648783715,104.24635849195268,0.003190486716160401,0.0021277127452625287,0.002928830650962817
PAT_835,1578,PAT_835_1578_592.png,0.03849999999999999,8.208344391389762,0.9944996640843591,145.41341999289344,81.00353349043904,2.0484807101399793,146.9662472555077,119.43064449422234,0.059603725584832845,0.005916274799831808,0.01808097164920035
PAT_271,418,PAT_271_418_92.png,0.05417999999999999,8.575125348367452,0.9824297149267257,124.62724919938054,99.5568165830324,0.0,189.1774765902234,102.6032296893808,0.0018673851417601028,0.013025681920889062,0.006743934329739505
PAT_333,1468,PAT_333_1468_620.png,0.6756800000000001,11.533066797831413,0.2574276726262458,65.46517119838256,100.0,0.0,136.75335638413856,88.25767062268324,0.006261286334364624,0.003532678996844145,0.021576760502921732
PAT_120,183,PAT_120_183_623.png,0.08492,8.73221869198637,0.9776558228299692,119.28785993013533,99.62752722775964,0.0,178.19282915418884,125.51496595598861,0.0074523373259387515,0.010084862911823797,0.003961922027724965
PAT_224,1340,PAT_224_1340_551.png,0.45274000000000003,23.04563458994408,0.8484518883557833,145.64703046034484,100.0,0.0,173.0193913112716,102.91977656505522,0.0015737402270386003,0.020221732237837207,0.010431362886422477
PAT_1130,501,PAT_1130_501_181.png,0.40198,10.633486181969477,0.9387988721044507,71.66154643640775,99.99898225044781,0.0,167.61046314389623,69.3095281713076,0.0,0.0,0.0
PAT_1264,907,PAT_1264_907_674.png,0.11534,8.549704450739515,0.9779045150933645,54.00156192924017,98.63183463044663,0.0,129.78870272145937,90.65887572497893,0.001425643985371261,0.006567849830732101,0.0019412104104441364
PAT_387,1614,PAT_387_1614_866.png,0.12436,8.508488345530646,0.9873952691759161,108.78061206307761,99.97379811975307,0.0,152.46562837349208,85.61995744814648,0.0045703516385441345,0.03252400736210023,0.0030010757423092737
PAT_260,400,PAT_260_400_566.png,0.09073999999999999,8.022888067638942,0.962263817572457,72.38745521549795,100.0,0.0,189.62812555417628,95.17042028728498,0.0006746949973300831,0.002004778458220602,0.003985835935514653
PAT_514,967,PAT_514_967_300.png,0.14928000000000002,8.601323831990198,0.983552599633419,70.2348762927154,100.0,0.0,167.2790687592127,82.33662100060695,0.000652434812518532,0.003301044798679763,0.0019091687599804568
PAT_307,1685,PAT_307_1685_651.png,0.06402,7.9632761104341885,0.9750059248457316,114.98629559068608,100.0,0.0,194.19223014888337,127.39043114143921,0.002328210400234898,0.002296980326022147,0.010119455969282546
PAT_934,1777,PAT_934_1777_423.png,0.26666,13.63799093074339,0.8512795869255252,59.023193598738764,100.0,0.0,151.29305107406236,116.62726469601697,0.0036641921220510465,0.002060864682944386,0.0019128117863403296
PAT_1393,1355,PAT_1393_1355_270.png,0.07422,8.541091010316164,0.9823499388624812,107.89330714765048,98.1998212588484,0.0,150.97725306058757,107.12572170286411,0.0,0.0,0.0
PAT_409,812,PAT_409_812_974.png,0.08628,8.400838943331678,0.9872915489291747,155.44038187552601,97.93057035499973,0.0,183.39305142728955,102.62179630979755,0.003153358761724734,0.025594718429743833,0.0042729636948628715
PAT_425,841,PAT_425_841_644.png,0.06627999999999999,8.382761487988422,0.9767765202503034,98.4497171590706,99.325883957612,0.0,116.24068828034834,62.57362816073864,0.004072981157223432,0.017383451012964877,0.002076083245756986
PAT_867,1650,PAT_867_1650_901.png,0.25458,10.585375127336814,0.9727739324942266,69.38085352216592,53.688002327891546,21.025275684570694,173.27075786917652,164.15357060434874,0.3657620122750226,0.0037289785530632744,0.001762648567736612
PAT_880,1673,PAT_880_1673_410.png,0.13436,8.88861039356193,0.9341606864988249,44.6533765486479,92.52486365094641,0.0,244.57277296545823,152.57747834456208,0.007281067817017317,0.0007574029050566333,0.0021253611786350474
PAT_831,1570,PAT_831_1570_991.png,0.06284,8.546680486275395,0.9861934448094963,125.61243901712005,63.84088019593782,5.474549907677812,183.8411053720082,167.6715824334951,0.32040371394133516,0.003185807265375757,0.010796079599685877
PAT_890,1694,PAT_890_1694_29.png,0.22225999999999999,14.27017360254458,0.856386421224379,98.96808508357783,93.44283694115087,0.07832046122049385,116.7114543674535,94.54902643315566,0.0067060707485667725,0.0072557092652426915,0.00579211501783729
PAT_452,882,PAT_452_882_896.png,0.1853,11.030139631875706,0.911759201764618,108.18686029728563,99.08068117147485,0.0,189.40585737425033,106.26094062367757,0.00459058576275706,0.0019051074182578956,0.0021296742915221435
PAT_666,1268,PAT_666_1268_870.png,0.21932000000000001,13.863444109232136,0.8610721900038784,67.42781545321907,14.1609954569505,22.16697987556788,160.05849404294915,158.51937637979165,0.060530351559500706,0.004369227572260847,0.0011738391730868418
PAT_2140,4726,PAT_2140_4726_85.png,0.37976,11.441051301366219,0.9831832861215191,87.01979174782778,99.7786876175722,0.0,216.5318413190218,120.67610932831693,0.0018077971128209747,0.004242491045541402,0.00037803116519633814
PAT_1486,1684,PAT_1486_1684_182.png,0.8553200000000001,30.384326858791404,0.23289441182460352,120.93598810740723,93.53133260768153,0.046649043694604264,178.79583268542996,139.14756647488727,0.03799632886005233,0.005638908420081886,0.014039383367616523
PAT_723,1396,PAT_723_1396_338.png,0.21596,11.68372676340772,0.8955936974000974,90.03488929060015,99.69746298912709,0.0,166.17364395847412,112.89196203698016,0.0028348364500159207,0.00430366409290702,0.004462313638235515
PAT_155,240,PAT_155_240_211.png,0.13455999999999999,12.145726874301836,0.8812336731401188,143.8570896946936,98.79853596435392,0.0,160.62866008911521,50.4035646085296,0.0012524329081301522,0.004339064562941787,0.019693663079363537
PAT_1172,622,PAT_1172_622_420.png,0.22776000000000002,9.535688890251516,0.9435199951753208,66.78277009754359,99.9924062167772,0.0,203.01079582848175,94.80767478357718,5.2266708579717935e-05,1.1544195890795899e-06,2.7351597496074124e-09
PAT_667,1264,PAT_667_1264_8.png,0.28256,11.826266781938202,0.8238718033160997,105.16709526807978,88.48360655737704,5.478142076502732,149.99931693989072,116.02540983606558,0.034159434210699,0.004548418222011001,0.0015131814464475635
PAT_321,682,PAT_321_682_236.png,0.07774,8.227407472563247,0.9641266182959017,91.92938437356413,71.60886415581834,0.0,110.47232435655371,71.83772234920004,0.03748143148212668,0.017597263898208614,0.002858637794053813
PAT_1364,1246,PAT_1364_1246_583.png,0.27064,9.938546493638077,0.938127555159022,38.55222026116873,59.67586508979414,0.0,169.08357424441525,87.73447218572055,0.0005171744042142823,0.0011544009596300222,0.0003084263818861385
PAT_2013,4148,PAT_2013_4148_303.png,0.22759999999999997,9.004005587072808,0.976495839169897,58.382273643566776,79.0213453227989,0.0,117.05355973634816,80.18713169496705,0.011039205010185849,0.008481362024964684,0.0016755357840066774
PAT_1946,3924,PAT_1946_3924_627.png,0.34474,10.738316343085257,0.9363618439019897,85.6320189779652,100.0,0.0,198.76184622261957,104.91802637460886,0.00024944841808360874,0.0057508433251914765,0.0030682620931598483
PAT_943,1793,PAT_943_1793_787.png,0.18084,12.301250003649422,0.9273053315885129,153.26747126342272,99.89053761406164,0.0,186.56904671796812,113.02273348471469,0.0017756568161952924,0.018122535508026765,0.013234336540070536
PAT_1153,555,PAT_1153_555_98.png,0.09523999999999999,8.829312391675538,0.9617119535086281,73.05928188454804,89.2198122369699,0.0,137.21322973993742,104.83910650696018,0.024225788743327037,0.008027791306243834,0.001580207906393935
PAT_903,1720,PAT_903_1720_647.png,0.09206,8.773918212317017,0.9572517099185167,160.2712800872345,97.63869693978282,0.0,165.94088845014807,108.31830207305035,0.003240672806505085,0.003694226163677877,0.0033855978427550174
PAT_1393,1356,PAT_1393_1356_371.png,0.26630000000000004,13.552388957531114,0.8353587873765752,113.92804286710145,91.98639810724984,0.0,153.8710249098155,127.75831451678197,0.0028063622148086775,0.008829547604474196,0.009166948152126988
PAT_437,857,PAT_437_857_425.png,0.09518,8.573740205792786,0.971369436553609,51.485729323539275,99.89784137424344,0.0,202.070440471609,166.1575272014834,0.0004150572046165424,0.0016561590831263432,0.0006423421190512015
PAT_422,837,PAT_422_837_683.png,0.15492,8.500399921032567,0.9833177109980764,78.79155831142347,98.50126156433979,0.1665264928511354,132.64864592094196,94.88158116063919,0.0033287085229690705,0.007188287859536473,0.005252707704371903
PAT_524,987,PAT_524_987_738.png,0.09668,8.709662191428729,0.9820926769605666,105.99409160679092,99.94360796255569,0.0,206.75050282900054,104.71999473674317,0.0005078799104403231,0.0032651836207300486,0.0005197806896085798
PAT_53,82,PAT_53_82_657.png,0.06976000000000002,8.49587881394734,0.9540714277245155,113.16344856741877,99.97767607991963,0.0,131.63009264426833,78.73601964504967,0.00627390267440775,0.007206513019942112,0.006207780423502053
PAT_1708,3157,PAT_1708_3157_518.png,0.7986599999999999,48.69475427892737,0.4037775161893753,99.1592583862958,99.92419274295925,0.0,120.81834535620386,74.65528755617859,0.0005699122245604871,0.00026463099793686717,0.001504129724679012
PAT_746,1407,PAT_746_1407_708.png,0.18144,14.039702983120128,0.8787351437033092,105.06696581457813,63.128177093107695,14.503455534975561,69.51012182086703,53.292133456269326,0.028858381014737478,0.0005880548944475078,0.022077625797751767
PAT_730,1383,PAT_730_1383_535.png,0.13812,9.009954180992208,0.9778070566934437,97.53455904009712,90.54409577915888,2.853929156975636,121.56380828916765,96.08087085827582,0.019636959761788808,0.006683702682895797,0.0018491418759299465
PAT_183,283,PAT_183_283_602.png,0.06196,7.931646895833195,0.969181157129026,101.7120168656826,37.4788902291918,0.5428226779252111,121.824246079614,108.57092882991556,0.2579792863971744,0.004478628400517672,0.00752778076414
PAT_621,3592,PAT_621_3592_955.png,0.09296,9.088177318624293,0.9830558526510631,102.72189786928999,100.0,0.0,98.73162582451296,54.59754180088971,0.0017669147105984218,0.008789505388306862,0.025375716519845527
PAT_1813,3562,PAT_1813_3562_195.png,0.15616,9.363879347607066,0.9640557665364067,38.16825010407093,99.99917690053665,0.0,122.00564646231851,56.47042603628223,2.416953695960622e-05,0.001333105203075395,0.00019254199737628428
PAT_860,1641,PAT_860_1641_440.png,0.15754,9.47646014250925,0.9320339302474133,102.43162656403616,97.48661857109612,0.10860290124893336,134.68342254285935,94.99550073694826,0.020437338497004687,0.022447693226354596,0.0037320721577148966
PAT_1719,3203,PAT_1719_3203_18.png,0.21416,12.077249178807072,0.9102850101520711,79.84279977384662,98.28456949614112,0.0,142.9586432808585,109.88538870628415,0.005909275997209917,0.005046706637874261,0.002465643334431305
PAT_164,255,PAT_164_255_130.png,0.1457,11.703898213141523,0.9021086257431024,101.03926396670143,99.6617709793406,0.0,192.06205436041196,148.85453105003353,0.0,0.0,0.0
PAT_763,1439,PAT_763_1439_668.png,0.1207,9.348408008576671,0.977296538963663,70.49102507056291,87.50615043975645,0.24447998031859275,109.32269819792116,83.70692385755582,0.0772669671362104,0.011670776190673285,0.00484637928581874
PAT_1364,1246,PAT_1364_1246_420.png,0.09266,9.325798886034216,0.9749252519427559,70.88888488697835,22.11791691445077,0.0,162.0875031857956,87.4855152493416,0.0004463751277873351,0.00905342515633255,0.0026626332366169246
PAT_406,809,PAT_406_809_581.png,0.24214000000000002,11.236152668531828,0.9071984342021318,122.87671294817538,99.76487067887338,0.0,152.93376356996347,53.121716944319374,0.0006871035387994162,0.002978116107663639,0.0009730838158842159
PAT_1555,2396,PAT_1555_2396_71.png,0.19634000000000001,9.686499368366455,0.9707240533281575,133.31314069778142,75.64733941668227,0.0,132.16349339432963,105.54024045779778,0.14081339401102966,0.03223149944954791,0.006448873329504994
PAT_662,1251,PAT_662_1251_380.png,0.18268,11.298714920070916,0.9188655239986382,141.3219163290981,93.55556762039198,0.0,124.90222053314513,65.8208190817453,0.0014168228307929187,0.0003357018561536138,0.02125898073534945
PAT_412,818,PAT_412_818_61.png,0.1611,10.479431090978245,0.9476094158745166,124.9935960943095,99.08259919189243,0.0,216.88900112605154,124.15532887328608,0.0011206760216155853,0.0052294566178748645,0.0007315208147713202
PAT_86,131,PAT_86_131_107.png,0.27282,15.51663424820401,0.8110411416612981,139.03282858317448,52.33052191007673,13.260194051620267,124.68335024414992,114.02225886232482,0.09893528532066387,0.0006425544245153964,0.004076480919833534
PAT_918,1742,PAT_918_1742_629.png,0.23014,19.685259946680333,0.8364576105875516,142.972655096447,83.98491906349246,0.0,103.16316556447887,57.908540493317055,0.006139226716389001,0.008918764039778395,0.02322096678663172
PAT_475,913,PAT_475_913_874.png,0.12057999999999999,9.17929685143678,0.9526818696143207,99.54241754201503,99.44663020183604,0.0,145.9090618302786,94.08767552698077,0.007979356245006564,0.012983900961323836,0.0031917543732370214
PAT_63,99,PAT_63_99_736.png,0.11714,8.646831180945144,0.9767240829253737,61.619629442611995,99.6541578485521,0.0,136.4055472392849,87.49226586830468,0.007978079865828658,0.01694201790375911,0.0009012239057881153
PAT_388,2452,PAT_388_2452_548.png,0.04138,8.268073235016193,0.9887810536674334,47.76150952811946,100.0,0.0,148.6396548421523,86.13549087393164,0.002567298796980144,0.003634779027360734,0.00045950398299743984
PAT_1415,1437,PAT_1415_1437_527.png,0.13356,10.319432697430624,0.9144548562272125,56.422722718753434,93.11216552582452,0.0,190.36379900435594,143.65630833851898,0.002189328885278896,0.0018776552028684141,0.0009910728542231705
PAT_89,135,PAT_89_135_11.png,0.1413,8.129331777680294,0.9233880319077443,81.97787474356059,88.70317002881845,1.6714697406340056,139.50662824207492,95.29164265129683,0.04286736561833426,0.020721913709195804,0.0017773374564165932
PAT_349,724,PAT_349_724_133.png,0.15352,13.59410551567042,0.9183355678795126,74.28608491698812,100.0,0.0,169.20484624967622,94.38448682051978,0.001381510229274796,0.010389604971720019,0.001270661866102476
PAT_656,1246,PAT_656_1246_483.png,0.10322,9.474161776150618,0.9327320264807574,132.39998452834982,13.784643946426204,55.06564116164965,70.7266277682005,72.22848428590373,0.4260131556730664,0.0031114313609923866,0.004813194149754223
PAT_712,1335,PAT_712_1335_359.png,0.25051999999999996,12.060035387189526,0.8980223934373137,127.3354720600035,80.60406023613925,6.629130313436639,149.3292116152362,121.95063645961,0.08981329173854269,0.01233405991290218,0.004326380571124691
PAT_381,775,PAT_381_775_253.png,0.07032000000000001,8.722927399793758,0.9701819238288476,102.55793593891495,57.716612835275946,16.763797219491643,125.40471843842157,113.20639657351495,0.15063175130833983,0.0036565507610278364,0.0077515512264167774
PAT_1441,1531,PAT_1441_1531_670.png,0.13986,8.962028532728525,0.9737086173105002,58.28559691698156,93.64997653186367,0.0,122.12489590745984,87.77138250034066,0.019347950079548815,0.007286803171733688,0.00152444044371666
PAT_270,417,PAT_270_417_257.png,0.21088,14.821641452781556,0.8690737076861006,94.37446121836838,99.7955990220049,0.0,93.17269437652811,50.10589731051345,0.002183244438034415,0.005315895517213403,0.012364954277504584
PAT_337,706,PAT_337_706_254.png,0.18683999999999998,9.896621186973446,0.9484205472532466,97.92392578829626,25.979898113727113,36.617375740052324,123.80029189040341,124.39682775712515,0.1836502693209363,0.00350713562498765,0.0030680551192048405
PAT_1535,1812,PAT_1535_1812_660.png,0.09788,10.804400901283287,0.9829958180509598,56.39387016265747,99.71718704250844,0.0,122.92478506215231,85.14720248076871,0.0001886492570132292,0.0011757601656276668,0.0008135563081032304
PAT_611,1158,PAT_611_1158_156.png,0.2257,9.605146288246436,0.9438918647188733,84.1013085163622,99.74061264822134,0.0,95.29094614624506,49.87716156126482,0.002364193271112369,0.002635054668526954,0.013144246172580254
PAT_1278,965,PAT_1278_965_701.png,0.16024,11.202108051407397,0.9183797115003558,91.26857483742883,83.63445063346614,0.0,169.73710389231638,141.56288499000215,0.0014977006645436886,0.0001839671692872631,0.0007968194281449489
PAT_71,108,PAT_71_108_56.png,0.4925400000000001,16.072574710731747,0.4977916780328712,61.89689630463083,100.0,0.0,179.76438169425512,117.53580006491399,0.0007726488906442119,0.00017372815132487337,1.612657993664421e-05
PAT_464,899,PAT_464_899_646.png,0.18453999999999998,10.690272115724593,0.9201121728589124,160.90023815868688,97.73461574376692,0.302549257633766,135.6115230180222,69.90245587823325,0.006212322547329285,0.04193235696158778,0.013474686335775688
PAT_982,1852,PAT_982_1852_526.png,0.17868,11.980597411999616,0.9283919249803895,114.64377958779367,67.41693093828829,0.003052957361634248,168.95173274411258,142.3151491560481,0.08344742464220944,0.012922684775144494,0.010926363974539324
PAT_767,1501,PAT_767_1501_691.png,0.54242,9.71378187099329,0.40399857375663223,36.71302996615709,88.08472772320415,0.0,98.68666794619021,78.50435328808473,0.018896815719156135,0.013912233219178173,0.006737695640550457
PAT_1453,1565,PAT_1453_1565_529.png,0.09024000000000001,8.433433343729732,0.9781373503243638,105.0654193696741,98.51924285814067,0.0,108.23517496682265,60.80582524271845,0.0003727485021307597,0.004625315919403432,0.002881591442483063
PAT_721,1365,PAT_721_1365_819.png,0.10488,8.600558600152452,0.9832856703109911,86.45666546894483,100.0,0.0,160.19870955960678,101.97793468667255,0.003516369636751837,0.0009248489666869968,0.003712981251240942
PAT_668,1259,PAT_668_1259_681.png,0.0522,8.14372276902575,0.9810743220549474,37.086647482584546,100.0,0.0,138.96882035119316,96.39869428185501,0.0032730381161160116,0.002565124848075853,0.0004283803209463183
PAT_2162,4820,PAT_2162_4820_913.png,0.08771999999999999,9.144976229649572,0.9423210021861511,80.30100383755413,100.0,0.0,124.90189991307587,51.50068297528871,0.002710257894930179,0.0127713956913954,0.00494856003794039
PAT_2034,4266,PAT_2034_4266_880.png,0.13845999999999997,11.095692079756937,0.9082590185840472,75.02552755793164,100.0,0.0,174.00430347465732,69.88980979704601,0.00021800761869394947,0.00518520585351592,0.0021709980581902984
PAT_50,76,PAT_50_76_728.png,0.25806000000000007,14.326461981665505,0.8601324673103005,154.19138397924152,97.67239837502235,1.1229208717647359,167.00752446408953,111.70128260814022,0.015028407500113805,0.009191346828521447,0.010685242752139211
PAT_665,1262,PAT_665_1262_774.png,0.13119999999999998,8.94361125059079,0.9735337046356749,130.54104741823892,97.87715903389952,0.01576721851931484,96.23590625671899,67.53018705654698,0.0038738157457837152,0.019564860938726437,0.014970052711125883
PAT_940,1775,PAT_940_1775_513.png,0.26232,14.369680628513256,0.8655074157079096,69.89496341416047,99.84498397469469,0.0,165.0096570794143,116.63252822758028,0.01257754400960931,0.007099242445948899,0.002312168371899045
PAT_519,979,PAT_519_979_104.png,0.25514000000000003,11.479146601937614,0.9444292152598454,78.35705455000164,90.91845826070114,3.6048808832074375,111.76467170249855,88.75262444315321,0.04287288676735368,0.00784111967336252,0.003573721159219463
PAT_1138,520,PAT_1138_520_154.png,0.11782000000000001,10.842242151775773,0.9119303421534755,73.28182465113291,99.96197863199117,0.0,109.14315045055321,65.99212957682218,0.0,0.0,0.0
PAT_690,1309,PAT_690_1309_217.png,0.16788,9.08346906700069,0.991392078829252,71.81246053929794,99.31760147051519,0.0,147.69423220229518,106.70634606786228,0.0036395762955392374,0.004460570435880325,0.000982951353224716
PAT_514,969,PAT_514_969_187.png,0.18412,9.53195456357965,0.9592323536935623,88.36936495212407,39.36249260103523,15.38354973993426,162.22259864236867,157.67539009861088,0.11326516280800147,0.0006048433716169893,0.001402832759174647
PAT_1566,2435,PAT_1566_2435_150.png,0.15378,9.431026472216661,0.9309575078020139,65.4369642097577,100.0,0.0,195.30985853808085,91.41934918757939,0.0008871123680702642,0.0003621213348099046,0.0006406149100807951
PAT_147,219,PAT_147_219_206.png,0.11616000000000001,10.25227488176906,0.9419946728969655,135.13532716190215,99.955424079102,0.0,221.59422133970904,116.4677310856263,0.0037847242305728557,0.03483872576510775,0.0006596520691149714
PAT_108,162,PAT_108_162_660.png,0.1535,8.740813292960395,0.9875504534989304,119.66457921999613,72.25052205277478,0.004745934316269062,142.82970005695122,116.28303170284123,0.06499085588128273,0.02526767436658983,0.007330145243954629
PAT_59,93,PAT_59_93_342.png,0.15058,9.603220035409633,0.9937203987676805,54.041262669640545,100.0,0.0,169.96109805218106,99.41210623293995,0.0035587019598934955,0.0011545344132952277,0.0016263658790257177
PAT_160,249,PAT_160_249_76.png,0.11857999999999999,8.535760450932225,0.9698178745348832,72.6685437989141,99.96261332834845,0.0,125.03500327133376,66.12384334984579,0.006868070255396597,0.009102875585639679,0.004117103912752349
PAT_1846,3622,PAT_1846_3622_35.png,0.09507999999999998,9.305111569806845,0.9590217089497675,65.81736821284105,100.0,0.0,209.46861523718255,157.08157642549114,0.0005902658215241052,0.0023273885089014294,0.001916573077667506
PAT_354,731,PAT_354_731_155.png,0.0596,8.89745727831192,0.9828596173017515,116.20086390477404,99.86958189489835,0.0,209.88098708605037,105.27825086306099,0.003939150855597373,0.01584283106428341,0.001254577999542024
PAT_653,1234,PAT_653_1234_311.png,0.22793999999999998,8.042034604761398,0.9849920563885498,174.7619630581286,57.78832387334026,9.418083243093962,162.30971605485584,149.2842939889678,0.15371867990623722,0.0057764522558093456,0.020855328790537676
PAT_686,1355,PAT_686_1355_168.png,0.11334,8.707726476918813,0.9746508926990112,92.19948850724819,85.78123610870034,0.039795266056754826,128.7158152314264,94.33490256510125,0.017647573651039306,0.001342159156800623,0.005917897087786975
PAT_46,880,PAT_46_880_308.png,0.15558,10.133573519454368,0.8988619299986763,36.333758688517115,99.92006394884093,0.0,132.01370332305584,86.91994975448213,0.009932744306331509,0.0007516382839216801,0.0003836321352658361
PAT_920,1747,PAT_920_1747_19.png,0.71862,22.151310774832687,0.5066110927732645,89.90096772185278,99.96248124062032,0.0,214.95670335167583,108.93826913456728,0.0036714785056667365,0.005781311917328367,0.0032318281867210192
PAT_1307,1088,PAT_1307_1088_252.png,0.25372000000000006,10.17717158078834,0.9475906772503814,68.99429108373914,97.9020979020979,0.0,140.78146853146853,62.98976023976024,0.00045729613630707266,0.003703761622611173,0.003102623795559055
PAT_192,295,PAT_192_295_164.png,0.05027999999999999,8.205753008459402,0.986053686066557,68.39258755426643,99.98807231584507,0.0,202.88707891015045,102.09792628691193,0.0016678272239497582,0.0023880020795695634,0.003741274834736822
PAT_302,650,PAT_302_650_477.png,0.36826,22.77822080728848,0.6715536102840772,148.85536363575406,83.10459062943681,0.0,165.3608140085187,143.5575011831519,0.0005898213495907356,0.004434031442745601,0.004297286672711903
PAT_1008,59,PAT_1008_59_297.png,0.22078000000000003,12.433584385773003,0.9053080930944007,116.34405259249189,90.02815524026595,1.1530241251764632,101.47361530635582,58.82922308887434,0.002940815495525051,0.03265468650285959,0.0054398121045377374
PAT_575,1087,PAT_575_1087_29.png,0.40903999999999996,12.726817587196537,0.6588414146997554,136.73529784435283,90.68341121495327,0.8104556074766355,123.02591997663552,78.22313084112149,0.0024632912348075964,0.014270051139693313,0.036286854010244084
PAT_1326,1156,PAT_1326_1156_783.png,0.13734,8.49487727061438,0.951936469403019,73.84165395171381,55.00626903098692,2.7225506000358233,113.77019523553645,101.28228550958266,0.07489268611233546,0.005857164445966595,0.0037897214822025095
PAT_558,1072,PAT_558_1072_486.png,0.14904,8.339103020759765,0.9716040164503276,139.20935697794644,100.0,0.0,205.49171224232225,131.4829617164493,0.002897507300963831,0.013965446527166641,0.01137154250023597
PAT_467,904,PAT_467_904_235.png,0.35736,11.743572183400797,0.9021934716874388,56.494127368302394,99.93175458950385,0.0,139.2046907345481,96.9771377874838,0.00980150924954426,0.008725532680058247,0.0006412975234371214
PAT_998,17,PAT_998_17_641.png,0.14094,9.184335414594948,0.9591308023795942,54.77689800973281,100.0,0.0,184.58994456801892,102.57077287010557,0.0001677289787804792,0.0014423376804183184,0.0027289999102786907
PAT_78,118,PAT_78_118_685.png,0.042859999999999995,8.630380146352769,0.9839786970718939,74.12720407867816,34.131618829882434,9.257697937733731,149.47926612907398,138.09826670321883,0.04982420713609592,0.0020626749016261618,0.003757013427347416
PAT_216,331,PAT_216_331_678.png,0.44254,16.88103411035044,0.8687275669141401,67.89819383512761,99.86081992917673,0.0,195.49461778333716,133.06849773612163,0.0019033155116535694,0.007568157024688485,0.007547072321617071
PAT_561,1068,PAT_561_1068_909.png,0.15038,9.398821454034627,0.9507780791124192,130.74642573093956,98.88682198009862,0.1122036200431098,140.7107213511678,72.72947116662237,0.004173091946314655,0.005489094777875633,0.013957451141786741
PAT_1344,1222,PAT_1344_1222_456.png,0.09725999999999999,8.277206272723863,0.974058361462507,158.94239906671766,95.33224447691912,0.0,177.15034814751138,108.09773919023468,0.002323072325766007,0.03910636449862761,0.004563225081723264
PAT_48,74,PAT_48_74_309.png,0.08206,8.04356372256912,0.9708383334056341,66.46669791861432,81.30768483435344,0.06800738365879724,187.8082191780822,154.3740406101234,0.05384228279526071,0.001947063665548305,0.003371130977648923
PAT_1976,4000,PAT_1976_4000_701.png,0.43945999999999996,13.886010647555919,0.8235917592320791,65.51257382013937,100.0,0.0,144.64633668903804,110.81031879194632,0.003916581582608103,0.0013237243245231441,0.002529718520442904
PAT_837,1583,PAT_837_1583_124.png,0.11612,9.947794745955811,0.9332262422197485,65.37001826627527,16.192389340163864,14.161651958806296,174.57195740276146,169.29414551132476,0.02575961820311168,0.0011880832300415636,0.0006461128266823778
PAT_2034,4268,PAT_2034_4268_141.png,0.28558,11.237149525373043,0.9363751397327285,55.273288310693516,100.0,0.0,158.18088524432935,45.53306478684122,0.0002429645581079054,0.0018143753376926863,0.00031450095133432707
PAT_265,407,PAT_265_407_137.png,0.20502000000000004,15.33027680402266,0.908229264484586,94.75523363600828,98.32011579784307,0.0,241.82644594401745,155.70587755601312,0.01813067002748714,0.015689654892186128,0.0018349892198082235
PAT_919,1744,PAT_919_1744_451.png,0.047439999999999996,8.390735256565668,0.9895656612381419,115.61827359693496,92.13443973338993,1.2516295003443063,154.57789986097816,121.75213621540153,0.025493121026082144,0.015404075452945212,0.004541646615042124
PAT_711,1334,PAT_711_1334_344.png,0.10178000000000001,9.171429949105894,0.9591836547956294,49.106448527183844,99.96714512931982,0.0,141.10052720100435,103.83272954349137,0.004251710818859,0.0010110147118448612,0.001319827779417316
PAT_1903,3791,PAT_1903_3791_14.png,0.09406,8.408147045001469,0.9592228226675881,102.79290317933841,98.83371923505703,0.0,106.36609210187805,66.82042706457422,0.017230853311292704,0.004212870833343028,0.015179711508689128
PAT_1411,1415,PAT_1411_1415_723.png,0.19870000000000002,10.753552794971203,0.9446871222731393,70.61603470343836,96.41978207369144,0.0,76.67479759637543,49.65492682163262,0.0010679621983362697,0.004851115402153199,0.0023875641144635684
PAT_1379,1300,PAT_1379_1300_924.png,0.2355,11.114642668559839,0.9431010024977424,79.26885458380632,92.62207947888629,0.0,201.08241919797345,124.75825360565143,0.0017751305561959363,0.0028403580020496134,0.001382921053452874
PAT_605,1152,PAT_605_1152_536.png,0.17512,9.5608373920345,0.9761984509546073,69.9484389822873,74.25784841718114,0.0,144.88613774683654,109.85536801085861,0.0018252735348710525,0.0015000018084690009,0.0010158066183212078
PAT_1000,31,PAT_1000_31_620.png,0.35312,13.819321534884603,0.8579159060256807,82.43384610042459,100.0,0.0,112.6887301489975,36.311269851002514,0.0006851555782878549,0.010410869496179361,0.011492768736748824
PAT_938,1790,PAT_938_1790_977.png,0.26586,10.106063169886747,0.9079798492826632,145.08858065539349,82.10274790919952,3.763440860215054,111.41111111111111,86.14348864994027,0.011034895737233819,0.004963065448547974,0.013092268240338278
PAT_328,1738,PAT_328_1738_890.png,0.15688,8.961037970446965,0.9673547028241253,147.69475781883713,92.11618257261411,0.6623045004787743,116.44821257580594,88.33590009575487,0.004186130418030065,0.001098041032056431,0.008146822367976751
PAT_115,177,PAT_115_177_575.png,0.12564,12.018351791933911,0.9787652155586152,175.32980600165573,85.98064711774381,0.0,245.40529860964335,130.02322162082686,0.026578440913801238,0.05167941809302967,0.0021776082235555228
PAT_414,822,PAT_414_822_420.png,0.24294,10.662556447792594,0.8930228666028037,102.37150620239096,74.90923759580475,0.0,144.23657181866136,77.94551152760108,0.006813603872083074,0.007830914702144946,0.007752180909395227
PAT_237,362,PAT_237_362_909.png,0.14661999999999997,8.945218875097648,0.9223710078712054,76.38465527386614,100.0,0.0,185.33088042049934,100.93403416557162,0.002644851019680594,0.005784268095921101,0.0027467542556483494
PAT_330,1440,PAT_330_1440_532.png,0.06604,8.27483115250103,0.9850682453558013,106.07495308629376,51.887945613770704,19.98961839219035,182.055273689322,170.36349022956747,0.0830997316448312,0.0057772574248086215,0.0024442194482041262
PAT_1866,3659,PAT_1866_3659_398.png,0.10972,9.155943923025864,0.9598594991733888,40.06409583937996,99.78011497602458,0.0,158.1916708612605,102.38114287228125,0.006228880653220803,0.0022950021048745006,0.0004513762110505929
PAT_36,50,PAT_36_50_14.png,0.25756,11.998098287708821,0.9035294533657756,126.52467523209286,100.0,0.0,138.19811252343806,69.26379090654815,0.0005081926680474691,0.00038373558685899706,0.0012944017096003433
PAT_677,1348,PAT_677_1348_657.png,0.11142,8.95571975828184,0.979763948882074,151.00660112379134,88.55231604190332,5.416719256174008,147.62371155707012,107.26557701207454,0.08237886966400598,0.018419444853621916,0.007587726286053574
PAT_156,241,PAT_156_241_538.png,0.42035999999999996,12.507230848950716,0.9445571676999048,60.88670436119375,99.73498638251827,0.0,155.73722386773161,123.80452265453779,0.006009601870867964,0.0061908271258054705,0.0009339326100759618
PAT_354,1814,PAT_354_1814_619.png,0.15777999999999998,9.184902841483009,0.98126452618454,59.17186388957844,100.0,0.0,133.78358582531945,90.5823475167962,0.0021347536844541493,0.002827620190763307,0.0023713244329259487
PAT_1619,2774,PAT_1619_2774_616.png,0.0749,8.749705600240066,0.9773621026021656,54.95444985970389,100.0,0.0,173.47327661431063,71.8477312390925,0.00024233854784427855,0.0013342886558612066,0.002926039480704318
PAT_1754,3308,PAT_1754_3308_390.png,0.19826,12.603805019547687,0.8911093392448325,20.30874685776473,100.0,0.0,158.75099244517506,128.80299161740874,0.0002654042451265548,0.0010151853970576344,8.1414027785402e-05
PAT_1767,3340,PAT_1767_3340_959.png,0.19802,10.499628351843274,0.944930971188669,69.50880285610414,99.86791256566633,0.0,191.31142443089186,129.49707898073788,0.0,0.0,0.0
PAT_801,1518,PAT_801_1518_78.png,0.22210000000000002,11.784744763387142,0.9408460574551323,78.67034984218705,99.97713623753926,0.0,136.5961649849099,97.73081730329542,0.0013036378085733435,0.00324028058809698,0.0028873243652284995
PAT_2020,4176,PAT_2020_4176_865.png,0.37166,13.807405986356278,0.8385527619480696,110.52849252947617,86.26327279944428,0.5929344050808772,145.85841520293738,115.94411779299395,0.159120888089748,0.01463304935542864,0.005804820165908965
PAT_16,24,PAT_16_24_691.png,0.0459,8.073979488284687,0.9880192608139605,74.13879859971826,100.0,0.0,142.82844978712748,67.48591284748309,0.004074431296203662,0.002274960465997172,0.007851862792073387
PAT_744,1404,PAT_744_1404_951.png,0.05408,8.251437106639838,0.9866168416404951,121.84801036218587,99.52670723461799,0.0,218.30640823379161,138.1823454285929,0.005138586820205071,0.006326561084567486,0.005798987794016662
PAT_1591,2648,PAT_1591_2648_855.png,0.42042,15.603687958413742,0.7679737191839099,93.78799430634312,19.06936178945208,0.0,228.50492509747588,73.9548532731377,0.00019491675642246964,0.016763223432414542,0.0009625074538584294
PAT_345,719,PAT_345_719_815.png,0.11374,8.754657851681038,0.9627715497885656,122.90360044479931,12.650750676839772,27.623266879973745,111.79949134465501,101.60111576011158,0.6365200741730281,0.006867640813586935,0.014020595678909354
PAT_895,1699,PAT_895_1699_872.png,0.20308,10.861626052727228,0.9423657641903315,89.3726689999404,99.52648168317188,0.0,161.34336028504865,72.85403518388956,0.001014559480270183,0.0008142205139554748,0.0078943019793327
PAT_976,1837,PAT_976_1837_503.png,0.35130000000000006,12.080800125878831,0.9283883397233356,94.32622730056262,82.96715343470655,1.1270880247753818,100.56767324267906,79.33368885518917,0.04467814775748624,0.002979498527975046,0.010706968418221254
PAT_789,1483,PAT_789_1483_793.png,0.19858,10.104059062020493,0.9379583985577257,193.46590412750504,48.36459646910466,0.1733921815889029,128.31474621689784,111.3625866960908,0.22741376370914224,0.004183739601011953,0.025397028524108717
PAT_1554,4170,PAT_1554_4170_992.png,0.09557999999999998,8.037716121733663,0.9731698161610773,149.37761348056569,58.584337349397586,5.100401606425703,135.81576305220884,113.12951807228916,0.35578939542589316,0.031097397168435813,0.010272763381225146
PAT_228,348,PAT_228_348_2.png,0.13899999999999998,9.094191004334409,0.9591726883401157,140.69080401644163,60.01670410690628,15.232417487471919,130.4235931109959,117.74526236967917,0.09156556735518784,0.004940331740580613,0.017913730743843566
PAT_128,194,PAT_128_194_144.png,0.09129999999999999,8.07442747894733,0.9672595164153102,116.82857332685454,33.49454620292241,15.373533648898952,164.436612471702,159.0649310557728,0.656536082794798,0.0017782643406435395,0.015073470989051761
PAT_933,1766,PAT_933_1766_191.png,0.13194,8.779639478700544,0.949772570030004,77.48736892692033,82.12783420539654,3.0470914127423825,177.13357956294243,147.06832871652816,0.05844541422091576,0.006955423286075211,0.0014030770335647243
PAT_412,817,PAT_412_817_232.png,0.10784,9.34419124862802,0.9348647274990212,54.18590603263689,100.0,0.0,195.76223681994273,111.52353040256021,0.0,0.0,0.0
PAT_722,1377,PAT_722_1377_120.png,0.18982,9.486351068902632,0.9704384573049278,108.43638865367946,90.11070805242805,2.965455372114966,135.17790043364116,109.00455152116628,0.006082681257264189,0.007062861991809692,0.006403684019188126
PAT_330,698,PAT_330_698_211.png,0.1779,9.584299759066658,0.9647117189436867,97.41444289495627,99.94448753010326,0.0,208.7463978121556,146.90109800400018,0.0003454866083043573,0.002070792194840994,0.0003105587749548506
PAT_1439,1522,PAT_1439_1522_320.png,0.18614000000000003,11.193364712189217,0.9251700573550496,138.82069589002109,88.71460678652412,0.0,130.51518602288655,87.99443910231223,0.004881917072564579,0.018352006689454685,0.01749290929775669
PAT_197,301,PAT_197_301_198.png,0.14309999999999998,8.353903400380252,0.9637749054430997,84.75108704138638,99.07251264755482,0.06745362563237774,110.84839797639123,68.90134907251264,0.0007376140390334962,0.007792360904843149,0.0010406674748553077
PAT_370,2558,PAT_370_2558_175.png,0.22196000000000002,10.063619286321186,0.9555122448886963,136.12901038343236,99.99491701655782,0.0,158.3871932737179,96.17573069755726,0.0010994058841109489,0.0047751172596465444,0.017605837373495237
PAT_1305,1082,PAT_1305_1082_88.png,0.08650000000000001,8.460341323527237,0.961308981895035,97.51101934648565,100.0,0.0,114.3185652053017,58.75020854574103,0.0,0.0,0.0
PAT_988,1858,PAT_988_1858_453.png,0.10193999999999999,9.189750302828722,0.9709777741458099,156.9751863456899,83.95810363836824,3.3777688683973137,190.00937155457552,130.72196050917108,0.04467362273256925,0.018007210960537513,0.005905344790295826
PAT_261,401,PAT_261_401_911.png,0.42392,17.960853121012985,0.7525066103551176,74.6783799294785,97.73086404146387,0.0,120.57132924593894,91.79782146092747,0.017186976070853177,0.0019226995304336082,0.0025122119656367506
PAT_771,1490,PAT_771_1490_334.png,0.07468,8.86487244841308,0.9843063829684252,111.33325302163126,56.28609659305345,7.393725911778497,84.8799277210398,71.1900868033715,0.24394643156841156,0.022968772365987346,0.008656807225061132
PAT_2088,4524,PAT_2088_4524_465.png,0.08897999999999999,8.344138998517755,0.9593983246234915,92.7463973723086,99.9377877317407,0.0,153.64650989175064,73.68806768694786,0.0006807763214488061,0.0006773070505152218,0.0026154448791261774
PAT_483,925,PAT_483_925_716.png,0.35151999999999994,14.773287778071438,0.8197042478190402,129.84810323944166,99.48931212917559,0.0,148.94614071685947,63.38592831405272,0.0027469948679277323,0.03507739980453818,0.0020223728078113943
PAT_1554,2393,PAT_1554_2393_541.png,0.14088,9.352687211948695,0.9811902452492803,74.42214284996848,81.81636865881508,0.8037735472740509,121.91099653958535,103.08158401228597,0.08642248198918145,0.003921922832859755,0.003041935352533262
PAT_323,687,PAT_323_687_169.png,0.23196,17.907773465465226,0.8356605832272596,104.23840265736288,39.805307585507876,14.592428745638161,129.53490790647584,125.3889044328422,0.28298595700134177,0.0070704630068929445,0.001925678031877719
PAT_462,896,PAT_462_896_893.png,0.25382,10.298537165053991,0.9211361364160655,94.30767674984025,99.27716340669764,0.0012007252380437784,121.13026668107537,72.88070794760036,0.01833854863133455,0.011877662804178714,0.0010577321372046394
PAT_660,1249,PAT_660_1249_373.png,0.09581999999999999,8.485525840878717,0.9839821221331342,50.83153285473482,100.0,0.0,162.3293549363074,121.7418180300675,0.0016793467497223658,0.0024168721457325055,0.0005811227898686863
PAT_666,1271,PAT_666_1271_645.png,0.10254,8.826230410605644,0.9620060400500233,40.29172713196325,19.088956737735458,3.577157938315049,156.3656075346719,145.14819654315878,0.036938743829643905,0.0022736463310478357,0.0005750297944374367
PAT_796,1510,PAT_796_1510_361.png,0.12278,8.887733728294947,0.9693710801850072,133.53843454160838,77.63176789703223,1.2617008828847995,84.51949260716945,55.53512658227848,0.0028467879622473546,0.0054220416749058585,0.007473161112116288
PAT_460,893,PAT_460_893_883.png,0.25417999999999996,21.955232172763225,0.8122382418128447,115.36265878256006,99.47684191308399,0.0,196.339297293554,102.14056017577104,0.0062443631268476185,0.006087818596774045,0.002133407106908754
PAT_2016,4156,PAT_2016_4156_941.png,0.16402,13.156431403251496,0.9136447063923404,82.44852971663748,100.0,0.0,163.36718379659555,86.84440853264383,0.00115870574238075,0.0025448947469992266,0.00205222752928059
PAT_527,1359,PAT_527_1359_165.png,0.09204,9.726237175412741,0.9471373186711873,122.62734014073199,90.86514479543621,0.0,149.4797250111102,106.29973063423394,0.008051616120681504,0.009144306461298435,0.01483661924398221
PAT_528,992,PAT_528_992_124.png,0.09784000000000001,8.471346679579723,0.985494513501904,57.87544160108187,100.0,0.0,135.48274051490515,87.51085704607046,0.000307740401991885,0.0005546418653412003,0.0007881563467898688
PAT_817,1537,PAT_817_1537_643.png,0.14732,9.189862346837096,0.979561053825894,68.33297659227921,91.96219917182567,0.30800295190849086,149.93960887212498,119.35223545570088,0.005425585490498319,0.007214907327629494,0.001915054942491247
PAT_1940,3901,PAT_1940_3901_900.png,0.04304,9.577237622963072,0.9748050990106284,118.76935816629337,0.6460788297440065,0.004063388866314506,147.26753352295816,132.615440877692,0.06699403218514244,0.004116161135959086,0.010332520606213966
PAT_1208,736,PAT_1208_736_599.png,0.15128000000000003,8.980055317433438,0.9741370770215595,110.47978319297104,84.25134148433098,0.052679293362409035,72.29184328522774,33.12567074216549,0.0009322620704821372,0.0025075196910714476,0.00880321519344233
PAT_521,984,PAT_521_984_412.png,0.09742000000000002,8.289273791934665,0.9630870674484365,63.15246934278405,100.0,0.0,127.24446610051511,27.122093832660447,0.0004949036101613569,0.005425633328147267,0.0022110123015218644
PAT_150,1799,PAT_150_1799_644.png,0.28715999999999997,13.67496462772798,0.8734762121880093,109.97640451214599,98.77759871071716,0.0,141.30408541498792,99.5827719580983,0.03066772076222224,0.004648250662280034,0.010968575510574669
PAT_1316,1114,PAT_1316_1114_517.png,0.29585999999999996,9.099933053260724,0.9192611961003597,43.07497581574899,100.0,0.0,211.66828282828283,123.41777777777777,0.005317378226974978,0.0009391371352897078,0.0009420667415688836
PAT_336,705,PAT_336_705_711.png,0.21774000000000004,9.123905318418558,0.9661256796244713,70.26627465336179,100.0,0.0,173.0242639040349,101.847260087241,0.0016388566996149434,0.005813525825634169,0.001254911658617579
PAT_874,1671,PAT_874_1671_176.png,0.51662,20.267666084438172,0.7728995492144627,124.09540252287921,20.070102557445153,32.23419446968713,160.68015059067895,158.70720498507075,0.6520684722952748,0.009103221504269388,0.018009445003926178
PAT_1064,273,PAT_1064_273_980.png,0.19202000000000002,8.594083426056903,0.9592052180559456,136.87599017776233,58.333333333333336,30.2819083023544,173.1231412639405,174.79368029739777,0.31940877068300266,0.0021646046106578954,0.016859494149310712
PAT_233,354,PAT_233_354_828.png,0.13146,11.668895349034129,0.9239574096369436,79.40901425907776,99.87828545615767,0.0,145.65482424587174,113.39814040253634,0.007964036292336107,0.0034964763217732848,0.0041994372601976485
PAT_1388,3513,PAT_1388_3513_146.png,0.10913999999999999,8.557242302906506,0.9885469457562047,175.79195606308747,34.051395855765946,1.8672689550122121,94.58778265094413,60.430069333193266,0.11061046319661394,0.013249789159294601,0.02104099138699352
PAT_1364,1246,PAT_1364_1246_143.png,0.22878000000000004,9.628094422154525,0.9345767345417806,40.1887244819966,67.48023375730492,0.0,163.0625644551392,79.57287727741492,0.0005165838966609826,0.0014678040147657798,0.0004979728324212731
PAT_9,17,PAT_9_17_80.png,0.49090000000000006,16.689506730094706,0.788740313682503,83.55026531743745,99.8800795835491,0.0,160.44493199967295,100.60780572892536,0.002247985791453133,0.0026813871651374358,0.003606849822143329
PAT_2065,4412,PAT_2065_4412_407.png,0.1042,8.703864617189463,0.9779206717521973,86.93202652415118,99.23391145281747,0.0,162.07457328730385,117.9763709133921,0.0005128700085211824,0.01583343064004875,0.0013146617091999563
PAT_571,1096,PAT_571_1096_10.png,0.051680000000000004,9.162033768254025,0.9648159607448881,155.89681047405625,64.08783307486254,11.604751163118568,155.56793669815312,135.5495559001833,0.2258232150877365,0.007940667229825012,0.019681320977519307
PAT_579,1099,PAT_579_1099_551.png,0.06964,8.435320496255628,0.9888217791016782,101.18168127256361,99.06441419016905,0.0005411138287050064,162.1007878617346,117.75853336507868,0.009902373982895951,0.00954228156497202,0.003311150544785273
PAT_53,1370,PAT_53_1370_288.png,0.2786,12.069662214153231,0.9019955400199423,32.096097948668785,100.0,0.0,162.78795566591097,120.95939040627586,0.010532312421968504,0.002961531038083473,0.0005474518076143066
PAT_682,1292,PAT_682_1292_642.png,0.05664,8.344409921793224,0.9864337518433909,99.21384263228718,92.2634002520349,0.4838594628010747,162.14460700783843,126.53639051144064,0.027682652723489687,0.014659012809834967,0.0014114842170507588
PAT_1520,1777,PAT_1520_1777_935.png,0.22492,9.335099502147902,0.9843086882342071,130.98996514576996,97.19769759182356,0.6368363041227357,101.46528017457331,75.83266346764047,0.012029128369455355,0.009005156394271612,0.012244285138808264
PAT_971,1847,PAT_971_1847_99.png,0.25471999999999995,11.519632190439848,0.9347791916946487,97.6825767329426,92.0035324369486,0.0,180.53070536185834,148.0750469692903,0.0042100410988031856,0.01059945061362279,0.0033613157494392417
PAT_1638,2878,PAT_1638_2878_536.png,0.33196000000000003,14.605435663998316,0.8309107467064679,56.96276880704736,99.72430228809513,0.0,138.73176685669515,89.72668954625772,0.00027552516412732153,0.0018669829914383764,0.0004111261622380846
PAT_179,277,PAT_179_277_436.png,0.13062,8.622088419768545,0.9810578150366219,54.22845079921047,100.0,0.0,160.99859918725122,110.98031927435126,0.0010995020725760307,0.003714002628045759,0.001155040538884774
PAT_379,1531,PAT_379_1531_17.png,0.05936,8.25275138181437,0.9870395961684497,112.80435918323974,99.65556206009285,0.0,163.91997603909982,98.14734592188202,0.0016252481922569562,0.012979576096492798,0.001921657221681258
PAT_726,1371,PAT_726_1371_543.png,0.08368,8.304046522455781,0.9774636269669976,66.45222535758772,99.98619959978839,0.0,214.05140649078822,113.20148584308944,0.00019472548795862465,0.0019028871387636991,0.006334855362662821
PAT_1780,3380,PAT_1780_3380_542.png,0.12524,10.388005911512172,0.9306977631997974,137.56418201207612,99.16328700240186,0.0,84.99448753789818,60.61745481749813,8.116499197319271e-05,0.0028224482637584066,0.0003758380860096787
PAT_1396,1360,PAT_1396_1360_4.png,0.06177999999999999,8.237649273809957,0.9870779534366708,99.87010073681824,33.122463232689256,0.0,155.81634057714302,100.24909663248884,0.0,0.0,0.0
PAT_857,1627,PAT_857_1627_310.png,0.060899999999999996,11.281826819067792,0.9852242583157309,143.49644519924925,61.77949650734451,9.643397581890161,163.76723782156122,144.75121899026337,0.09367574886036156,0.007370769002556357,0.0173383081442867
PAT_63,1075,PAT_63_1075_498.png,0.15148,9.487523966480238,0.9530775106957656,114.14002921022679,99.749588427043,0.0,194.2949928636352,123.27262738684938,0.001033208138323527,0.0030352212613464122,0.0031257138116286536
PAT_610,1156,PAT_610_1156_461.png,0.33921999999999997,10.944364069761999,0.9747680226144978,145.47174194449855,96.45272842923822,0.21008591573270263,168.22254772847404,133.45749455747574,0.007413812512266915,0.00874825226312743,0.02405906048202781
PAT_1298,1051,PAT_1298_1051_831.png,0.07730000000000001,8.672049480933602,0.9685473536043847,168.6288156616583,99.97721317078728,0.0,164.9571607610801,70.95476814401276,0.0007889538621058678,0.01571908020267791,0.030448827205178823
PAT_1376,1297,PAT_1376_1297_686.png,0.14578,8.708548592849565,0.9876005995393324,86.63804204964067,94.57222403371041,0.0,150.1036017958815,108.23209761970453,0.005218196346186255,0.005749206978749472,0.0009955300601776488
PAT_1402,1377,PAT_1402_1377_959.png,0.38853999999999994,10.882819032368902,0.884959541101104,54.30483403189869,100.0,0.0,203.87146937480165,148.67185020628372,0.0012616456846028523,0.0018510356257278931,0.0013309013652697203
PAT_1113,458,PAT_1113_458_387.png,0.09348000000000001,9.380730618589325,0.9817924687015293,180.823449790535,3.123700798903334,59.84359023337865,92.2928638043979,105.06323808667707,0.528729924285086,0.002471697117943116,0.02320717028435333
PAT_35,48,PAT_35_48_43.png,0.1654,8.95438897464727,0.9625471099597954,123.68219265203346,98.8558352402746,0.0,207.81671910755148,124.3470394736842,0.0016996521756618144,0.009472623885278343,0.011652740750146077
PAT_14,22,PAT_14_22_850.png,0.1829,13.402858548154766,0.9069141051828775,165.27335666846693,100.0,0.0,171.32707948607128,70.24969549330085,0.0009580950827094981,0.006610768054830401,0.024591299708051618
PAT_181,281,PAT_181_281_54.png,0.18648000000000003,10.157836189517544,0.9492645074294541,128.84500489819524,96.88531861416392,0.07638854664629639,162.4336158888177,114.69708245034745,0.011181524482469785,0.009885027864657019,0.011776172653486992
PAT_900,1711,PAT_900_1711_622.png,0.19485999999999998,8.352892150228152,0.9344769061684621,81.25613503142436,100.0,0.0,173.52307692307693,74.33353846153847,0.0006631653967735796,0.0018843634724676297,0.004406115069568457
PAT_108,161,PAT_108_161_575.png,0.13789999999999997,10.203939938219934,0.9752104354485107,130.2251821663465,59.95571989179332,0.0002518777486159318,156.55710572316622,112.71700527432006,0.06748293080756917,0.034226063316038634,0.0025637742924569593
PAT_1420,1460,PAT_1420_1460_951.png,0.1613,9.773751444061482,0.922876694794524,50.752533488544174,36.71713466284266,0.0,87.25025011672113,70.02040952444474,0.0032494873443441596,0.004220375149963249,0.00041879304713908613
PAT_2042,4301,PAT_2042_4301_636.png,0.2611,11.381131595329919,0.9741157225360005,80.87628564680948,81.3841168918506,0.0,161.09994192089013,139.50782539585498,0.011457230057757672,0.006888509790228419,0.002605741423968478
PAT_433,2650,PAT_433_2650_417.png,0.09432,10.849715147195365,0.962632627144472,87.25763111905131,99.94900189421536,0.0,160.7748069357424,48.8091942299286,0.00015250891704765568,0.0021181415051321575,0.004207297796825886
PAT_215,330,PAT_215_330_341.png,0.1034,9.100931043972711,0.9866217089146867,236.85543370283077,73.93574200885868,6.886546518359671,151.08642182538188,113.82083948519613,0.15939412103748551,0.0316563023789269,0.03280959057110827
PAT_439,859,PAT_439_859_283.png,0.23820000000000002,11.89389263266186,0.8808682697197726,40.834530973055756,100.0,0.0,122.73900053734552,62.00178398710371,0.0009501696927990411,0.001747118255596044,0.0006224367791504234
PAT_1176,631,PAT_1176_631_36.png,0.8913,8.45781710782764,0.23985772091455834,23.874975445633275,100.0,0.0,165.46405398390866,122.69919543213081,0.0030970046679568153,0.00040011519333784247,0.0004306616562605981
PAT_1907,3801,PAT_1907_3801_88.png,0.11674,8.93609383901699,0.9484740939903471,99.66428329732375,50.380915736821855,1.5775298191612157,103.76129280492498,89.20884955752213,0.02180484464740562,0.0023124010478574016,0.009348582609093267
PAT_2124,4650,PAT_2124_4650_575.png,0.07356,8.60046317930668,0.9879378494579981,66.796200431101,100.0,0.0,191.21717971269422,104.68623437541643,0.001841290488546754,0.0011241656051115849,0.001655318297425134
PAT_834,4490,PAT_834_4490_317.png,0.10819999999999999,8.331447411956102,0.9912220437272427,127.40989759261946,87.80083342694675,0.08344968144688909,141.4634666923435,107.15722240944908,0.049568000764596554,0.0048706280262652635,0.002624253858898176
PAT_923,1753,PAT_923_1753_706.png,0.21014,10.116606152930236,0.9235508740272736,103.20336098670543,99.65965346534654,0.0,136.37871287128712,70.7131806930693,0.0020273783410630353,0.0058004770889180535,0.008958451113980942
PAT_46,881,PAT_46_881_939.png,0.17536000000000002,12.97253995234311,0.9039234625721246,113.95051832863496,65.3754717666351,1.414950707195995,170.22246433290593,146.149090827823,0.0869587243745269,0.026924555441232696,0.001836349199590913
PAT_1784,3416,PAT_1784_3416_507.png,0.0718,8.393680224441624,0.9834023281446345,188.54334003664817,93.16898251904976,0.0,139.0122665471388,96.97271776482893,0.027027742872825278,0.017906143587383218,0.023182653696666087
PAT_313,669,PAT_313_669_908.png,0.17978,9.021015569436662,0.9786631631640483,82.51467636887061,95.72643892064336,0.0,155.74391864947495,117.4822045726439,0.0348692830446683,0.011640568182211444,0.0020068936817072077
PAT_964,1821,PAT_964_1821_83.png,0.28680000000000005,15.022943891144779,0.8421656395712185,70.13887577188133,94.87552068197229,0.0,175.75540056185218,119.27734185798703,0.004448486378330507,0.005251090084269969,0.0019757536077127467
PAT_903,1719,PAT_903_1719_943.png,0.18022,8.95980255379102,0.9684277297012575,107.98355965989464,99.18280711063943,0.0,185.9217564340674,113.14136375696471,0.0011968248297772321,0.0007104419503787151,0.0011965333912919308
PAT_844,1605,PAT_844_1605_308.png,0.16352,9.219685852839445,0.9545929290256139,143.24777926334716,100.0,0.0,179.26420106252553,86.77421332243564,0.007013469601146793,0.006086115542468151,0.02678611872826987
PAT_316,1457,PAT_316_1457_353.png,0.13588,11.389229322854678,0.919957391031033,143.3815175313696,18.601220961199655,8.288605727864956,149.5005940918589,134.119596836973,0.2495698222835676,0.01123004871145523,0.0159530093057301
PAT_738,1397,PAT_738_1397_195.png,0.19026,9.856256145394157,0.8605109992002239,50.211329265856854,100.0,0.0,169.93340325117987,48.888830624016784,0.00048386938954880776,0.0023273949830771006,0.0017191130749238655
PAT_830,1564,PAT_830_1564_740.png,0.16378,8.626848611635086,0.9713969138842306,155.07473937776376,100.0,0.0,140.7985398414685,58.7691697955778,0.0010968355625305959,0.0077001237279261305,0.02513485199544921
PAT_21,982,PAT_21_982_266.png,0.18122,8.878478230333005,0.9559675548470631,51.66918114458812,100.0,0.0,176.90762167125803,114.1828588919498,0.0031607578242821566,0.0022601489913078336,0.001505870452117635
PAT_624,1179,PAT_624_1179_323.png,0.36434,8.94060945414635,0.5284521578355352,115.09342003995793,98.76809855211583,0.0,174.5960803135749,105.02866970642349,0.0029363658140151294,0.02514562535498128,0.0027414413564252733
PAT_1586,2624,PAT_1586_2624_615.png,0.04466,7.865744705884632,0.9617401886105403,46.95164810281148,100.0,0.0,106.21838140838491,42.67978512203667,0.00019220643778972146,0.0004707235697854613,0.0006495654283638617
PAT_1313,1105,PAT_1313_1105_284.png,0.18312,9.112090406352225,0.9483620148360028,79.10721089757291,98.39193968105691,0.0,148.8858343898045,96.29745779675719,0.0012214651957532796,0.0028976057362940224,0.002226760324147385
PAT_211,317,PAT_211_317_649.png,0.30954,15.01419375080691,0.8036160340048875,125.75403216134374,95.56605722549324,1.0097097407292634,125.0584908583824,78.54511414110112,0.014753996210252196,0.01988350584411287,0.008524726549023363
PAT_492,1782,PAT_492_1782_752.png,0.31732,13.876813718531418,0.8826835338708017,81.87132798593701,37.36826697892271,0.0,194.14615046838406,121.78769028103045,0.028905532205334095,0.013280747534924532,0.0023138456527173894
PAT_106,158,PAT_106_158_270.png,0.26076,11.06956133713644,0.9470286630468668,109.4157060099722,98.8142612338157,0.004998095963442499,170.44787937928407,130.77031845011425,0.009595455579192058,0.0039127151876956895,0.00923057674116409
PAT_691,3994,PAT_691_3994_671.png,0.06946,9.001406840278609,0.9761963646648201,163.37991045589158,62.39500426444218,3.571054960229308,150.39111334555028,130.7964144225527,0.055620285562038574,0.004424284893503175,0.006777539195074923
PAT_535,1011,PAT_535_1011_567.png,0.19175999999999999,9.056491775995044,0.9743438530250784,69.82215187547168,99.96450491754788,0.0,213.5445093544332,145.30444428011535,0.006824641159000833,0.0031170805693895636,0.0023668373092136296
PAT_225,345,PAT_225_345_903.png,0.10225999999999999,8.205792415481397,0.9696173431266716,77.18705338745887,80.86109608100797,1.252222308108526,188.0403493854835,164.00796166035403,0.002505132775477148,0.002026073060609363,0.0045115974538780254
PAT_1393,1355,PAT_1393_1355_316.png,0.12416,10.212544165923504,0.9837087614114686,118.03577959627371,62.74622394207964,0.7847542961760912,159.9025173719469,137.59702076311737,0.0342243692766645,0.009328130770699833,0.008964355376853972
PAT_100,393,PAT_100_393_898.png,0.24748,10.29612763484538,0.9019700272863778,96.77287634908127,100.0,0.0,135.28121927236973,83.976401179941,0.0038915268353119092,0.004350803845597663,0.009105791618390386
PAT_290,445,PAT_290_445_686.png,0.1179,8.403188676506733,0.9695480553412269,141.14007922031868,86.89756920050583,1.4964170296473234,131.34375439089504,102.80132078122804,0.0030600525149870883,0.0022703891708017853,0.0051056383775634
PAT_118,180,PAT_118_180_386.png,0.17562,11.308049628997594,0.9179027741966951,126.57431197319376,97.14726102806253,0.09786411567538472,93.40435005994178,59.70325153524332,0.0033202203550061204,0.01397601083834534,0.01700458543126862
PAT_815,1534,PAT_815_1534_411.png,0.13934,9.534412678533487,0.9751547678346159,114.03746655248885,100.0,0.0,186.26382375874454,120.46173276079818,0.0010562206231607973,0.007363740078790046,0.006255342099760993
PAT_316,674,PAT_316_674_318.png,0.20876,13.672167446248334,0.8432340045619922,153.912358800361,99.92560450138315,0.0,127.28813224786758,80.20955845512434,0.0026530245438095568,0.0054937613867737005,0.01931525701394542
PAT_2024,4225,PAT_2024_4225_170.png,0.16562,7.683411004649868,0.8911232160553701,133.5969958853735,97.95918367346938,0.0,193.92621664050236,151.7629513343799,0.0012486473581556634,0.010377437755864307,0.009033261489615212
PAT_63,98,PAT_63_98_127.png,0.25064,11.316295538918665,0.8959552657693606,127.64795245588284,90.7644876132271,0.26192295099858126,217.74121466768526,156.0938557241078,0.00753474819003308,0.002388672853849711,0.002371436598898689
PAT_2082,4491,PAT_2082_4491_519.png,0.09644,8.366192239404247,0.9926179159779018,69.61745715470563,98.69256179698631,0.033059846193001285,179.85427167322177,140.19084976923702,0.0,0.0,0.0
PAT_875,1668,PAT_875_1668_588.png,0.040139999999999995,8.258778358849296,0.9849315501225862,63.457480252040924,96.25217099850695,0.0,127.68583747219598,88.63348974679302,0.009527234416080388,0.008699301290055899,0.0015282524710083342
PAT_1451,1561,PAT_1451_1561_100.png,0.08558000000000002,9.493556260202626,0.9598534282396979,93.39703183513865,99.75150072603704,0.0,136.69849253753685,58.91333962066436,0.002557310025020576,0.007718225355478028,0.005198634838622887
PAT_386,785,PAT_386_785_536.png,0.11628000000000001,9.367866920022008,0.9564207667540893,126.45632791905811,42.56250882893064,0.0,131.41291142816783,85.78796440175167,0.007332506813200634,0.0005853670656372652,0.00607001778826458
PAT_1658,2933,PAT_1658_2933_322.png,0.17878,10.012254000552,0.9543278400102542,42.08861921816192,100.0,0.0,152.42939231485346,80.58794260216365,0.0008724650026827874,0.004050816330361034,0.0005381488785952228
PAT_281,432,PAT_281_432_813.png,0.27616,14.484529435477192,0.8070575962428592,159.93946169283748,79.13618458075408,7.822783880991412,142.6737111888625,108.10865895133469,0.2622722065772455,0.033650528412839956,0.006791507569644311
PAT_1455,1585,PAT_1455_1585_690.png,0.06133999999999999,8.173263533937265,0.9878268034745498,50.048996207227795,100.0,0.0,119.98573792585769,90.23873620280806,0.003324640519726696,0.001996123702056573,0.0009307684105061512
PAT_1583,2607,PAT_1583_2607_628.png,0.21638000000000002,10.517460092236256,0.9270235888658158,48.60855935537389,100.0,0.0,138.0606418773186,98.94377534293848,0.000658116823981092,1.6532768351922075e-05,3.5270477255089594e-05
PAT_1545,1865,PAT_1545_1865_519.png,0.14887999999999998,8.661586959608318,0.9548578825041872,65.98383616382392,100.0,0.0,194.09601013299556,76.46371120962634,0.0007131663185181436,0.0017995668315402397,0.0012624428182085702
PAT_154,237,PAT_154_237_2.png,0.16122,8.955164981163566,0.9630173659631452,109.45946001018952,100.0,0.0,175.0401495355624,60.417917564706556,0.0015431947642636779,0.00753641937195466,0.005554625588406165
PAT_1299,1055,PAT_1299_1055_591.png,0.16684,9.243629060160092,0.9563628646303161,61.46035196952756,88.90100176782558,0.2607542722451385,148.68077489687684,126.1132292280495,0.012964200840705042,0.004387010290329793,0.0005980882551284022
PAT_366,752,PAT_366_752_782.png,0.12151999999999999,8.813352532806581,0.9843993080128682,111.9064931469828,98.97591918709857,0.027839090059456343,170.8215216051224,116.7540118117282,0.0032558251427080576,0.015525261304266454,0.0006537944420211237
PAT_593,1127,PAT_593_1127_823.png,0.27398,10.11177074951927,0.9641314751512003,84.90376490183175,66.81613789657757,2.5328503622283285,158.4617312015988,136.8765925555833,0.02439751693359482,0.01908034288737168,0.0007950369572136108
PAT_220,1343,PAT_220_1343_489.png,0.40502000000000005,12.15706214001358,0.9696033330662764,63.700079427664704,100.0,0.0,170.39417262231996,72.860582737768,0.0025386652975010193,0.006093450365627404,0.0007036788626886413
PAT_320,681,PAT_320_681_410.png,0.057640000000000004,8.169424468190174,0.9634335188781203,63.993986771484465,58.06891181623516,0.0,54.411524235935374,34.12497566673156,0.02028618081786726,0.01633142345082849,0.005232969326920737
PAT_361,743,PAT_361_743_82.png,0.37083999999999995,12.765702523448093,0.9451206563743679,106.36183518098709,97.67822205255236,0.5982309023786078,151.05892075501166,98.04126014584861,0.0002617731350356145,0.005659514083111384,0.0001563961019713323
PAT_944,1795,PAT_944_1795_666.png,0.17609999999999998,12.649640246110636,0.876385705420995,140.28409368431198,99.55080488430934,0.0,182.15167516164914,99.46542114333907,0.00030407412757416097,0.0015265750711831315,0.0009269302629491216
PAT_408,811,PAT_408_811_808.png,0.0796,10.482532394595772,0.9557067154297904,154.7578875270308,93.58663433036917,0.3053983652205156,186.03583939638912,156.02488098446062,0.027402878308193546,0.007415758012010931,0.025125695010519828
PAT_1572,2494,PAT_1572_2494_224.png,0.21814,12.340336028694809,0.842407673406177,132.5623631967194,94.36336859017271,1.3522559914312493,149.44416923282904,112.74916320792609,0.011821890253652545,0.0059004340215362905,0.003166784213530207
PAT_905,1721,PAT_905_1721_327.png,0.10450000000000001,8.195919164503414,0.9667419193495622,118.91015285763517,100.0,0.0,133.6088840736728,63.6783315276273,0.0053242929258722205,0.01818714956110276,0.014100873284102585
PAT_937,1768,PAT_937_1768_126.png,0.16802,10.625848576390304,0.922079981683673,100.05212161123026,99.95525775895936,0.0,137.97298005150813,93.29714304421843,0.0002823689908687532,0.0002715284889167265,6.45168412265498e-05
PAT_539,1023,PAT_539_1023_928.png,0.0857,7.992245751889428,0.9716023589691425,86.07788904443534,90.4531822725758,0.0,161.64861712762414,121.71201266244586,0.10234909176567175,0.0037833181443479406,0.0019059295205695465
PAT_165,256,PAT_165_256_460.png,0.14473999999999998,11.754970384305633,0.9023076671376329,43.83143021840076,100.0,0.0,199.10501570841663,101.29964628600302,0.0014269443481396138,0.0007338183084164776,0.0002441624369278143
PAT_1367,1264,PAT_1367_1264_801.png,0.80266,25.623050683003946,0.4096479688572258,100.3866417024147,19.28217250922509,0.0,128.87041628228783,108.38817458487085,0.048122211866333586,0.0028268903907191973,0.006678726015131498
PAT_838,1585,PAT_838_1585_282.png,0.31736,10.52008652417026,0.9125931096789398,29.31187714462681,100.0,0.0,163.80104076322635,76.14137033824805,0.0012710721122626278,0.00296145000854817,0.0013513384796646581
PAT_191,293,PAT_191_293_391.png,0.26396,13.47404249964439,0.8873968670889298,175.9407308452716,33.65816488925613,42.817321634681846,116.65795590821553,115.66491336932094,0.1196258116032618,0.0213356495488461,0.018446424895630056
PAT_513,964,PAT_513_964_343.png,0.10734000000000002,8.646860017593056,0.9704348043159281,105.45190267184175,100.0,0.0,175.58627617649333,81.79452901630476,0.00014846216680819424,0.00793749773979786,0.0017329891178655124
PAT_1385,1323,PAT_1385_1323_100.png,0.05108,10.985797397936178,0.9818251897208825,83.89303448223669,100.0,0.0,140.42196475513583,96.53747200856782,0.002737117612645834,0.0017357491720366228,0.010530813607145605
PAT_1931,3879,PAT_1931_3879_727.png,0.11652,9.313271477001916,0.9569610685286573,67.24615248893966,98.83014474719909,0.0,151.11448744597314,119.98750489010807,0.004568047055687363,0.0008122745977032615,0.0014903479762696757
PAT_159,245,PAT_159_245_181.png,0.29722,11.336200315494095,0.9100122760388057,105.8832499165205,93.93551539974169,0.004654247582700162,181.391713112179,150.5550655667128,0.03449860668364346,0.019756624766153738,0.009617011784775252
PAT_695,1314,PAT_695_1314_822.png,0.1002,8.73141033754821,0.9798445503329941,58.80362146793011,100.0,0.0,146.70079685058403,104.31506246168988,0.014602939615221522,0.002921984789800521,0.0009475808005808378
PAT_26,37,PAT_26_37_865.png,0.10794,9.095892594158018,0.9723627406396225,135.76724377767067,71.48906504170002,0.0,123.43499703064887,82.83177980324821,0.022748913549088257,0.008085589637637496,0.013979530783441543
PAT_396,796,PAT_396_796_394.png,0.11208,8.068934538057208,0.9636020981843574,134.5185641583426,99.69415063081432,0.0,194.3300624442462,145.93538932075953,0.0059588774626674335,0.011410410475143459,0.010660248965684588
PAT_2076,4459,PAT_2076_4459_450.png,0.14006000000000002,9.82797477594818,0.9553707108092878,42.52834057819617,100.0,0.0,172.4946267119982,115.46861828204936,0.0043971399371423026,0.002235549614891985,0.00070133738008636
PAT_759,1433,PAT_759_1433_914.png,0.0867,8.288512160902645,0.9880159890215441,74.69078394872429,100.0,0.0,181.7618934473837,95.19991815829769,0.001262789812705889,0.009389977996277893,0.001111971217522477
PAT_300,648,PAT_300_648_84.png,0.05499999999999999,8.63116997418332,0.9747339695365843,71.97265391439892,83.65448139176392,0.646883946267342,148.26114842545695,125.35531821184762,0.04955215713793104,0.009128952663538543,0.002739255938489994
PAT_544,3299,PAT_544_3299_671.png,0.11722000000000002,8.533495219506724,0.984288203328475,72.01357053172484,100.0,0.0,127.5296709348754,75.50609022901465,9.973864758627826e-05,0.0064120586253504,0.004509923725831066
PAT_1722,3214,PAT_1722_3214_672.png,0.32104,11.173416505774634,0.9305106965944039,65.10024970740557,84.683170895983,0.017835644535604406,155.4276447796711,137.02669245012473,0.009301415273429536,0.0015758472419518882,0.0024409804115559917
PAT_1754,3308,PAT_1754_3308_783.png,0.28887999999999997,31.570053234411635,0.7459144554683068,29.22476126190538,100.0,0.0,155.34079372169992,122.2549459549094,5.067305596972993e-05,0.00011457371509457075,6.345004268713155e-05
PAT_217,963,PAT_217_963_806.png,0.17476,9.334682951007268,0.982260685948562,79.7946019576373,71.3183793630953,0.598979954928241,167.66937492586882,152.81214093896457,0.02360622000405399,0.0010463634541110474,0.0016192325788888795
PAT_1404,1393,PAT_1404_1393_369.png,0.0408,8.256526041647495,0.9832757352975663,52.117374804318295,75.09879718913015,0.012933450213401927,127.35089887478983,105.32895512092776,0.01642772130635828,0.00847114021172427,0.001092645534512623
PAT_63,1075,PAT_63_1075_331.png,0.1283,10.871889732546618,0.9587629924315231,119.73162182516697,98.00440369018088,0.0,197.12312912845954,113.52821288218735,0.0005430894460699554,0.0033654482564674723,0.0007327687443642143
PAT_757,1431,PAT_757_1431_907.png,0.10307999999999999,7.882952916632624,0.9533874055568099,37.409338584658094,100.0,0.0,205.38941690213204,108.66118674544053,0.0009994692706618569,0.0005761877674143596,0.0013792734974473774
PAT_1731,3237,PAT_1731_3237_919.png,0.10586,8.435682882769793,0.9681723139634876,129.2335905441431,97.16965332440127,0.0,230.39909562887289,145.2142578015966,0.002784904257258969,0.013570563781681099,0.007333087663561119
PAT_38,54,PAT_38_54_234.png,0.10068000000000002,8.489054105841607,0.9868947936300274,54.60498952392277,99.99470062038071,0.0,179.5233420007631,110.14366618147902,0.0024240283339275193,0.003604816352989425,0.00041531717835755584
PAT_106,159,PAT_106_159_325.png,0.1701,10.207449472757974,0.9157769446059068,68.89269704467951,100.0,0.0,136.42204870986092,54.438130203216296,0.001754540798341031,0.013093437909831843,0.0009788087487129311
PAT_342,716,PAT_342_716_845.png,0.19306,12.20141288141971,0.8997749875048191,52.57166351351858,83.37220753641216,0.0,133.70156706231967,111.81571899998272,0.01246412398883201,0.0029806799488826204,0.001245790564762039
PAT_1403,1392,PAT_1403_1392_407.png,0.16431999999999997,4.745884776733118,0.9803779182503836,156.54794334788986,99.99311718598173,0.0,161.2914102481052,101.83472744056488,0.0025548288612191605,0.016211003083063617,0.01664691116197861
PAT_1600,2685,PAT_1600_2685_164.png,0.16528,9.139231790688907,0.9638333258626879,80.59400568056473,100.0,0.0,155.56131809562856,90.90585763337262,0.01020174257586215,0.0013045293341330403,0.0024035395645111224
PAT_93,142,PAT_93_142_269.png,0.0378,8.810283085564064,0.9904286569297185,87.73632686253292,99.09424277729755,0.0,124.73083386576323,80.8488614948484,0.0034622013980422084,0.007044494604110577,0.004525399217958232
PAT_1450,1556,PAT_1450_1556_114.png,0.13942,10.422705720352305,0.9549077398090602,96.542799396157,98.63466435498727,0.0036119990608802443,158.42547542937638,109.12123674847845,0.0,0.0,0.0
PAT_1029,135,PAT_1029_135_983.png,0.7223200000000001,10.605706733459728,0.31315972377625684,59.566549623912735,100.0,0.0,203.71992976294996,151.8748902546093,0.0036678335406565843,0.002352613451441206,0.0013343682536739686
PAT_1063,268,PAT_1063_268_919.png,0.16785999999999998,8.159397093734245,0.9535682377518077,31.629693550075828,100.0,0.0,202.72091062394603,151.7734682405846,0.0037388710810017933,0.000743439390933101,0.0006064001009610553
PAT_1479,1669,PAT_1479_1669_376.png,0.10855999999999999,8.47875742976375,0.9844388970542095,109.48567476202831,36.49411556499425,25.435802141403414,118.44712857269268,115.38348818688611,0.07397898534481473,0.0035406843252070185,0.0017197050461598567
PAT_1777,3370,PAT_1777_3370_697.png,0.1263,9.4432045541985,0.9617856776901699,74.90338134619996,99.90363807112817,0.0,136.43957372095872,105.1939977951084,0.004048788262070002,0.009154224346474883,0.0023773425264275783
PAT_837,1582,PAT_837_1582_714.png,0.15108,9.108877796180055,0.9608203474122922,77.69110178881543,99.95778908613372,0.0,141.23005469179517,113.13367310513384,0.007280217359178831,0.0035989366825466217,0.003551514564081063
PAT_270,1386,PAT_270_1386_755.png,0.16158,9.87684575453928,0.9187980334443698,84.73611341406827,85.66255144032921,0.0,184.66858710562414,140.52515775034294,0.030991923786192865,0.00791398217200952,0.0010867128505686917
PAT_1521,1778,PAT_1521_1778_763.png,0.10562,9.541007517294139,0.9463781397121107,98.8550402770307,93.00312794193569,0.0,148.8956239181269,107.99910413313492,0.001477127056283889,0.006041080481205811,0.005811615551192861
PAT_756,1496,PAT_756_1496_599.png,0.1734,8.166416129578801,0.9363362950517662,79.94819885163643,99.66777408637874,0.0,101.07831039392501,68.24584717607974,0.004576148817776016,0.0009586253697400156,0.003411629023358267
PAT_479,919,PAT_479_919_97.png,0.28458,12.30899291195133,0.8437600450181639,95.94086081756448,96.37486791839389,0.07721693895797772,165.429895147525,114.13474355848167,0.005131898199670748,0.00639193973909371,0.0012954490010335773
PAT_874,1672,PAT_874_1672_287.png,0.12001999999999999,9.329025990185277,0.9540925925150333,69.73048331498549,100.0,0.0,173.6376964436991,99.69682405214294,0.0017916351946252185,0.005129146015331994,0.0034544616946975536
PAT_208,314,PAT_208_314_741.png,0.08438,9.446421221569219,0.9520508277672075,81.57377516614709,99.93538327550606,0.0,142.34995575159084,103.62893143603647,0.004124202595245596,0.008121789286753904,0.0041186339483316806
PAT_950,1804,PAT_950_1804_334.png,0.1986,9.793346603760144,0.939736847478616,118.11951365923257,100.0,0.0,175.8811710303504,70.53145760062525,0.0017503400776425204,0.014750920249431409,0.004024125353439866
PAT_270,417,PAT_270_417_728.png,0.38158,29.925043923146212,0.7317741387894511,119.24660175705522,100.0,0.0,141.78386895054993,52.84947950513138,0.001388060911331368,0.0014855998791693497,0.0096633908871856
PAT_866,1649,PAT_866_1649_674.png,0.09585999999999999,9.316922033455604,0.9824485402233069,32.873169799110165,100.0,0.0,149.99214431189992,99.03033168460867,0.002512558147332089,0.0023640117251802323,9.631240209280063e-05
PAT_842,1606,PAT_842_1606_971.png,0.17529999999999998,9.664519590725853,0.9728307622363359,64.91524509479132,19.202172551795485,29.16909422558602,136.39269690452207,135.24461966731099,0.0757513150212884,4.632638972503827e-06,0.0006166645894843236
PAT_119,181,PAT_119_181_684.png,0.22466,16.647572461042873,0.8460467031618636,98.44043639994717,99.97987846593425,0.0,138.3703167129462,92.13328504165158,0.007684027517770087,0.00880122867610485,0.004698209445123721
PAT_531,1004,PAT_531_1004_792.png,0.0516,8.203115814304553,0.9881939256475498,117.47069736136902,99.29985189174633,0.0,205.9378802159198,124.294478377419,0.0006149473171046527,0.002717682405476476,0.001850083123805114
PAT_112,171,PAT_112_171_863.png,0.10382,8.892177150513485,0.9749064972700503,65.35182063474704,97.25105189340813,0.008415147265077139,128.79059373539036,99.35884057971015,0.017442872920144015,0.003595987274959478,0.0037369797954639574
PAT_1913,3816,PAT_1913_3816_335.png,0.33372,10.26030865222905,0.9258314073502718,56.28562438719776,100.0,0.0,208.02961766289715,108.37291330102316,0.0016165708458825145,0.0023098332170234195,0.002697766995896879
PAT_831,1570,PAT_831_1570_637.png,0.062380000000000005,8.725015786682174,0.9894950718673361,99.85326757346317,46.56669248451706,5.0531443342260705,177.2115415123039,157.37823772952225,0.10448943284906054,0.008132345980875554,0.004139086988610265
PAT_1402,1377,PAT_1402_1377_799.png,0.7400800000000001,21.6554445178098,0.5706643134129644,36.935436554252824,100.0,0.0,183.78862409016202,141.80608710965015,0.015962904154443236,0.0015582570387137724,0.0012032535256289582
PAT_72,110,PAT_72_110_944.png,0.17682,11.038709199370585,0.9129502128574439,103.59462977084226,99.95936611133686,0.0,138.98862251117433,85.84477854530678,0.0028399957799943865,0.006657904072809714,0.010098784725506136
PAT_972,1843,PAT_972_1843_756.png,0.21322000000000002,12.085457968584802,0.8993442139054569,76.9365335929029,90.3261272717639,0.09537434430138292,98.63344460340168,72.92660149419807,0.13945323400727594,0.003421785766320619,0.010243515819064809
PAT_514,969,PAT_514_969_995.png,0.11626,8.953145809681832,0.976112813007758,45.2407363668971,80.65958636109558,0.3720051656675854,153.4040400146489,136.45243923594379,0.01059980265153726,0.0017806491967784068,8.35762181394565e-05
PAT_478,1829,PAT_478_1829_141.png,0.30502,14.802450392974837,0.8187673559832471,98.75131782144298,18.70670939729143,4.383335056342396,200.27478548537167,190.65078052310554,0.37288151684285076,0.003935269846434339,0.002375723891228297
PAT_747,1408,PAT_747_1408_965.png,0.05044,8.44679275346128,0.9710472112443753,116.61399502455468,81.2859571129707,0.07191422594142259,165.24068383891213,132.7183904288703,0.003723617354398967,0.011268516248998463,0.006945589694914516
PAT_809,1528,PAT_809_1528_118.png,0.05476000000000001,8.086458958079774,0.9563936274237662,64.046600654686,81.53305203938115,0.08438818565400844,179.83966244725738,161.64585091420534,0.024713263864959423,0.0023767116441511583,0.0022546258121798083
PAT_815,1533,PAT_815_1533_460.png,0.30346,16.406402332150726,0.8037875736346496,85.93790807101222,100.0,0.0,173.70123266259077,101.28113808591046,0.0031798328607991477,0.0061659621974335665,0.0035303513890590776
PAT_2051,4356,PAT_2051_4356_460.png,0.33868,11.892455962830828,0.8764151262568566,47.41880477380448,99.96810275166929,0.0,145.57536256538936,102.4330157785055,0.002591857316899371,0.0015797088849051316,0.00038756150200741656
PAT_834,1574,PAT_834_1574_397.png,0.14411999999999997,15.042605647484567,0.8691036387306657,109.46149309979737,81.9716347126385,0.0,201.02590786151507,127.05885834588268,0.002699693560618388,0.006276323547995474,0.0023568440447401494
PAT_1615,2749,PAT_1615_2749_350.png,0.18681999999999999,10.890443894579045,0.9432043126556415,64.2226354493256,99.98844398220373,0.0,125.36291673889178,72.28901600508465,0.012563923725778303,0.010447643489562456,0.0015630677809098435
PAT_835,1577,PAT_835_1577_938.png,0.34786,16.734414995234175,0.7693495256817832,32.17796064857122,99.55050237969328,0.0,133.51741331117321,68.66721122610863,0.0020867921121612287,0.00304759379438485,0.007080876957680595
PAT_741,1400,PAT_741_1400_780.png,0.29918,12.822588713453536,0.8805068936592277,104.80724674611143,99.84834177468738,0.0,172.3923369674078,100.04409534437863,0.0016005539513096467,0.0014383613160868507,0.00455792520509172
PAT_267,1062,PAT_267_1062_418.png,0.09712000000000001,9.926798654267378,0.9700250190009456,137.61429275928117,77.32841620671732,7.123233423260649,164.4736776972007,146.4481597901146,0.2718863379268781,0.004090722713018482,0.025151149749685315
PAT_2003,4107,PAT_2003_4107_766.png,0.12682,9.132088416846331,0.9465587813191023,60.96130033632129,100.0,0.0,189.91333095067907,109.06683345246604,0.000769707289624666,0.0011585901109005031,0.0011058249453064523
PAT_800,1514,PAT_800_1514_512.png,0.17904,9.904753966966474,0.9388251281225193,57.32782513482577,97.12096917869232,0.0,148.64546588277213,103.7054694459291,0.011084405362602912,0.005409897916279042,0.0010162551468013352
PAT_747,1408,PAT_747_1408_742.png,0.056459999999999996,8.343024359329162,0.9810645639069399,107.28346572986278,99.54600796549661,0.0,164.04317051528096,111.54068387709198,0.0,0.0,0.0
PAT_330,696,PAT_330_696_894.png,0.14231999999999997,10.035463133445473,0.924527074069418,99.81312637906024,100.0,0.0,165.89653408364242,52.6857654431513,0.002978831012361849,0.03243178570380996,0.002724245540197669
PAT_997,14,PAT_997_14_40.png,0.90716,18.551896248795252,0.14212871060226326,78.5344887307973,99.75114772385979,0.0,221.94799845539967,166.07525636075,0.007837077852145602,0.002262654859059765,0.002590259503428247
PAT_739,1398,PAT_739_1398_331.png,0.22311999999999999,9.368170251338107,0.9649320515512788,100.0407388738513,99.42527425234351,0.0,107.0353015279468,67.18757321233645,0.0016493122810914418,0.0017154189496982844,0.0055069299025421025
PAT_458,891,PAT_458_891_709.png,0.12728,8.575694809376419,0.9809285543196401,61.18344777879364,51.79721547302248,17.243241158548344,125.8239808708396,120.14514636121717,0.17540916038318344,0.0022529775117194266,0.0008973715474296063
PAT_827,1601,PAT_827_1601_859.png,0.20054,11.681917909801319,0.8901536471223628,32.292174482940425,100.0,0.0,145.04213843528518,83.06161952094466,0.00031138486909365604,0.0016021715864537002,0.000600091379217376
PAT_510,959,PAT_510_959_985.png,0.15531999999999999,8.871942083368824,0.9591002778181432,119.0263259652313,99.4958464623317,0.0,145.81558292752794,79.64016041248925,0.005908778085576771,0.026667383668142135,0.008565601222982541
PAT_486,929,PAT_486_929_317.png,0.29588000000000003,16.157255844601366,0.878493236097761,90.71673927485193,51.40851989906739,15.25528965858941,131.05664183769252,124.51049778504367,0.2975313059484974,0.002570520442166198,0.007341857657309747
PAT_83,126,PAT_83_126_820.png,0.0752,8.243820069311113,0.9759154637727737,69.37850049782456,95.87761919222594,0.9337989675068328,100.03420133616763,50.10370482842393,0.012733231180536153,0.03470693974895073,0.006976764553287094
PAT_708,1333,PAT_708_1333_222.png,0.28746,12.009452157859359,0.8986868140850794,107.79992802211956,49.98412135024565,27.834961673298338,162.52290573063584,156.09280603762306,0.050009106574287365,0.002355907723554903,0.001442096757939312
PAT_715,1338,PAT_715_1338_761.png,0.11461999999999999,8.894304995704372,0.9793927921791621,63.81622620047064,100.0,0.0,213.0783892101603,84.43653466071298,7.761561227315195e-05,9.472946945904958e-05,9.362967730710318e-05
PAT_1998,4095,PAT_1998_4095_438.png,0.21942,9.812953165015335,0.9286470942789842,61.700234230770505,100.0,0.0,217.93585198315975,143.50886328384667,0.00047019774749090804,0.002051639897226755,0.0014380359279495586
PAT_213,328,PAT_213_328_117.png,0.047659999999999994,8.176813709258743,0.9878853131634513,84.99217944439727,82.21031278269689,0.0,135.07615340332794,86.18438005427781,0.0008070448834830435,0.0021196438512416983,0.0047436244327406524
PAT_53,1370,PAT_53_1370_245.png,0.26782000000000006,10.93818526070962,0.9243970457051307,65.59498276031245,94.73257501832676,0.0,131.2345484821563,101.5854269527097,0.0036637674223726213,0.003085153567816152,0.00013522511157773305
PAT_927,1759,PAT_927_1759_749.png,0.10902,8.514378040167433,0.9724857513845842,101.60501727880009,73.79731861198738,2.482036452856642,151.2846565019278,127.83821854188574,0.11515380315937473,0.007770477957077126,0.0043821642887034865
PAT_177,274,PAT_177_274_865.png,0.7366400000000001,10.315114464029193,0.41040413422747457,114.48077458922286,86.6814757581611,2.3131157040757198,158.9387193355225,125.3726337647286,0.05724262979168526,0.010221636942809196,0.004989718315035774
PAT_45,66,PAT_45_66_822.png,0.30166,17.645267227412063,0.8282675114731562,126.43417958294027,97.51270442575995,0.0,115.45856047306661,63.56633096184053,4.9969919371228855e-06,1.0438160117587746e-05,1.0540320463747289e-05
PAT_978,1844,PAT_978_1844_599.png,0.28872,22.366751059779453,0.7733482712044751,134.62757713822205,20.202773222006858,0.0,139.67064261219622,98.61368719248546,0.009614561964849666,0.004923178598186878,0.005143217589244395
PAT_187,287,PAT_187_287_482.png,0.21724000000000002,12.418114366006618,0.8898649118144936,97.68354555009735,99.98563080754862,0.0,143.53146853146853,103.666107864738,0.004203900450288733,0.0043101155056562085,0.008213680557348814
PAT_620,1176,PAT_620_1176_980.png,0.16398000000000001,10.003150220246107,0.9452007679818153,51.878963783863824,100.0,0.0,185.79493290118947,116.47081440055925,0.003965346588359897,0.0015051183019372753,0.0007970865479725776
PAT_1109,437,PAT_1109_437_254.png,0.19782,9.143442997712564,0.9859145351294046,129.65291505054097,57.39077280893349,0.02609078100889323,51.20816715990667,32.48357398972769,0.01179770291641935,0.012012196521436785,0.02013845238730785
PAT_1764,3336,PAT_1764_3336_981.png,0.07158,8.46011075527347,0.9602852067521889,77.99477929043714,99.96175908221797,0.0,128.39961759082217,68.52504780114722,0.0006337111649034055,0.0030112122134468623,0.0070470864627113165
PAT_757,1431,PAT_757_1431_696.png,0.07024,8.387961198065467,0.9715966052397914,177.32240795716726,99.25812057211603,0.0,168.45007351958293,80.2280443790937,0.001903094615383294,0.010655317908710922,0.031667056653184804
PAT_894,1679,PAT_894_1679_640.png,0.11194000000000001,9.449245455397646,0.9596643860088329,94.93868197733401,15.183126970199211,45.26014754151636,47.44164148061486,52.20034285528582,0.5169524903036555,0.00559179330411452,0.010284572438385691
PAT_1546,1872,PAT_1546_1872_824.png,0.05316,7.623772411807444,0.9525997975542126,91.28036241306516,24.580623074289626,29.33926737418692,115.21191372817528,116.62649777473467,0.1475815836693014,0.0007037997890747632,0.004118816846922957
PAT_279,1393,PAT_279_1393_118.png,0.12576,9.036656311128594,0.9703822088760086,138.71752738883376,99.81690198152744,0.0,204.33927772191188,115.1054644586402,0.0015930202458042109,0.00032619623055518985,0.0001519025559101009
PAT_920,1748,PAT_920_1748_942.png,0.46373999999999993,13.41562645115854,0.7620388175836406,59.82687839218014,99.99915814995033,0.0,201.49701985082416,104.45224184668227,0.00039544900088550605,0.0014389941736248151,0.0006221127184036361
PAT_714,1337,PAT_714_1337_709.png,0.22882000000000002,9.926844635425793,0.9548975585121601,95.2503810363698,100.0,0.0,195.11574744726707,126.87195703635658,0.0013115478630644217,0.00290293676317763,0.007499341499716694
PAT_655,1245,PAT_655_1245_807.png,0.16592,14.802082819114734,0.8866300269620913,67.0293248540947,92.14913361254825,0.18888067668555475,189.5841340231584,160.8145684487148,0.00735467539825696,0.002771187578687436,0.0006236809264023671
PAT_1222,767,PAT_1222_767_519.png,0.28612000000000004,10.406290314086048,0.9298557034829129,59.71128600214108,99.75949149630648,0.0,204.31712764129875,136.96153581858786,0.00229132946425592,0.0005831328371308901,0.00010906329554198652
PAT_600,1141,PAT_600_1141_542.png,0.07512,8.058647673947236,0.9769682988448791,179.68999300417937,70.25733093955715,5.146618791143029,152.53022142429683,120.3409136245761,0.08229700531070272,0.016201017931851386,0.020793197433774
PAT_545,1030,PAT_545_1030_854.png,0.27404,10.4950921794592,0.9575422985773246,79.52370066876404,99.99879113174246,0.0,143.8899083677861,101.67227581538164,0.0043516409380721655,0.01613497712848436,0.0018214826527377741
PAT_62,97,PAT_62_97_868.png,0.11404,9.069866113055108,0.9307216549564382,173.10326662858117,75.97754454478887,6.673175494264096,183.41801318037588,163.0159628996827,0.02313898456886232,0.0059422311693353436,0.008150641786150638
PAT_90,138,PAT_90_138_369.png,0.03862,8.0720374326587,0.9789687327734281,133.25526797992015,99.97119341563786,0.0,199.79868312757202,79.270329218107,0.0017733273409175077,0.0262245730799758,0.0013746031330131845
PAT_645,4043,PAT_645_4043_374.png,0.35463999999999996,17.154536646222823,0.8031601557634288,33.135989614278905,99.83318223661571,0.0,151.1622691408099,106.18549261896901,0.02724013423981353,0.0019864426372907897,0.0003834531388396567
PAT_169,694,PAT_169_694_411.png,0.07846,8.338138379987846,0.9575744564257055,57.59206401574301,72.02437630927443,2.0186631117882308,136.33498381260713,112.93515520853171,0.037918813140509045,0.009428133148482936,0.00032129221404042377
PAT_1304,1081,PAT_1304_1081_84.png,0.06230000000000001,8.47677914827788,0.9589527783708126,71.89926724943152,88.35467504228075,0.0,148.89182169606184,92.83727953611984,0.00030987989148167916,0.001961987971312238,0.0026809513878106365
PAT_497,943,PAT_497_943_580.png,0.07682,8.614192929323453,0.9750923720388079,97.29103584917323,99.94033982436045,0.0,152.29661846124475,74.19313192058037,0.001686739828950401,0.00020435756952079403,0.0006350812562143048
PAT_205,311,PAT_205_311_255.png,0.13526,8.1323332563587,0.8942397828103922,58.64662903102068,100.0,0.0,171.8761500353857,122.61004953998585,0.001954257977443752,0.005841761153623297,0.0015284493434148398
PAT_1577,2543,PAT_1577_2543_510.png,0.13696000000000003,10.302132297832507,0.9438618340317027,96.22046173516776,100.0,0.0,140.67824748555222,80.2746483645199,0.0005427152123899104,0.006274902675399962,0.00894809283262186
PAT_406,1542,PAT_406_1542_301.png,0.10007999999999999,8.831936852923409,0.9750945260604005,72.77942830276092,99.42524864731371,0.0,146.86691662363515,70.8347290511364,0.0015805479175323711,0.001619595622531591,0.0021433915954950237
PAT_1364,1246,PAT_1364_1246_238.png,0.10269999999999999,9.51705271179286,0.9413761051631597,40.42240907394709,33.182431130803316,0.0,170.18387593912541,96.41764592564053,0.0007309249225445624,0.004385036125802754,0.0005676707317251264
PAT_2053,4360,PAT_2053_4360_281.png,0.24017999999999998,9.920999543431572,0.9368079457877396,80.4695951269518,50.77905738894803,22.752346849898384,109.76541178747702,103.65140810993903,0.10501751972719042,0.0030667791071288613,0.004674560355169981
PAT_539,1023,PAT_539_1023_878.png,0.20266,9.592502612106836,0.8626753130060256,83.76130581807342,53.93393393393393,0.0,184.62702702702703,129.98498498498498,0.03682073092458493,0.0024649967202589698,0.002738939766257513
PAT_771,1488,PAT_771_1488_922.png,0.14332,9.76443622631203,0.9693732362099474,137.92348421882406,9.64695651019365,70.79657180033591,148.76139358573488,160.38742506622054,0.456669793109885,0.0012335952838081784,0.021263238455579626
PAT_354,1817,PAT_354_1817_500.png,0.15326,9.015910316264481,0.9629730680878915,116.65209156386484,97.87548494365417,0.0,93.98783022353594,64.69501662663957,0.002832687525576749,0.005322623027351279,0.01074136778272628
PAT_1633,2855,PAT_1633_2855_460.png,0.36176,11.393604376760557,0.9884159526623059,88.55385390995163,99.98681331714519,0.0,173.63213914525326,108.48174307660136,0.0,0.0,0.0
PAT_247,1293,PAT_247_1293_449.png,0.13346,9.431841792724734,0.9604021746859907,69.9198579899424,95.27423450033888,0.0,162.11821115348434,129.61304459977544,0.013615150594668335,0.0025371782233691194,0.0019125452788564478
PAT_980,1851,PAT_980_1851_351.png,0.27091999999999994,13.317498564768218,0.8651970867558694,119.2193070247893,99.99312324857738,0.0,101.97477951415752,40.549400863032304,0.0027109994075328325,0.007495715036968065,0.018782489075202306
PAT_775,1463,PAT_775_1463_616.png,0.10256000000000001,10.353987021587674,0.9769231629730151,117.79970992260706,98.9676279806316,0.0,192.20254590857874,147.39559034016506,0.012283868938597009,0.003945632988423117,0.013811245025253271
PAT_185,285,PAT_185_285_97.png,0.12493999999999998,9.578769320153087,0.947882199214836,98.8019319053846,99.98812654939535,0.0,192.37957262773853,95.93929068725691,0.001689870926967818,0.00853816118169996,0.0019128466783368142
PAT_1494,1707,PAT_1494_1707_125.png,0.32717999999999997,17.929896373928894,0.8113853790045462,97.67322402791687,99.98948032821376,0.0,125.31664212076583,87.68701346517989,6.783561667944582e-05,0.0062478462452105685,0.009870461878762173
PAT_372,760,PAT_372_760_267.png,0.42366000000000004,21.34994172122597,0.7092749806372068,151.10103418756586,98.47626699559233,0.0,144.46254604299043,51.12160441786383,0.0024157786787868396,0.00868138123489669,0.004897412060233608
PAT_76,1039,PAT_76_1039_269.png,0.2939,14.053599950665662,0.8970540565622366,81.06820575249137,87.00349705099431,0.0017398263653287402,154.99909529029003,124.09810880874089,0.007645593569716946,0.003059122411915157,0.003143480045765568
PAT_1984,4038,PAT_1984_4038_265.png,0.10902,8.977085516689982,0.9635332441360861,142.66188667306446,33.80257302650945,6.95721434384361,90.49022561598532,77.33414137216538,0.19004978296642738,0.009780463864125549,0.011605463768890845
PAT_1351,1231,PAT_1351_1231_203.png,0.20667999999999997,9.90862758479354,0.9378536335261162,83.82246489409734,84.87386773156716,0.043829745787474436,112.05137820200643,91.06014415116393,0.005517880180839763,0.004047411996474225,0.007545609536348634
PAT_1819,3569,PAT_1819_3569_217.png,0.61236,33.76448542438476,0.536078874664429,70.56115602194545,100.0,0.0,169.0792161192382,108.24510074523876,0.0026475384465843854,0.0020527889713459107,0.005891835047596211
PAT_306,658,PAT_306_658_825.png,0.1499,8.512757024905405,0.9459042715800126,140.64063598092727,96.8074656188605,0.22102161100196463,138.08251473477407,81.6913064833006,0.00382451135394124,0.01620206853640345,0.032311360822966546
PAT_976,1837,PAT_976_1837_861.png,0.11798,9.29929795050332,0.9454344340530079,156.28513837002356,90.6991709883787,0.3709732369307643,97.88628534655714,58.387099216413674,0.002829348412342503,0.0035064091777005104,0.006126262386206727
PAT_680,1289,PAT_680_1289_585.png,0.18986,10.899593843859282,0.8849416298247986,86.16165054847501,99.72999509081984,0.0,88.01963672066765,44.85370643102602,0.0004229207701736959,0.001774164238072945,0.0037548443650375126
PAT_530,999,PAT_530_999_696.png,0.18032,9.92528957321875,0.9780180623073665,92.37122866248733,99.8229758688158,0.0,180.27929438802448,98.68436907978509,0.00020179404346742924,0.0027305466727310587,0.0003971798398259145
PAT_1332,1174,PAT_1332_1174_839.png,0.09942000000000001,8.372919551121464,0.9907526810719828,58.5267199841812,31.832000772828266,0.0,112.56560800559164,74.82013558590043,0.0019772533670089354,0.0045925897057317155,0.0016489020618424654
PAT_730,1385,PAT_730_1385_585.png,0.0608,8.220102544726299,0.9891442665259838,53.06957319729033,100.0,0.0,160.73069235349155,127.26986050863316,0.01326632543986217,0.0014655629669072352,0.0008166487605745445
PAT_1728,3234,PAT_1728_3234_299.png,0.41022,23.36520653100413,0.7799402031229,103.68178891053309,99.99828110765424,0.0,183.89531945614246,117.00680681368925,0.001221670715538803,0.0024258139582712247,0.008165036902738792
PAT_609,1159,PAT_609_1159_932.png,0.1915,12.494884523923828,0.9820561270490468,91.38436182351157,99.42707855898799,0.0,173.46542304519204,133.33126776056469,0.003424814261248077,0.01339323877645593,0.002311189072476885
PAT_153,1200,PAT_153_1200_541.png,0.23653999999999997,10.171270945973088,0.9288157849194817,136.0985567699544,99.90749623132794,0.0,174.6976068932438,115.87153967383857,0.0019499332913816003,0.009277441214109453,0.01067800706269317
PAT_223,341,PAT_223_341_187.png,0.15762,8.35689265416713,0.9317361943520934,94.2144200351484,100.0,0.0,207.4997804128239,95.12779973649539,0.0015829152407458302,0.008407212898846791,0.004979191862400258
PAT_928,1764,PAT_928_1764_426.png,0.17334,10.815002670561062,0.9695748593698321,77.70547166481104,100.0,0.0,219.07265995260664,121.9130924170616,0.0003815286198768364,0.004740619694271886,0.000632280813849006
PAT_286,1458,PAT_286_1458_381.png,0.36547999999999997,13.986449531054692,0.8433019410795767,62.3523434531948,99.93002476046937,0.0,176.71331682635375,74.60582409301324,0.0017720345584554265,0.001426553048181744,0.004185120113076359
PAT_135,202,PAT_135_202_105.png,0.33327999999999997,16.957802885686064,0.805806927226275,160.18912490261943,98.48847139197268,0.0,144.35794192997437,91.7265584970111,0.010103943836056839,0.012683496562378804,0.006247571151757395
PAT_358,738,PAT_358_738_837.png,0.14518,10.427186354647601,0.9470859481214647,61.95972554380629,98.88197490564113,0.0,153.94184433336733,119.85801285320821,0.0027597528101750424,0.008708995480954818,0.0001472585854761505
PAT_1689,3077,PAT_1689_3077_411.png,0.18870000000000003,10.206776859582831,0.951280015661742,149.64894151442667,93.71941272430668,0.058037394905257875,159.6726063496047,131.75055684527544,0.010122674162655554,0.005577246526502823,0.01900038129935598
PAT_265,406,PAT_265_406_276.png,0.09852000000000001,8.221878068024367,0.9753214813630047,79.48395385883843,100.0,0.0,159.02060051924596,99.16079692967604,0.003870899865357047,0.0017933601115939814,0.0017576647162811663
PAT_1216,759,PAT_1216_759_542.png,0.11876,8.837452957524576,0.9769812106899801,108.8619387730729,97.71973406470326,0.027282778822819893,118.266868654959,53.69161844315848,0.0001679213032081961,0.00471055552945929,0.017658653140656726
PAT_923,1753,PAT_923_1753_496.png,0.182,9.63942498727824,0.965456810140644,109.04637206684357,99.99051143372236,0.0,145.8241136097669,66.99484454565582,0.0017290650570046529,0.005225250490702863,0.010310084526638386
PAT_1335,1181,PAT_1335_1181_21.png,0.16162,10.076650782507766,0.962532133757946,60.097456606138806,10.685192994917097,55.450247486293925,81.22667376941232,83.42721535376853,0.01692175329129675,0.0002654521367585875,0.0007587849117808499
PAT_1286,1000,PAT_1286_1000_517.png,0.16858,9.295217971430674,0.9753536516872578,115.65054096700959,0.0,0.0,166.8654145352876,142.04071292835695,0.0,0.0,0.0
PAT_282,433,PAT_282_433_934.png,0.19063999999999998,12.149773611260024,0.8705716105442803,144.98024700080683,96.95170065202043,0.0013843321289643811,154.7342497612027,111.58064426817282,0.00915365421975678,0.008146187644207622,0.013345757495405003
PAT_223,1067,PAT_223_1067_569.png,0.2801,19.852570838813445,0.8286631349353003,23.113068544351172,99.98102466793168,0.0,148.62156862745098,62.996394686907024,0.00046076989866428164,0.0005787275111245855,0.00046886007327414617
PAT_1340,1208,PAT_1340_1208_931.png,0.75654,10.554514971997296,0.2604951921923178,51.206438746340815,80.61097959643783,0.0,165.5148799458911,122.13115770488108,0.00010305458463888417,0.0038958458493376902,0.0013109762798234606
PAT_1063,271,PAT_1063_271_448.png,0.05574,7.675249991047758,0.9452803867154034,63.61072721341402,99.06542056074767,0.0,193.71639108554996,136.79043853342918,0.014443824039890973,0.0036744715774440447,0.0012711729398262718
PAT_520,983,PAT_520_983_221.png,0.19004000000000001,10.838603729119903,0.9458357264048552,133.12649649322185,88.94151589829897,0.675602572579191,125.4679930275891,89.05295425858027,0.0065247724253451045,0.0011587972661374047,0.001300822565367761
PAT_861,1639,PAT_861_1639_823.png,0.11510000000000001,8.743663494106617,0.953401712229048,115.42825064981069,95.41144715897293,0.0,171.98304380926015,123.69465014879923,0.003800501849792859,0.005356148440017914,0.0027796958365205954
PAT_768,1449,PAT_768_1449_842.png,0.21134,11.59432200360828,0.8744873724407249,125.81049174221938,64.25030801409702,2.0916306123033723,162.3477264261769,144.5317899200596,0.013265429436008835,0.0015797153401972744,0.0037673481681995856
PAT_1480,1673,PAT_1480_1673_701.png,0.10288,8.45413716047509,0.9793920415976863,122.02846463436317,83.16073910938256,0.0,98.3259766021586,74.10186964059791,0.0024081650570013657,0.002847225197398661,0.001981827883045237
PAT_230,351,PAT_230_351_720.png,0.19938,9.223946132411259,0.958904413487423,56.89024013432586,96.15384615384616,0.0,219.9839565328998,176.98729357405665,0.008205647539697103,0.002256936564485328,0.0008366000240075269
PAT_2049,4348,PAT_2049_4348_485.png,0.09862,9.239959603439075,0.9643603038911668,42.970651729835346,82.14168662548846,0.0,135.63301399218454,99.74573301399218,0.000459516499248358,0.004101609295221973,0.0006606197213278229
PAT_2157,4789,PAT_2157_4789_969.png,0.1498,11.159138186557223,0.9446596936645142,52.84377270562833,99.97015370840174,0.0,151.4991294831617,89.70327811769387,0.01566610019682102,0.005107873947267002,0.0007573726317679581
PAT_564,1079,PAT_564_1079_31.png,0.24786000000000002,10.53973434211546,0.9734087414183639,90.44667026588009,99.44747981044728,0.0006838121157830675,148.46640772981215,101.0612969180588,0.006070057820459995,0.007777864419789336,0.001152238774465407
PAT_845,1604,PAT_845_1604_313.png,0.21269999999999997,11.068432085445737,0.9327693283966083,64.77182095283091,98.08855917468414,0.03129709052973224,155.1514663266489,126.1833661759592,0.0013907945203276428,0.001883281720172882,0.00014551534660185868
PAT_355,732,PAT_355_732_625.png,0.19,13.060256010214196,0.8869006848628348,109.51302049973056,99.55830149310354,0.0,198.90244695553207,84.95433975557543,0.0016927151853834976,0.006147620393238347,0.0028614742765592097
PAT_721,1365,PAT_721_1365_142.png,0.12445999999999999,8.912764657400318,0.9851503326206736,96.49270679204179,88.93671959450427,1.3788994014583484,149.32919026901908,126.43065587483719,0.02140922418765734,0.0071878467918651805,0.004362056499129811
PAT_79,120,PAT_79_120_739.png,0.2844,14.664986624356011,0.7952290965047264,35.44236970759173,100.0,0.0,149.40729052445775,74.9792463427028,0.0004919659281079625,0.00066395359776071,0.00012235416998225614
PAT_2088,4523,PAT_2088_4523_400.png,0.1625,11.80239493520283,0.9684076320217523,92.40720294357676,99.9170083967975,0.0,130.0079574301894,60.70894356570982,0.0007901942419817898,0.0006379795616196557,0.006496322099269321
PAT_1648,2904,PAT_1648_2904_523.png,0.18612,10.04172967694763,0.966632271865186,79.87097245415708,84.38040345821327,0.0,141.76544292695152,80.36268638015287,0.0016159467312860665,0.0021942144906928456,0.005854418069533937
PAT_263,403,PAT_263_403_966.png,0.044259999999999994,8.285350448436523,0.986541629310095,76.79196322297882,99.99664669587767,0.0,178.80655906286327,81.71872485021908,0.0004781686390263884,0.0010281024319150557,0.0002914188486939349
PAT_656,1246,PAT_656_1246_489.png,0.20716,12.823039929720396,0.9311063433377181,94.08051221595585,8.692226436005333,85.19468543820459,68.19702322198556,88.56462024001247,0.2768287233000294,0.005213541411144003,0.006273961065195256
PAT_1875,3689,PAT_1875_3689_646.png,0.14085999999999999,9.98485672038295,0.964830755618392,70.2249932315268,98.72599212808144,0.004439051818531561,142.80416383060577,99.9748897635465,0.016715715749970106,0.0051593832786495306,0.0017749065082497556
PAT_908,1726,PAT_908_1726_939.png,0.14236000000000001,8.89799024153842,0.9748814638338196,59.36021268744371,100.0,0.0,209.67647897362795,98.0256355428843,0.000590874757805504,0.0018407060463713305,0.0042111137715161
PAT_2115,4613,PAT_2115_4613_260.png,0.20162,9.196212677964992,0.9574374153061506,29.84352466667984,100.0,0.0,171.69983240223465,132.78393854748603,0.0034471304094600974,0.0009572327626745775,0.00017809291982352456
PAT_1420,1461,PAT_1420_1461_93.png,0.14679999999999999,9.33301475879771,0.942839200889332,117.97962341132327,88.31750773498345,0.0,176.38123688609124,149.11013905188662,7.134266662356392e-05,0.0009873707451111124,0.0013745886231917917
PAT_241,367,PAT_241_367_374.png,0.44854000000000005,10.116065935971802,0.8568849365063935,168.62506138814166,88.75498518563572,0.8966817561755481,173.2858694424412,133.4582373947572,0.00759345357460306,0.009007671194874788,0.008323706571212562
PAT_868,1657,PAT_868_1657_698.png,0.18832,6.155962646821316,0.8273771794518486,58.45130354072717,100.0,0.0,215.3581081081081,148.73648648648648,0.0039237423944078476,0.0016191411803267346,0.003715005609907046
PAT_1591,2648,PAT_1591_2648_723.png,0.10232000000000001,8.924654960210562,0.9693134795885691,129.3462534501847,86.82915006740689,0.0,194.7432025084448,56.24157413999424,0.0033906955097661173,0.011753603731519083,0.007082277571676992
PAT_798,1771,PAT_798_1771_240.png,0.10973999999999999,8.902504384591193,0.9753937205371369,56.62890013640336,98.74160179161778,0.0,144.49511215385164,112.29984714372046,0.002443538245515464,0.003646635973488336,0.0012315241578942885
PAT_691,1310,PAT_691_1310_780.png,0.19605999999999998,11.002677082809067,0.9317241800956103,94.0558980963793,86.09874696091266,1.4363194314568917,148.6608004488498,119.09798017579952,0.0020955459110189034,0.0017483376288242483,0.001544924476548261
PAT_380,774,PAT_380_774_185.png,0.20332,9.964296346184526,0.9484061734109647,115.56039738794925,44.07733429800233,31.38389806664255,118.77760360143093,113.29735921861811,0.45409572385401176,0.012666341334762356,0.007846527038890789
PAT_375,764,PAT_375_764_705.png,0.19078,10.316039598481911,0.9151714206335381,126.59339778555561,98.385738349242,0.0,136.7425603593487,78.62773722627738,0.0061323245996222076,0.009457045725011642,0.021789387376699172
PAT_1374,1286,PAT_1374_1286_939.png,0.48112000000000005,9.700070732349335,0.7211846999269201,73.23578610675361,98.1028492008339,0.0,176.1414871438499,112.95201528839472,0.0003605652623274169,0.00276348648048574,0.0010645796459441115
PAT_481,923,PAT_481_923_186.png,0.13233999999999999,11.400114188446071,0.9036250069795829,83.06109105302328,98.74872862312841,0.0,205.4910944485181,150.91137024859853,0.017708742396322474,0.009063125987993782,0.0012647441684202714
PAT_1902,3790,PAT_1902_3790_168.png,0.2756,12.895830220077256,0.8153493815733461,48.00390549643863,51.94826457105436,7.850360183366077,74.83030451866405,66.98207269155206,0.27130945374310056,0.0022287458049677746,0.0023263244769925005
PAT_996,6,PAT_996_6_367.png,0.16502,9.261028151416442,0.9529153444469417,35.643377913016074,55.6404882258661,0.0,176.6597830107262,140.36074466773516,0.005902946793646335,0.00116853732771083,0.000618971585426381
PAT_1701,3135,PAT_1701_3135_5.png,0.17336000000000001,8.239987005747118,0.9537750085867472,60.628833588582026,100.0,0.0,165.4097455209403,122.71740271596485,0.005071057220558894,0.004399579931321056,0.001961212875503034
PAT_1680,3038,PAT_1680_3038_587.png,0.07333999999999999,8.302829330953596,0.9698692841891452,121.19396398933901,94.79119892231702,0.0,120.66819798970674,86.94715208455666,0.010151668786534063,0.005660652159670576,0.015183791288735012
PAT_428,845,PAT_428_845_189.png,0.06577999999999999,8.837295906466192,0.9820097105266236,115.67605685676583,86.50979182432074,4.525013375492242,147.72500951949448,116.24099022022567,0.014554809314971218,0.00349758567764899,0.001413339593981156
PAT_1699,3126,PAT_1699_3126_673.png,0.04302,8.217339857200102,0.9687892799733444,91.58893476570375,16.666666666666664,18.39585445533401,81.90982313844768,73.604145544666,0.6498999127559926,0.004290096838493901,0.00943199773766604
PAT_147,219,PAT_147_219_544.png,0.15222,10.641011218847328,0.9231248035277523,129.31540364602864,99.93855534154959,0.0,220.55323825166315,105.0745961786149,0.0062211939815265405,0.03965398171863831,0.0008772929162133228
PAT_741,1401,PAT_741_1401_619.png,0.19798,9.682839208866872,0.974443493859771,93.6765842778242,97.51219672454293,0.03839709578330076,154.71568695895002,117.39426220083118,0.0033835018440190323,0.008367268083504879,0.0038286720736667042
PAT_267,412,PAT_267_412_275.png,0.20226000000000002,13.65510261282357,0.9001815636064379,94.76931569918503,99.40423674948535,0.0,149.91290282797812,105.70864520780563,0.0050872003093648255,0.009018608267159804,0.002538427703100046
PAT_101,1041,PAT_101_1041_651.png,0.18562,8.836286983236342,0.9870676564849541,99.41981010556229,74.00482168630013,0.0,111.76601114309443,78.23061045128726,0.0331366595732312,0.016070084158932654,0.00801278450828827
PAT_1118,470,PAT_1118_470_710.png,0.21550000000000002,8.671147299332691,0.9341864233617967,88.29804143110591,100.0,0.0,166.72231985940246,111.054920913884,0.0002877307932829254,0.0031019515266384303,0.0033106567840617065
PAT_180,279,PAT_180_279_377.png,0.04,8.210520097811754,0.98762241342352,180.68021961852207,74.28826108311655,8.07243819468447,129.77231631223736,109.5102235724291,0.07953818154078629,0.011421506728168718,0.010096539526900742
PAT_59,46,PAT_59_46_537.png,0.12445999999999999,10.098031065825346,0.9089856060298589,93.44884672434857,42.24845522456885,0.2674536567370654,153.48639675366596,115.03015770543207,0.003213405464045249,0.002497787728412113,0.006035850671267605
PAT_1810,3484,PAT_1810_3484_347.png,0.05786,8.705107213140687,0.97287559510014,162.95615533406445,76.8305179026261,11.848230230992183,115.1289340398747,88.76244986386392,0.0875245870238871,0.027529181110251745,0.00877129554724963
PAT_1243,836,PAT_1243_836_47.png,0.11140000000000001,8.85452530186455,0.97952352532544,70.6739746854128,100.0,0.0,130.92508489756315,63.349591372168526,0.001149409748135155,0.0013067386017448029,0.004894637474344323
PAT_579,1100,PAT_579_1100_988.png,0.42648,14.716819055205042,0.9268272363393946,126.49869368188259,99.43407164744964,0.0,210.30400934932044,134.8031673583569,0.0013955858360912288,0.005807822344093902,0.00369208101172638
PAT_179,278,PAT_179_278_331.png,0.15074,9.407524076320408,0.9642165186842213,70.8908814930035,84.21949224407706,0.0,138.2080253352645,116.03906853879462,0.04158004946085725,0.0030294929240042468,0.002122742656375581
PAT_1472,1639,PAT_1472_1639_87.png,0.06942,8.232906686199657,0.9798583028071125,107.23089017462728,48.2128710564332,7.814902837970082,160.7869891420849,150.12735915000698,0.5218575571253088,0.0038681926350461904,0.00589345269516238
PAT_665,1260,PAT_665_1260_16.png,0.19224000000000002,10.222647688130632,0.9484208484982066,117.91035685200487,99.99058321300772,0.0,93.47327201958691,59.32125368824157,0.003986095796608247,0.007214579050808686,0.011912460237058144
PAT_108,162,PAT_108_162_526.png,0.69374,9.218758298210696,0.4557358379959583,190.52379009552322,66.41906365564354,0.0,180.79133140792686,126.19375912525445,0.021025373008773385,0.015171490631329837,0.01529224366209177
PAT_264,405,PAT_264_405_118.png,0.14244,9.06054101501644,0.9866972015321199,116.01080723531818,96.54773384763742,0.0,201.05120080819214,125.30816916930706,0.0003929964254963947,0.004211454713462111,0.0036276205580866704
PAT_1330,1172,PAT_1330_1172_722.png,0.1639,8.595545762444932,0.9565834561235236,74.55802741877967,100.0,0.0,158.43891264508247,106.57727550397068,0.005586923114205056,0.01851102392183846,0.0006995993694205723
PAT_760,1456,PAT_760_1456_878.png,0.09416,9.013551425638948,0.9738054769495311,125.34794014408897,99.40892380883732,0.0,134.51537518921646,64.14638506451381,0.0006687798831913616,0.020180263547729026,0.008416484879476995
PAT_1693,3103,PAT_1693_3103_879.png,0.6361399999999999,28.194027639305546,0.6548769494996962,66.97753044552665,82.75031477527783,0.0,158.0731373515082,115.6984179120819,0.00583359894429325,0.004229330912303394,0.0022626994469479825
PAT_1035,165,PAT_1035_165_800.png,0.81232,29.422793438424524,0.20808855690893194,61.76195739017454,57.747075530737014,0.0,142.5094979059356,96.33611900062581,0.0059702939954497936,0.0029534296600416633,0.0027916104354410685
PAT_486,929,PAT_486_929_274.png,0.27090000000000003,16.046185586566075,0.8219246870661783,101.95932928651762,99.82952668795215,0.0,109.94300153781134,68.49406717358801,0.005454162978057009,0.010184104214458452,0.012137253136949222
PAT_2006,4123,PAT_2006_4123_719.png,0.10512000000000002,9.128548574064938,0.9725093280817558,97.26073855007887,99.94638531089902,0.0,174.72261348442527,65.22193833648844,0.0007771406742976827,0.00029987357131026633,0.0022464282689858023
PAT_338,707,PAT_338_707_774.png,0.15834,8.177901171206319,0.9252961255895786,106.22979176921986,99.85850725150335,0.0,120.7456667845773,76.0969225327202,0.001494958762222609,0.013411784389427094,0.0034055310036088544
PAT_388,1590,PAT_388_1590_328.png,0.36025999999999997,22.77969455300643,0.7717966225846987,62.64733178249408,99.98777431383337,0.0,231.05623815636653,137.76557246775477,0.00029179422953773404,9.135733054986175e-05,3.4897944433993814e-05
PAT_664,1263,PAT_664_1263_781.png,0.16948,10.407872283327794,0.9144448278162086,92.93444967599953,86.8811353840607,0.38840361198970813,162.93223422212753,137.89775315885217,0.005578477312576657,0.0016510193778845584,0.0003356027377529707
PAT_1468,3656,PAT_1468_3656_337.png,0.07698,9.155376411906241,0.9592152618363934,55.504687218993595,99.49117121482873,0.0,160.5996607808099,120.59953963109913,0.006993790339603456,0.0019888669516010126,0.0017213278436970525
PAT_1734,3240,PAT_1734_3240_299.png,0.23211999999999997,9.12313117980059,0.9628755058926739,52.74774076202932,89.78514888805125,0.0,228.86854504334715,116.35667169242367,5.3582659835682556e-05,0.0006257947430329711,0.00018149587943211686
PAT_1694,3110,PAT_1694_3110_213.png,0.12462,8.59836232285348,0.9341087207268592,115.46175366178483,100.0,0.0,151.89996224990563,84.960362400906,0.0111745976921509,0.017681875633758132,0.002353824461790859
PAT_946,1809,PAT_946_1809_687.png,0.22408,13.19944953033142,0.9387255882471062,141.5989137435019,96.12015018773467,0.0,223.1300154605021,138.44246484576308,0.0006069104963686289,0.016519873397791825,0.0025821552141825055
PAT_1721,3219,PAT_1721_3219_737.png,0.24076,11.612447341829915,0.8953694643801022,124.8578279096325,95.12300248914367,0.2521470211092314,119.81443487818282,92.89907653847398,0.0016521612843858335,0.011730526228050686,0.013647726576754953
PAT_990,1860,PAT_990_1860_478.png,0.04726,7.872921410126486,0.9609654709451436,125.05390733554182,99.74977658623772,0.0,149.37819481680071,93.21251117068812,0.0033470189356031854,0.00719461394911699,0.005304118451842334
PAT_478,916,PAT_478_916_979.png,0.22274,11.963903112528772,0.9465525743768584,74.08954930834268,85.85555141941306,0.0,216.44648467317796,194.99131796329905,0.01945980746403364,0.0011629200285393133,7.145787330595108e-05
PAT_744,1405,PAT_744_1405_742.png,0.06516000000000001,8.44951366148528,0.9828605027037944,100.71136035773294,99.52752346391823,0.0,196.02904792566596,101.50415122660537,0.001149959115949284,0.004886736790074146,0.0010005774880605764
PAT_255,388,PAT_255_388_77.png,0.09756,10.321559304859282,0.9553956067391031,117.67780688557862,100.0,0.0,156.3157986003592,108.24241035486467,0.0030345184445953466,0.0023487711424110564,0.00998529891591877
PAT_489,932,PAT_489_932_138.png,0.17908000000000002,9.753918961206322,0.9536513722785311,101.35216740768298,88.7535680304472,0.06660323501427212,71.08984300666032,25.757136060894386,0.000975457151750514,0.016985767256746807,0.003164333353444653
PAT_146,217,PAT_146_217_187.png,0.21766000000000002,10.65125574186221,0.9288714137957991,92.28855312599886,99.9422934241983,0.0,135.97724712154104,72.3676183671787,0.0017535452404601193,0.0016948170921786527,0.00159498067652609
PAT_81,123,PAT_81_123_52.png,0.0616,9.198969045398906,0.9805251034561681,137.8386307015217,11.49252663949081,0.0,174.96610169491527,106.0719802617464,0.011430997405490806,0.012410451188467352,0.012678694829611946
PAT_680,1289,PAT_680_1289_182.png,0.90892,11.586353918460432,0.13297325895159934,88.83460760539516,97.3422784156883,0.03440416290371135,99.34976132111986,77.62310239538984,0.019856735475189402,0.0024526877327693593,0.018994867636478778
PAT_487,930,PAT_487_930_973.png,0.13724,11.61227116707867,0.9516845054333924,136.20513538463146,99.53783430503972,0.0,197.90029462414674,131.66727182189763,0.0,0.0,0.0
PAT_851,4519,PAT_851_4519_488.png,0.13304,9.22104201544688,0.9766694014141457,98.59361958292165,99.37096819235389,0.0,216.70292384596053,130.7897316317127,0.00021160259410657467,0.00014641098797049307,9.444784828571398e-06
PAT_968,1835,PAT_968_1835_721.png,0.11656,8.709617058166826,0.9734990146303278,52.840257384470185,100.0,0.0,199.77479778629203,109.19582801191997,0.0004389175521569699,0.001499555740161046,4.48503975396791e-05
PAT_270,1382,PAT_270_1382_561.png,0.19222,8.915966352089502,0.9834118839259316,104.91330314507188,27.643676746799212,37.74267365468369,50.43790753180286,50.06740319709981,0.6202765817506944,0.004725326451463237,0.010790448981005233
PAT_493,3016,PAT_493_3016_512.png,0.18408000000000002,8.82472965494606,0.9716553240892443,112.32915615606026,79.37106918238995,0.0,197.35945815191099,123.93551040154814,0.005136588469641934,0.003995730626405468,0.006704580725787353
PAT_1626,2811,PAT_1626_2811_850.png,0.18205999999999997,9.298356750574479,0.9507569144126133,68.62015580487989,100.0,0.0,167.21126585426512,119.63839840835612,0.0019257649943721367,0.002315908004326893,0.006855624717955719
PAT_270,1387,PAT_270_1387_430.png,0.09591999999999999,8.648465707835147,0.9809628356075095,129.28084007229663,25.28465640618122,0.0,80.7413882429016,57.66661602645756,0.0017973620153403091,0.004338121747714115,0.014099032213239418
PAT_690,1309,PAT_690_1309_154.png,0.08872,8.758621372292966,0.9902232028652735,60.72409182913174,97.27746502788625,0.0,142.13114248768954,88.9340578101122,0.01733183441717745,0.009241256926498544,0.0028826982747516975
PAT_677,1349,PAT_677_1349_851.png,0.15930000000000002,9.236309190251097,0.9919786731100795,94.67682951312541,99.9604377682057,0.0,196.14933531413624,131.30784260690885,0.0041628012309146145,0.0019713189704087006,0.002629578049169451
PAT_809,1527,PAT_809_1527_202.png,0.10546,8.536413621157234,0.9492956743957873,82.11670135638461,96.78407350689126,0.03403096818104475,144.5467075038285,110.25523226135783,0.032132219770061976,0.006654787720804792,0.004133856999907356
PAT_2125,4653,PAT_2125_4653_497.png,0.32836,12.853881720245226,0.9728135434908648,124.91248202975534,75.65126560820707,4.963056401612533,104.47777687796054,91.52145583719836,0.09094895221279808,0.004589996727352553,0.013238119943118725
PAT_645,1300,PAT_645_1300_463.png,0.0746,8.456655437765303,0.9872845180282637,110.06601074887031,98.4829108310472,0.06703657102782533,152.22738804892637,107.94992883810153,0.004457317960019247,0.02714950023440605,0.00313150200845612
PAT_166,257,PAT_166_257_586.png,0.12858,8.513443322378613,0.8857737645923411,37.93030491468875,100.0,0.0,144.78097193702942,84.46973697076366,0.003369106366562513,0.0013242663567116985,0.0006882898439924152
PAT_1125,492,PAT_1125_492_523.png,0.12768000000000002,8.029557483708386,0.9634014335742344,96.91742025499757,21.53692614770459,38.582834331337324,133.76087824351296,136.68802395209582,0.8426052056189481,0.0013845228657356492,0.010591363692134566
PAT_491,934,PAT_491_934_46.png,0.07006,9.81287218289922,0.9795758588137601,84.72956637367872,99.5146003116777,0.0,197.1996781033646,121.81342768822012,0.005132400053867392,0.008468356105569412,0.003741343354158012
PAT_963,1820,PAT_963_1820_823.png,0.10984000000000001,10.95217615030019,0.9315518306457413,33.19791689729078,100.0,0.0,166.1177788641734,116.26444227165322,0.0021232199057712453,0.0022212985437619665,8.383077376978822e-05
PAT_516,966,PAT_516_966_57.png,0.1538,8.528969721230842,0.9544718619329664,117.12784274299176,99.6070065124635,0.0,213.9300471592185,158.82225465977993,0.0054895862050377,0.006009251449980927,0.005033178798680792
PAT_1736,3246,PAT_1736_3246_166.png,0.12267999999999998,8.328905743056325,0.9783136330484868,74.03039149656442,94.57614942528735,0.0,175.8876077586207,145.60980603448274,0.029271973394521256,0.003995299479573106,0.0024093288524148584
PAT_85,129,PAT_85_129_225.png,0.16004000000000002,8.413957533933129,0.9388088395237815,141.4550882197898,69.63906581740976,0.0,173.98259023354564,99.17579617834394,0.015786079399953468,0.011669088777846734,0.015017732963762444
PAT_612,1163,PAT_612_1163_833.png,0.20332,14.166752634595046,0.8478885352345484,117.08769628458846,99.50671983458868,0.0,161.81019051838723,116.52500369221681,0.019864730944785136,0.006747791092576071,0.010791942784812443
PAT_873,1661,PAT_873_1661_178.png,0.16829999999999998,8.901167888922556,0.9341962934403134,53.007091837026195,94.39739413680782,0.0,246.0912052117264,168.6045602605863,0.003890186434687748,0.003213303810342685,0.00038874042666487313
PAT_1707,3146,PAT_1707_3146_743.png,0.24832,10.794759732790542,0.959322373889079,76.02838348785077,100.0,0.0,179.77335018521168,122.93997710688224,0.004290486111967917,0.0101789426130918,0.0016279365113052021
PAT_359,1596,PAT_359_1596_68.png,0.08149999999999999,8.962148031201265,0.9779063726452548,116.26516689201219,12.961408705669383,2.2381305027565213,145.5725170739735,111.3562248004608,0.06241247205855194,0.02830741069237519,0.00593711957347995
PAT_252,383,PAT_252_383_31.png,0.24686,10.36184802554951,0.9689250735056478,126.4294780593098,14.94275096131125,0.0,239.07099740070032,141.25610620609655,0.00037825113440903557,0.003039653312040976,0.0003491881722023119
PAT_50,76,PAT_50_76_296.png,0.16640000000000002,9.421322430729324,0.9673176788220103,158.0417258845645,97.47056751861541,1.1043469510968,166.49792463272289,113.35344133628497,0.022736497741899564,0.014035092851598464,0.011142359405319723
PAT_1145,534,PAT_1145_534_529.png,0.11936,8.408180623020204,0.9449468995733071,100.05445005295526,99.63565022421524,0.0,159.28223094170403,103.88789237668162,0.016213479096662597,0.0005989432732792763,0.007769304078749363
PAT_1906,3798,PAT_1906_3798_588.png,0.12836,8.83660345267116,0.9499417023452321,48.750596013028996,100.0,0.0,164.08331001026215,96.28976583636533,5.139779977492154e-05,0.0005774790926694687,0.0016358468930301646
PAT_1061,254,PAT_1061_254_813.png,0.17563999999999996,8.838222866170678,0.9660018911661359,44.05766790887973,60.79723164969722,0.0,147.31583150329408,134.95844147201703,0.15587400198683576,0.0030088115803442164,0.0006371446548713392
PAT_720,1362,PAT_720_1362_700.png,0.11674,9.169174204947803,0.9794855480926837,126.56909543350727,74.08655991274603,3.9289078379852267,118.02434187695206,95.92930444697834,0.25659967852183163,0.01779243688831423,0.011302034399209132
PAT_1821,3575,PAT_1821_3575_920.png,0.27840000000000004,13.331917727857437,0.8619625392136233,74.18711583662378,65.23890646548227,0.0,123.08803169194992,96.24533769593396,0.01268428948690814,0.008998761858660446,0.0011863620285865102
PAT_1526,1792,PAT_1526_1792_482.png,0.14032,17.314859830337856,0.9328764093523002,59.91587901505536,96.66703312811492,0.0,225.70776531808855,154.0226473175022,0.007921343841607476,0.0028101324576567783,0.001130676932837139
PAT_460,894,PAT_460_894_401.png,0.1358,10.002807992553661,0.9412334726314823,132.09048569964875,99.61682977467244,0.0,149.2885115400706,72.3857624891989,0.0017774284000062757,0.017676591754336037,0.010588195030920957
PAT_691,1311,PAT_691_1311_2.png,0.08518,9.125966765770679,0.9847586124360311,164.5754907323861,59.574012775663945,3.8454434987299986,150.05943825516025,130.71499624144954,0.0317159980938827,0.012831068073290843,0.009555415589126037
PAT_386,784,PAT_386_784_470.png,0.10224,8.15525952212633,0.9644598495432276,80.3257044543971,100.0,0.0,140.14842821648483,57.85470454790969,0.0005960191306726426,0.009154646517578365,0.006307488189089257
PAT_835,1578,PAT_835_1578_52.png,0.1089,8.893674579154188,0.9839829600639777,113.22732329903299,4.900258728941402,55.72869700059836,131.5506459795882,140.66945902896583,0.12539918068547273,0.0008054401046114875,0.005730857851492196
PAT_1221,766,PAT_1221_766_430.png,0.15152,15.581794739004106,0.9038412376831828,74.67266451351874,99.54336924071117,0.0,196.41290636132044,119.4181562798746,0.0018461514404568558,0.00289048600548016,0.00412665651088204
PAT_862,1643,PAT_862_1643_386.png,0.22378,9.299411472713741,0.9632495517937122,59.95935197635217,100.0,0.0,202.36636711897174,117.54777845404747,0.000461743496959377,0.003132685395000299,0.0011248650710230853
PAT_1755,3310,PAT_1755_3310_986.png,0.82742,10.107052864039881,0.3377255414646798,113.23984374693525,100.0,0.0,166.515478280253,97.2675192956059,0.0007209366965345021,0.009917827098083335,0.0038627705595045535
PAT_460,894,PAT_460_894_429.png,0.08812,8.424386358101279,0.9884771436590916,107.91214554204619,74.40532923920267,2.2117579173514548,126.45780246163041,108.2172293520317,0.18740251649352302,0.014638549719463191,0.008560861934231223
PAT_1721,3219,PAT_1721_3219_130.png,0.20862000000000003,12.111168935264715,0.9143157932676043,111.65335903291268,95.01657916551534,0.4172423321359492,110.46901077645758,85.32117988394585,0.0031771430300990833,0.01313542917199475,0.006732175734728649
PAT_1312,1102,PAT_1312_1102_578.png,0.21954,10.445552463620109,0.9476225368173538,43.64988010311938,99.67023970742382,0.0,157.40741080787447,129.0167098951041,0.004254255342274971,0.0014542153071255154,0.0008461003938757624
PAT_115,1138,PAT_115_1138_870.png,0.22252,9.007974496862513,0.9446524037331822,127.51452707708698,100.0,0.0,157.36298568507158,79.30858895705522,0.0004953780849136225,0.003958674748329067,0.01905714489505298
PAT_426,842,PAT_426_842_458.png,0.12054000000000001,10.109424330172363,0.9200687962709202,59.854696348019495,99.91690349171527,0.0,162.11433248574895,90.06344418407538,0.004737124099051249,0.0024035842412816985,0.00048545414584737104
PAT_447,873,PAT_447_873_329.png,0.17692000000000002,9.390851246634197,0.936402210218348,63.38364253061673,99.67642411016631,0.0,168.87015576792837,116.76789073669953,0.016209934278624383,0.004859407076717703,0.000967076200970841
PAT_364,748,PAT_364_748_278.png,0.2612,9.958460063636192,0.930122226832536,115.15525397805139,99.26971463639153,0.0,146.22006750536974,95.97238416692237,0.0021786134448595895,0.0038980598449971475,0.00649292990601
PAT_912,1729,PAT_912_1729_244.png,0.28236,9.671121709939689,0.9702443385574575,52.31530638638942,100.0,0.0,148.04834641255604,84.859375,0.0012306821561630654,0.0005181093714620422,0.002233932888847438
PAT_618,1174,PAT_618_1174_596.png,0.24478,11.261736835575018,0.8935827981066833,77.06089399124733,100.0,0.0,167.44476187671194,76.91379259564692,0.00040066811350270015,0.013486756457797417,0.0005618744558376145
PAT_824,1561,PAT_824_1561_796.png,0.16172,9.330294305505532,0.9901653975539925,131.91981055414,66.2064949654227,5.952859454389925,141.31788434385595,123.67724082490801,0.09695492134400796,0.027215551881309856,0.00325967383465727
PAT_876,1665,PAT_876_1665_386.png,0.15156,10.077832556292384,0.960007674783936,75.88383840869042,99.01651645658542,0.3480509942603517,161.43496794897382,110.73100288179837,0.015284545288152374,0.008554178985571861,0.001190659273273781
PAT_692,1308,PAT_692_1308_364.png,0.30745999999999996,15.556124693544541,0.817012116577171,89.99427321584241,99.91441032434766,0.0,183.58884952590762,130.25827242821632,0.000756971411047247,0.003477780425204877,0.002956125744661383
PAT_338,710,PAT_338_710_93.png,0.27122,9.954428115693652,0.5301480848486848,82.99901415828597,79.46861960316784,0.9537596866218172,171.78676658434813,146.09554628289195,0.0036468888147328515,0.004538242927555324,0.0015605304021878257
PAT_430,848,PAT_430_848_476.png,0.11228,9.082771088877838,0.9584365189268222,97.843350350552,99.65753650925092,0.0,144.66356210481806,89.17823738115636,0.0012793716093864038,0.005531554392282677,0.003689921481988988
PAT_1029,135,PAT_1029_135_239.png,0.15098,8.941822757707111,0.9321814067005263,72.88823237960094,100.0,0.0,178.1544289044289,122.95775058275058,0.0023389063420889977,0.0023833695451057385,0.0025660475478566846
PAT_881,1681,PAT_881_1681_462.png,0.17994,10.627354493258073,0.9347115022181957,42.179237177964,100.0,0.0,152.54157009567956,105.06730254947406,0.0030990411713139876,0.0013514702945899907,0.00014577601087774534
PAT_1861,3648,PAT_1861_3648_959.png,0.13194,8.805030105775495,0.989026124950035,84.91658840482613,95.62909020293232,0.7197786192834256,162.98455966598698,124.76309641712788,0.0017246827847653412,0.005242092481797543,0.0007419863936380229
PAT_1492,1705,PAT_1492_1705_578.png,0.1131,8.894758960519965,0.9759930888593621,76.77923412463215,100.0,0.0,151.39099711330286,74.17398364204955,0.0016065808735821197,0.0017245771401882873,0.001995963015194391
PAT_1787,3421,PAT_1787_3421_516.png,0.21186000000000002,9.02825683845628,0.9820469568971283,61.60097562304091,28.157735973235344,20.37788625020567,145.33529863434433,142.0760708605276,0.04543231774704659,2.677269930010706e-05,0.000682811933784034
PAT_924,1757,PAT_924_1757_704.png,0.22204000000000002,10.453444977443754,0.9137086528858678,129.14592610455645,34.247204412001544,23.837692665961512,143.58697336519586,138.97856897234664,0.20899422545215673,0.025261206049697296,0.00936787812896647
PAT_158,243,PAT_158_243_947.png,0.10800000000000001,9.84663514591577,0.9495129733352992,108.60256436281736,99.9838887475621,0.0,197.1175612651573,85.81559823624184,0.0005675242320472007,0.002817461097507785,0.0004691459192784515
PAT_1690,3082,PAT_1690_3082_117.png,0.7352000000000001,15.307320112293768,0.47366130972074233,103.30798806336449,100.0,0.0,162.71986093428654,76.95612574674371,0.002058431102466507,0.004735232006225559,0.009297550608474307
PAT_2020,4174,PAT_2020_4174_799.png,0.36794000000000004,11.160516852095718,0.9630560887508556,97.98828731021632,98.93277866334901,0.0,137.56640488316938,100.89745733058591,0.004760062188078784,0.0055961730773073926,0.0023022091136880706
PAT_101,1041,PAT_101_1041_898.png,0.20894,9.889549107288106,0.9722941422799359,99.51742470266855,99.93231229992142,0.0,186.57297869923713,89.89703356336334,0.002541158308265179,0.006940060904016716,0.007839532212825575
PAT_1284,995,PAT_1284_995_150.png,0.50162,22.180651619487012,0.6706354273555126,97.98963973604009,26.131981455002386,0.0,192.83123185579964,166.39725869116225,0.00897729391075952,0.000783022383482428,0.0030665334956563144
PAT_1071,314,PAT_1071_314_500.png,0.4619200000000001,18.04813543613922,0.8117480876200137,64.92217976481204,100.0,0.0,184.9992707250816,128.75288519389596,0.0012496810784544676,0.004114980521787971,0.0012953595200024153
PAT_935,1785,PAT_935_1785_530.png,0.22534,16.410366040362213,0.8799418681226673,114.0977518413833,99.97616629707157,0.0,169.7039543221902,91.71736337070735,0.004553740483594471,0.004944593003423375,0.00665278763269382
PAT_477,915,PAT_477_915_389.png,0.0745,9.25888190849368,0.9778297610211052,110.4455732369784,93.39722143464701,0.9163595123334278,145.05077402891976,108.63645024099802,0.011350501473997299,0.004099756566586109,0.000772570210709794
PAT_307,659,PAT_307_659_85.png,0.11198,9.195137547483236,0.9558490895448027,95.24592639200391,98.18521483853749,0.6138243928476115,127.13851080864691,92.78329330130771,0.008650216659267573,0.004665269904505763,0.0029051833418077128
PAT_627,1188,PAT_627_1188_503.png,0.14486000000000002,8.836231073040095,0.9866604181888597,122.39610176003254,88.84955891743597,0.0,110.28640803487666,54.86882622371834,0.00513530454622102,0.025631863020746125,0.012319434265138178
PAT_2122,4642,PAT_2122_4642_680.png,0.27664,13.917287962908262,0.9106383612030529,106.21734847905486,99.99700131941945,0.0,186.07025908600215,104.74133381312222,4.925773430719538e-05,0.001301503583060978,0.0028037430193178056
PAT_973,1839,PAT_973_1839_34.png,0.57012,16.763221156331856,0.7281968027086017,97.35089593263679,100.0,0.0,145.30964717493214,107.6146064643474,0.0028664302730762037,0.0014327217217891812,0.010728720119037945
PAT_1256,879,PAT_1256_879_199.png,0.12411999999999998,8.34509490663748,0.9798530951454848,82.31945642810409,100.0,0.0,132.57992488340417,99.92430558421727,0.0022548737646329586,0.005678233902170573,0.00501960113263536
PAT_148,220,PAT_148_220_174.png,0.48041999999999996,14.186599966255402,0.964639734974588,170.95721302419867,96.91637707297761,0.0,230.0673250340914,178.30020234900806,0.008086129400310949,0.016915271038934573,0.009215855231923212
PAT_1223,770,PAT_1223_770_120.png,0.04566,8.22658846435479,0.9887902550358667,55.61238071545449,100.0,0.0,152.29301891460315,69.15065335222545,0.0004916968033441549,0.0011700375208040996,0.0006830526454336504
PAT_108,161,PAT_108_161_423.png,0.15354,9.53369823821833,0.9685075983626448,125.63946167458816,57.28246429757555,0.0,133.17532381268683,93.27810528063766,0.05329379716534999,0.01965588489286473,0.002558437065219547
PAT_211,318,PAT_211_318_942.png,0.24554,10.112913182925453,0.9228449984360788,118.94492021357209,94.92330168005843,0.3579254930606282,152.30138787436084,123.60861943024105,0.001472226190840864,0.010257046076683603,0.004562998280853708
PAT_747,1410,PAT_747_1410_622.png,0.12226,9.68995199409205,0.9301259639491154,93.43497496090426,94.97846683893195,0.3359173126614987,201.48122308354866,158.3392764857881,0.0019054612488718092,0.0014531551841654438,0.000712408217224512
PAT_237,363,PAT_237_363_858.png,0.4305800000000001,15.687167661418286,0.8809281020532335,65.36767221262606,99.91539863922881,0.0,181.1323761066692,134.7322521835492,0.0038709938577521363,0.004708577877152966,0.0025848259114440693
PAT_251,382,PAT_251_382_164.png,0.18394,8.822021285682698,0.9733878891360883,85.76843130744638,98.99618706715431,0.0,136.3076414286826,98.73052680725236,0.006794982513689041,0.006370364670411194,0.0007449275854491423
PAT_1582,2574,PAT_1582_2574_34.png,0.38583999999999996,9.220172516223872,0.3476792396793908,97.39046291607573,100.0,0.0,149.68416119962512,99.21149640737269,0.0012552703056597503,0.003758531045398477,0.015422440352085402
PAT_380,1540,PAT_380_1540_525.png,0.10880000000000001,9.029074430599747,0.9748532396386529,74.44013538730582,19.073966579802146,10.361990391384357,171.07770875273252,163.34808383455396,0.07765746573970811,0.001189889190961875,0.004691610647402517
PAT_803,1522,PAT_803_1522_907.png,0.13548,8.704548340459217,0.9839732453272332,92.71047275540178,99.50081846323398,0.0,155.75762953598806,109.07905868624495,0.005541583186131516,0.014437991476136114,0.0023459141931428357
PAT_1286,1000,PAT_1286_1000_276.png,0.15497999999999998,9.75676454224201,0.970945864737183,118.23371079544795,0.13732143214254766,0.001555420752423679,147.2769315548208,132.343366537863,0.0,0.0,0.0
PAT_1832,3597,PAT_1832_3597_594.png,0.64052,8.955392247762815,0.5498807032455632,119.20776433491602,0.7263836513358474,73.66666863999906,83.30228097490513,114.15196632705616,0.1574587528388619,0.019678527491270283,0.008116138206343198
PAT_2081,4488,PAT_2081_4488_57.png,0.5913,18.716488925033477,0.45309571955333894,82.26143320771948,99.99149311572513,0.0,137.44722581051704,94.1827341756199,0.00033386737106488873,0.0007200421419018466,0.00037115521885162386
PAT_363,746,PAT_363_746_18.png,0.16046,9.897753094144775,0.9451714065336396,50.18740327507801,99.81081966020301,0.0,168.38439989813367,136.93043984429002,0.003025382501532725,0.004373186559514038,0.00039736076597941935
PAT_1603,2704,PAT_1603_2704_969.png,0.0737,8.636301622064497,0.9865348108426656,33.3724556535034,98.05653452592179,0.0,158.0207763167489,137.34856476192792,0.004758737846830341,0.015264763658924397,0.002115734084998633
PAT_262,402,PAT_262_402_265.png,0.20140000000000002,10.937741706826417,0.9612052480271746,132.04961333157996,91.57048528325932,2.5909556934979987,159.10530400605188,133.26261768183213,0.04164247834198098,0.0045357233908231934,0.02008407304461861
PAT_99,153,PAT_99_153_636.png,0.26067999999999997,11.468206302138253,0.9143744564594957,198.3573279435523,92.0063530535052,2.157467592082553,139.32034262421504,79.04010135507326,0.2134347092615536,0.04320754252502784,0.013826438196193967
PAT_404,805,PAT_404_805_575.png,0.04479999999999999,8.005682279882535,0.980692637834722,65.53685043516609,96.21490677856123,0.0,144.3239607215469,109.68334991564649,0.012568162397686433,0.0144031576756445,0.0003911430878577284
PAT_57,90,PAT_57_90_910.png,0.21328,10.706521194702571,0.8787789866987298,92.70319616643076,98.40412670266785,0.0,151.62496977512694,121.86991214636899,0.004776328004890251,0.011893757478251565,0.004627864518777001
PAT_1822,3576,PAT_1822_3576_145.png,0.18980000000000002,9.773876698350529,0.9798073277817189,56.00648522394458,90.78810922917387,0.0,129.7302000518493,87.22176374006222,0.005591967519872898,0.004423264460916628,0.0007092132936315128
PAT_494,939,PAT_494_939_518.png,0.20225999999999997,9.313521931870142,0.9803563947935575,82.6398150639845,100.0,0.0,212.2044764026737,118.89322969414624,0.0004781813968746107,0.0014489699646985535,0.00038244451250056034
PAT_707,1327,PAT_707_1327_245.png,0.08288,7.869459353882462,0.9642717520382506,115.54073595214658,100.0,0.0,187.28236355435274,89.64922568034882,0.0005874582889180413,0.006133679894397035,0.002152256953074932
PAT_1942,3918,PAT_1942_3918_497.png,0.12738,8.809998902655764,0.9810178959655256,73.2518762536734,100.0,0.0,152.7597568665919,73.69194927130044,0.0005264101611169858,0.004641334649366599,0.002420051516175012
PAT_217,1291,PAT_217_1291_419.png,0.15528,9.15116727742963,0.954886619368804,87.29637196531189,99.98479781088476,0.0,160.3695652173913,49.787549407114625,0.0017881054545125785,0.0036254812287398897,0.003968853354712646
PAT_1547,1876,PAT_1547_1876_839.png,0.1369,8.487927009437692,0.9716643936328397,74.51838701628725,23.29327670154356,10.027970579094582,138.78182948306227,131.74531233813323,0.025003255052569395,0.0009820909801557109,0.0028091987125734227
PAT_565,1073,PAT_565_1073_749.png,0.29844,12.938550657616512,0.881871306848416,48.110520591473815,100.0,0.0,166.33896019467798,75.54502806841842,0.00010469930719148035,0.0010301093660245154,0.00011336413997945814
PAT_945,1796,PAT_945_1796_583.png,0.14511999999999997,9.249382205831143,0.9602632618031808,124.17381297634584,99.99641062455133,0.0,179.87024407753051,135.18206209619527,0.001699080823191923,0.027049593345177852,0.0070880829454527715
PAT_693,1313,PAT_693_1313_304.png,0.21222000000000002,9.790551090163238,0.9667412096170924,89.89512266846816,92.5111704223572,0.0,203.31749276989302,88.06132022868698,0.00015663847686830934,0.0003467273288710125,6.867110550442415e-05
PAT_778,1471,PAT_778_1471_835.png,0.12194,8.07519165733558,0.9295941322493791,43.9498174331665,99.92082343626286,0.0,210.45764053840063,122.44338875692794,0.0010470064108463184,0.0015007476684762964,0.001674660490175936
PAT_679,1286,PAT_679_1286_677.png,0.16185999999999998,9.057054319297881,0.9199632212258622,115.67461812410241,100.0,0.0,192.09488852637304,105.02637302882002,0.000987235582821433,0.0038502843477064763,0.006978377558442271
PAT_747,1410,PAT_747_1410_179.png,0.15674,8.91483200205921,0.9645357396652299,93.53485730715703,99.83460822824064,0.0,203.96044380125423,131.78375025842465,0.0022333203578079885,0.003044492012849767,0.0028779730161186995
PAT_359,740,PAT_359_740_46.png,0.07326,8.082909072740893,0.9774490758415683,71.46332293575578,45.29109589041096,11.78082191780822,186.0849885844749,176.8058789954338,0.13922351232666452,0.0015578988292527826,0.002003102734202685
PAT_1006,53,PAT_1006_53_385.png,0.71902,15.21182943666765,0.3993972723664727,43.47068285148276,100.0,0.0,172.84755624515128,80.54809930178433,0.00042274748295223485,0.0005984057896296488,0.002029448000401021
PAT_53,1144,PAT_53_1144_892.png,0.29551999999999995,12.991539066466292,0.8807849062526146,130.99921759149618,94.92383578331402,0.40407006781633575,141.8199848813622,106.03634999102671,0.021253546878524543,0.001092281554851592,0.008320204270384476
PAT_289,442,PAT_289_442_43.png,0.22386,11.018270457393566,0.9330698340716835,161.7535336674024,20.82828894269572,12.131759483454399,83.90413135593221,85.6286067393059,0.62604308264572,0.0063176805377730865,0.02269653855374852
PAT_573,1090,PAT_573_1090_660.png,0.22383999999999998,10.438537532050958,0.9348609671256222,33.67210818710213,99.992055926279,0.0,138.25748728948204,101.56665077851922,0.0035570824311752514,0.0033942210327742063,0.0005102500207451739
PAT_528,3072,PAT_528_3072_615.png,0.07060000000000001,8.663364264419409,0.9814400048376611,150.77652157885737,99.99723703478574,0.0,193.55682037963143,122.77771944851214,0.005696481076680193,0.003159537108074471,0.01648883556325191
PAT_714,1337,PAT_714_1337_914.png,0.15519999999999998,9.916849359030852,0.9623083761811208,62.30189151236644,99.74051696041317,0.0,133.56191867024344,51.83171835435104,0.0017125487899208869,0.0014137509361949311,0.0009414264525430907
PAT_1904,3794,PAT_1904_3794_215.png,0.0898,8.763964956322445,0.9740708077881159,84.88795426650408,99.53644455820037,0.0,109.20887011915934,66.1919915820607,0.001118345295818668,0.009571546996082833,0.000773316164906788
PAT_1765,3337,PAT_1765_3337_365.png,0.0861,8.87507041018957,0.9648457063860776,140.46097734772832,80.27795853862601,0.6739797341266152,141.27177651761644,112.85548944873106,0.03526884190952306,0.011605634625836218,0.01085926349177483
PAT_123,186,PAT_123_186_718.png,0.11257999999999999,8.51931934965307,0.9934225764657139,151.66804774675148,98.17045023812294,0.0,195.8096179900097,147.03448560566542,0.018608124152030614,0.0010539409473041966,0.0006095290887156388
PAT_1065,278,PAT_1065_278_954.png,0.14204,8.567050845292464,0.962234958314937,45.47045463214621,81.37530447817126,2.6044594341390295,161.04534382611953,137.87127599775155,0.07342055262114433,0.005242484864242795,0.0011389866831090624
PAT_851,1623,PAT_851_1623_506.png,0.5241399999999999,18.221095041808024,0.7957557835562874,81.72327265604308,98.80789833000735,0.06433147778594686,156.7401270874908,109.03169966390085,0.003529096803409959,0.0006488822604542868,0.00032014604837087945
PAT_369,755,PAT_369_755_391.png,0.22035999999999997,10.869492775001591,0.9397229820785473,59.4695915541419,99.65468003263783,0.0,154.54376238489334,108.79774740645763,0.001592509048653823,0.00351115540326407,0.0010332596247387075
PAT_794,1507,PAT_794_1507_723.png,0.13776,11.445016717285696,0.9678809200537606,94.36626352956415,99.85945463142963,0.0,225.78156360006304,122.35556664740189,0.00011639896014947748,0.0010921934715986668,0.0003605807255571149
PAT_230,350,PAT_230_350_872.png,0.19996,11.403411246006048,0.9071876669243981,50.76023272971742,100.0,0.0,225.2257539800557,168.34185689400883,0.0009400209334512466,0.0003011728585026974,0.00019084055874506387
PAT_935,1781,PAT_935_1781_920.png,0.56692,17.2891413607431,0.5789562542619274,217.01236002355986,97.3871237458194,0.0,156.15379389632108,112.65463001672241,0.01231600802577737,0.00930835528863176,0.04221115425008264
PAT_257,396,PAT_257_396_494.png,0.08396,10.93766282546498,0.9568297363441527,136.76854721437155,13.952799258246747,30.394677729240943,113.3592341588843,115.52344265272374,0.11605629697966369,0.0067451351502111215,0.011101255730668813
PAT_97,151,PAT_97_151_503.png,0.1855,10.015301622092826,0.9398767750468047,149.51585741489677,99.56041787215338,0.0,198.5448396198063,88.44922153593583,0.0010093244341898844,0.010472661960232487,0.006685056059218611
PAT_704,1324,PAT_704_1324_359.png,0.19838,8.976896091170378,0.9770704452742767,88.17707140424172,99.97321039883019,0.0,149.10279393215532,115.07560248696798,0.005030947532028485,0.0025013678161381263,0.006296028975620368
PAT_115,177,PAT_115_177_622.png,0.16761999999999996,11.256642284897787,0.9016199144667281,171.80516698343294,87.10985305748657,0.0,245.798609665737,129.3615368605087,0.021034359379953016,0.04880513781561468,0.002719419673442357
PAT_579,1099,PAT_579_1099_837.png,0.08841999999999998,8.481404657340548,0.9824430132732414,85.13086114742758,99.70106146176346,0.0,222.2702496366747,157.84231681966187,0.0,0.0,0.0
PAT_1783,3413,PAT_1783_3413_850.png,0.12916,9.6226717083721,0.9766894797135477,161.43950383605588,32.144428609894334,0.003940394958921382,78.54766892801555,64.43263566451478,0.008841782351804772,0.0020866753831819437,0.004348672055276596
PAT_1392,1353,PAT_1392_1353_161.png,0.12172000000000001,9.082138401123897,0.9880563716016857,71.33794455377867,99.16207688127125,0.0,188.91005102164974,109.141798006181,0.0025057256157585694,0.007581481949622458,0.0013312926215693814
PAT_1509,1741,PAT_1509_1741_810.png,0.20099999999999998,10.848282591834437,0.9240616489200999,64.25341900428563,100.0,0.0,124.8955686138956,53.89283097131006,0.00011326900136265916,0.0005636557369731319,0.0016164904206471772
PAT_774,1462,PAT_774_1462_821.png,0.07446,8.501978328159733,0.9830548138289316,74.57322532855744,99.64027789219321,0.0,185.22377598374385,133.64636021638245,0.0027584508745371883,0.0035442982552119666,0.0031663362082451495
PAT_1089,375,PAT_1089_375_60.png,0.16809999999999997,8.490123095614367,0.965715231747904,113.93742970491715,99.17739628040057,0.0,187.99451597520266,137.1773962804006,0.006005056116352936,0.0050919965983961726,0.0058973745193535605
PAT_522,986,PAT_522_986_800.png,0.1291,8.504455149390866,0.9913767839853278,104.89723522215905,66.90780325506246,8.30091594372604,160.92749013404193,135.44958931718,0.14025512053452538,0.010544678463096332,0.005733534642744083
PAT_1503,1728,PAT_1503_1728_65.png,0.12788,8.420302493253416,0.9436584465730321,107.01725856661938,98.34683954619125,0.0,150.21604538087522,111.19432739059968,0.0014144374777074198,0.0043899396473146115,0.007310685018117352
PAT_154,235,PAT_154_235_30.png,0.09792,9.092733933844167,0.9667420395319589,134.96535440184147,82.71999368910977,0.0,212.05752113490843,119.3321631891032,0.0014456785075273038,0.03016973542942615,0.0020754762398189114
PAT_172,267,PAT_172_267_557.png,0.04542,5.155823541900896,0.9849370247409728,123.30809917233034,62.40058432072716,15.082778769680246,148.57604285018667,133.4724882324298,0.052936584649776464,0.002784404827139258,0.007058853322485493
PAT_583,1112,PAT_583_1112_886.png,0.23926000000000003,12.935889744090824,0.9080420193980075,105.2046159507158,99.90701666547457,0.0,162.52814534010443,99.23260138759746,0.0003841489420493005,0.006754550478066734,0.0005847238051561132
PAT_540,1016,PAT_540_1016_644.png,0.11086,9.053162312638682,0.9748476734442308,133.42713696587714,98.63384810636337,0.0,231.38989328273058,136.07428717867364,0.0014358647086782916,0.015923984026711958,0.009127302536406113
PAT_392,792,PAT_392_792_712.png,0.28680000000000005,9.956309165045843,0.9733622474104716,126.94992968145883,98.70614670919107,0.0,203.05389243258915,99.09702087561612,0.00010274873711024757,0.0034218775159634575,0.00016091160626140853
PAT_229,349,PAT_229_349_256.png,0.18136,10.268641489698757,0.9403663280637979,134.73345872148738,99.86404806084768,0.0,180.72214363138653,70.58066175524976,0.00020216084984048255,0.00393937544979522,0.0010447541447467087
PAT_492,1784,PAT_492_1784_50.png,0.39259999999999995,11.640071903628591,0.9044682313924692,131.85341662769463,30.967667635965796,0.0,172.34434111651743,128.89669766504477,0.07574083828462319,0.007500791484462662,0.013381474896888063
PAT_1554,2392,PAT_1554_2392_767.png,0.23368000000000003,10.786378906414393,0.896103311057962,170.79871795053407,50.68476624017338,17.487014539837517,126.27031300829647,114.5986733394661,0.19837161400218184,0.012403371088498564,0.010269733276903212
PAT_1277,964,PAT_1277_964_152.png,0.21511999999999998,9.733621807292113,0.97841015891197,115.91623736702225,25.58124365174769,1.979256939979313,165.29897589294868,158.2189483100836,0.2955280799361669,0.0021314155201910957,0.007951265636384692
PAT_886,1684,PAT_886_1684_297.png,0.07288000000000001,9.605536545850072,0.9833222762209565,130.6977585938879,84.21672555948174,0.0,196.00228209658422,144.94624190223792,0.014501048250419535,0.012384291041437552,0.009081156268329066
PAT_68,105,PAT_68_105_871.png,0.12468000000000001,8.419579834318858,0.9829379896631771,189.86530748640394,94.07048564854064,1.1626498728351702,187.34617899963666,112.9193653869444,0.03220232515255106,0.028884710148123532,0.012885922853623848
PAT_885,1687,PAT_885_1687_823.png,0.16946,13.614596589698237,0.8766337920558873,95.57704555215908,100.0,0.0,171.53810438680756,100.13080371437721,0.0014566072464146096,0.012307650767077854,0.0042743014056554635
PAT_856,1626,PAT_856_1626_523.png,0.14932,10.379411333006713,0.9268311719776677,86.61485437678328,100.0,0.0,173.62378957949406,69.59661584855084,0.0007981414679949506,0.00397993923629863,0.003159240479
PAT_369,756,PAT_369_756_130.png,0.27318,10.273606891655916,0.9571832362024206,136.50528315154583,77.95362307017723,0.0,164.88222217690128,86.11918503864744,0.015880259899163307,0.02321536651927709,0.009570505960267773
PAT_188,289,PAT_188_289_908.png,0.12254000000000001,9.87195454361985,0.9511623027691489,93.89024608983905,34.984548931648,21.889095120792586,148.11415670468625,142.62040814327622,0.11745274253558402,0.0013644560762010927,0.007869898542120177
PAT_877,1667,PAT_877_1667_118.png,0.17892,10.675214087750042,0.9495112711355829,86.63538734685092,100.0,0.0,137.74794423545032,72.40918787342332,0.00044484808262468256,0.007059067070617571,0.00848114270697568
PAT_510,959,PAT_510_959_174.png,0.15348,8.960894896133016,0.9451502345838787,72.12687922648331,99.97467392680764,0.0,115.97505381790553,49.16309991135874,0.00015065987910911627,0.015287166414519425,0.0029111402493130884
PAT_59,94,PAT_59_94_849.png,0.19748000000000002,10.723345864729133,0.9585855642442384,97.33970290819843,98.86662907014306,0.0,173.61909428879605,84.36124966464266,0.00012491451988139168,0.0004302848935810439,0.0006607405134625165
PAT_1181,659,PAT_1181_659_231.png,0.31892,13.50233529744914,0.8961498090283885,103.4058803584229,94.51714633358993,0.14650741228179087,183.61548012217227,158.64557622110203,0.009433842188129482,0.0002758483415455452,0.001974410704993051
PAT_504,953,PAT_504_953_569.png,0.14178000000000002,12.194918369655134,0.9187650036956803,80.47376154118743,99.84999741374851,0.0,143.09484892596672,103.26713022145702,0.0077133688756416685,0.004232630274613519,0.006912880606802912
PAT_747,1408,PAT_747_1408_427.png,0.13486,8.57822422097572,0.9867703586010875,65.55469095823446,100.0,0.0,140.52043734626383,101.15753174761966,0.0035081315556783066,0.004823500144963317,0.0018271354959593657
PAT_689,1306,PAT_689_1306_772.png,0.10068000000000002,8.32863548250036,0.9491749560339918,141.37405014018503,100.0,0.0,149.53435744962007,57.11116617112653,0.002245884047588076,0.006101089811895991,0.003773147049276305
PAT_1275,955,PAT_1275_955_131.png,0.1474,9.387714112307936,0.9658139707703165,101.6957476480254,99.91658722592945,0.0,207.9090259121241,126.9643816621891,0.0,0.0,0.0
PAT_1273,953,PAT_1273_953_510.png,0.15008,8.793642202570787,0.9803271731646209,107.62102276223686,95.46327724416841,0.0,150.38318769408536,91.93662165089911,0.003158530774927115,0.02170532285952849,0.00435119389678549
PAT_423,839,PAT_423_839_717.png,0.25927999999999995,11.10322628943384,0.9207141140265868,110.81610199059209,96.23673103039654,0.2604663168361555,161.4387772162369,129.55548841834175,0.003995783233969763,0.00781680500329623,0.0021776573694848598
PAT_697,1317,PAT_697_1317_892.png,0.23410000000000003,10.152098701437366,0.5836534750930638,92.0975885133679,99.99768990430428,0.0,161.01917956951365,83.18680011319469,0.0008746281920986032,0.003461783724821433,0.0010877749049485511
PAT_1464,1612,PAT_1464_1612_284.png,0.56844,16.108871532498313,0.6622001229320992,62.50536177222263,100.0,0.0,185.37248829128268,82.00521226771416,0.00025991452323570474,0.001753510700679458,0.0009362501728478833
PAT_237,362,PAT_237_362_52.png,0.23331999999999997,15.213846174389277,0.9499720487194537,103.24515995779977,65.34756724654895,0.0,156.03359068325682,122.98261801642597,0.10505148056059066,0.014190840386988913,0.0029788147054592255
PAT_806,1519,PAT_806_1519_527.png,0.79154,8.980690266927091,0.40303645323659865,78.37068081604004,99.88473750598061,0.0,184.15619155321647,92.31055630464094,0.0010980448397847065,0.006212133640578342,0.0006076811278222077
PAT_782,1492,PAT_782_1492_890.png,0.08286,8.856876489410364,0.9797810706687035,134.55923235936672,87.68598019643399,0.48336260203527115,113.24953522826728,75.60559327754166,0.027760436032910896,0.022585039548397547,0.015624934540404319
PAT_267,1258,PAT_267_1258_693.png,0.052259999999999994,8.341258236768326,0.9848505071482841,61.27341416999097,96.85610247740425,0.0,130.8666579968355,113.77684938335825,0.0018443226242883526,0.0002490174926604026,0.0011958675619313914
PAT_805,1517,PAT_805_1517_154.png,0.07452,7.650230643492759,0.9303661559472123,77.33210217446438,100.0,0.0,197.51933372992266,111.3372992266508,0.001719424436488648,0.004207921679598121,0.0030654250152193194
PAT_1310,1097,PAT_1310_1097_774.png,0.14977999999999997,9.626114841610043,0.9701041016360118,83.5710434610273,44.37758716340204,26.198096701233304,72.64362224213716,68.34395937353305,0.09136967403204521,0.013886712185765829,0.0014511488322022108
PAT_892,1691,PAT_892_1691_881.png,0.21186,11.780787274681575,0.9257884324399719,78.6807885216445,99.99534854874722,0.0,141.23875899280574,37.59290498635574,0.0017135278992320702,0.0022759318816073875,0.013874658294045961
PAT_1324,1145,PAT_1324_1145_309.png,0.20021999999999998,11.601428968311431,0.9006453186726279,30.802964079970863,99.75637181409296,0.0,156.93909295352324,62.23969265367317,0.0007429266979452898,0.0011413717721404646,0.0002343313111945686
PAT_1715,3184,PAT_1715_3184_989.png,0.12309999999999999,9.367998903171852,0.9578615783108688,62.18199448276647,94.64350760146469,0.0,132.9174670731006,111.88541247292038,0.021215047960376987,0.006136691933657872,0.0018823551702086478
PAT_1844,3618,PAT_1844_3618_373.png,0.059660000000000005,8.075244092447845,0.9705450577244816,83.08047321037822,16.267178012144456,0.0,135.47312240332374,105.54036433365293,0.008025209456620996,0.0022430629061602017,0.007249907513043187
PAT_816,1544,PAT_816_1544_933.png,0.28366,12.529305362161196,0.9400384538200834,82.10441036637965,99.25109069726787,0.0,159.20957210469163,116.35760195898034,0.014834171215938885,0.010516483588261667,0.0019139794752069611
PAT_46,881,PAT_46_881_14.png,0.14492,10.002831831276891,0.9493572014350344,107.50140685514603,75.1046271207055,0.7502846216575648,170.28202367493913,141.28140757621978,0.07233020214369068,0.02218446814620633,0.0021494637347208136
PAT_255,388,PAT_255_388_231.png,0.18503999999999995,9.649014487040807,0.9460710975337162,165.32458020392068,97.1099976460302,0.0,150.11617177253927,105.45239936779097,0.0006299998013393759,0.008013756824613815,0.002081090560932468
PAT_1334,1178,PAT_1334_1178_413.png,0.11925999999999999,8.918302545990956,0.9806377484729613,116.76715535709504,52.2200724314134,17.052250941222514,57.976131809738,50.61938780572506,0.3456691364453003,0.006902016122908455,0.010902731325175174
PAT_58,91,PAT_58_91_143.png,0.09046000000000001,8.4360381284936,0.9726078339207695,85.65702724530387,100.0,0.0,146.860435506513,107.23832065554504,0.0036416137318516784,0.007652701727755786,0.00546438730395613
PAT_1414,1429,PAT_1414_1429_59.png,0.18309999999999998,8.964383804132023,0.9733701409011707,127.70776762919442,94.09263908008747,1.3928253299862337,149.70503684508867,111.98400680217021,0.002920494282049102,0.0009637354165276407,0.00686372944165245
PAT_791,1487,PAT_791_1487_906.png,0.07239999999999999,8.173417353866334,0.9882770729377971,68.1324373319564,95.25854331076181,0.19962516425991483,85.98080582503357,58.50559022267541,0.015740147760402556,0.0014866089022371172,0.003409041094073186
PAT_1934,3890,PAT_1934_3890_306.png,0.17672,9.378093706968482,0.9452758158086768,120.11033067261971,99.97896508203617,0.0,128.52692469499368,62.10501682793437,0.0001887581183686038,0.0020925727198384146,0.009223670068151665
PAT_420,834,PAT_420_834_948.png,0.07333999999999999,8.812231013836616,0.9643818601562899,108.74334646724796,99.98504520426891,0.0,145.52598735639998,81.10684521786418,0.0022143157644062272,0.009897736039320072,0.005059899483697766
PAT_1381,1314,PAT_1381_1314_517.png,0.15919999999999998,8.911935240639357,0.9685044003480648,67.48469965210295,98.1192815994578,0.24144357844798373,133.13364113859708,100.10356658759743,0.003177678758003011,0.001779821228565085,0.0008998001929539425
PAT_319,678,PAT_319_678_357.png,0.16866,11.56837763672168,0.9409896373357463,114.73730490747437,99.88181447020649,0.0,178.2569568300492,90.55540752519501,0.0017985300830622997,0.013166431490197377,0.004397234390625489
PAT_1807,3481,PAT_1807_3481_801.png,0.17959999999999998,10.017952459458439,0.9507412678199546,79.9883631909544,46.99942111018203,16.112433266868205,181.4737248343732,175.21939924101113,0.07998852706374171,0.0005783434197752901,0.002475181130133973
PAT_248,379,PAT_248_379_695.png,0.30877999999999994,12.240206990275574,0.8522774918168158,63.46106357977863,85.96170264666424,0.0,176.75228686425174,148.51481888035127,0.028518148769157148,0.003505740858768063,0.0017202416641239448
PAT_367,753,PAT_367_753_130.png,0.18824000000000002,13.704781098254497,0.848160053491244,77.42701930684987,100.0,0.0,160.2409679234665,95.72504220596511,0.00040512753774812893,0.0028951942488674,0.005090654440629842
PAT_1698,3122,PAT_1698_3122_83.png,0.10588000000000002,10.362207549819187,0.9387340427009948,83.83136498775957,100.0,0.0,175.65,90.01818424566088,0.000328113787978479,0.002502298870830739,0.002043991091505027
PAT_827,1600,PAT_827_1600_1000.png,0.12014,8.748278685422335,0.9812367884475021,85.42579681655609,100.0,0.0,146.7987317124513,75.57251210398906,0.0022745494547123934,0.00911543282091319,0.0029043591294094714
PAT_373,2598,PAT_373_2598_514.png,0.60544,9.741754445280643,0.4582127103959487,130.8976026467307,99.90597942773746,0.0,132.65960342964595,99.6310183690939,0.00177311388695367,0.023894847718272712,0.006782767933419718
PAT_1587,2625,PAT_1587_2625_226.png,0.15056,8.849794043363548,0.9395678498067279,85.57418297846043,98.97048730267673,0.0,148.04758636467628,111.61610615419812,0.01134741596414357,0.0027765188621073334,0.007282886759147532
PAT_1774,3352,PAT_1774_3352_474.png,0.19982,13.495265470884378,0.9525706586623216,107.02521876123495,43.88854574154142,26.78745453297646,158.71171505044265,156.498373481573,0.8832307333354997,0.004090825681285303,0.009432887797008332
PAT_598,1137,PAT_598_1137_888.png,0.09691999999999999,10.09980279791724,0.95523387759475,44.98533497843088,100.0,0.0,143.29095977602833,78.83612500299107,0.001167119827401697,0.0036023672340148214,0.00014474833697289185
PAT_1180,650,PAT_1180_650_843.png,0.17832,10.018437497804626,0.9407733456451738,70.00637731222982,99.99783970620004,0.0,150.98796716353425,102.38102181896738,0.00581033316088897,0.0006995448801088734,0.00020645896123285971
PAT_300,1689,PAT_300_1689_862.png,0.12430000000000001,8.368602167972687,0.9249995455393187,55.21536185852042,100.0,0.0,139.88913624220837,85.56411398040962,0.003956598216357299,0.0021467396549251245,0.002676157454568463
PAT_876,1664,PAT_876_1664_579.png,0.12042000000000001,8.856581298882352,0.9748211286699957,162.51785061491628,97.8708318347634,0.016441453013410063,159.33001078970355,110.29006833478908,0.006421221992202186,0.016811141359983964,0.017217660818083482
PAT_163,254,PAT_163_254_719.png,0.11965999999999999,9.489907956140165,0.9524435445401309,30.47251976226062,95.81482347439795,0.0,201.90111688638694,170.89099116922358,0.008464591376078356,0.003957485147080487,0.002094888339328445
PAT_211,319,PAT_211_319_777.png,0.09448000000000001,8.96151439187036,0.9544463652019555,50.25728878963932,100.0,0.0,177.4101000411128,92.18730300123339,0.002410670055644659,0.002748481664090515,0.0016977093340504042
PAT_799,1515,PAT_799_1515_723.png,0.10436000000000001,8.146582138411297,0.939632261418502,105.82890237325566,73.68672397325693,0.0,190.03772683858645,146.47707736389685,0.026665356902684345,0.011631659490495683,0.0077994187567423925
PAT_1324,1146,PAT_1324_1146_143.png,0.06106,8.169724535594224,0.9724781171808428,34.05217047215473,100.0,0.0,148.22616582160967,74.66378633150039,0.003226434498214914,0.009663984041417295,0.002920554323375135
PAT_263,403,PAT_263_403_382.png,0.10337999999999999,10.94195262875586,0.9530486060986818,98.66426117785988,77.84981878449014,0.3332908372338682,121.30262079516272,98.80471342451781,0.026242848571497723,0.007609362218360638,0.007031393498311758
PAT_678,1298,PAT_678_1298_396.png,0.28512000000000004,10.85662362256834,0.946728872168623,90.42973725198533,100.0,0.0,117.56492393189343,75.44263361185558,0.008398210460504485,0.006237349216911013,0.008399534885139743
PAT_1536,1819,PAT_1536_1819_562.png,0.25442,9.813440040778799,0.9704615943412722,56.08422771055236,100.0,0.0,116.4968811039002,57.47211895910781,0.0,0.0,0.0
PAT_126,190,PAT_126_190_376.png,0.14926,9.646528683654,0.9145029511116021,53.3402760566438,100.0,0.0,145.13054358404003,95.59010148755735,0.003892756632644212,0.0038762704521569497,0.0013731919580239247
PAT_359,741,PAT_359_741_973.png,0.1762,13.371962162550583,0.8996270929433563,54.577741643727464,100.0,0.0,159.46373847654405,94.07865840229053,0.0006427053531465887,0.0027990313364356124,0.0012668051081458562
PAT_851,4520,PAT_851_4520_743.png,0.49438000000000004,15.68085312957154,0.9031099172289853,124.03457337124979,97.97318173391831,0.0,211.9491029681353,108.97114255700427,0.0004375285901594417,0.00595062532518762,0.004399413079774534
PAT_1257,887,PAT_1257_887_828.png,0.29328,11.063572227598565,0.9778465573879729,43.13998795194103,1.2701137756714873,0.0,132.41366079069851,87.18599636596342,0.000906018620001281,0.0011421910273818662,0.002032341559232045
PAT_1588,2629,PAT_1588_2629_296.png,0.20242,9.274220639728407,0.914007630453243,83.92331307503763,74.02376910016977,8.106960950764007,69.40619694397283,53.6893039049236,0.28168259681314756,0.01146943114638731,0.009604962555385378
PAT_958,1812,PAT_958_1812_62.png,0.11662000000000002,9.186041600417893,0.9725974222009527,99.42312527531423,4.0517107163373005,84.65858149860146,74.51952305024508,85.8179011848583,0.2822016467198928,0.0018700836738050435,0.008139044152863349
PAT_992,1864,PAT_992_1864_653.png,0.06722,7.850910872409775,0.9693848139144036,104.50307091089363,99.83055265901982,0.0,184.43991136600624,122.3594890510949,0.00023325756549130716,0.003400662428217542,0.0028694104380155615
PAT_652,1231,PAT_652_1231_516.png,0.31917999999999996,11.337333365646346,0.862751492535877,36.22590285842489,91.97394370405785,0.0,170.1890276698739,147.5189744815634,0.020365986485893495,0.00824631809694525,0.003953753762205204
PAT_277,426,PAT_277_426_825.png,0.04174,8.213895829126576,0.97944408078907,139.87674854252944,100.0,0.0,204.15313285662978,129.7609298984556,0.0022788797742419042,0.007004192613899695,0.001147868339463542
PAT_962,1823,PAT_962_1823_857.png,0.16536,9.58699579164456,0.9556491817540964,115.92209037107023,83.96529562982005,0.032133676092544985,168.90607785530665,137.28323540213,0.02756233372794825,0.01165316466650424,0.004377744934860986
PAT_600,1141,PAT_600_1141_988.png,0.0441,8.170282643060803,0.9912842307386694,99.80442031078421,80.74126141584962,0.012921165385748471,165.48927284849674,128.660648849241,0.04769013044725334,0.010003207307293194,0.007835358254938245
PAT_152,230,PAT_152_230_707.png,0.08602,8.35007976503126,0.9834330620373514,163.58824454856622,99.13177252793889,0.0026524260857264115,131.91667845522704,64.10530131560334,0.000172503438753413,0.002323699209428594,0.001699556410674804
PAT_974,1841,PAT_974_1841_693.png,0.12858,8.743518030755078,0.9758718452388218,61.07306662820869,100.0,0.0,133.72575063941366,97.29802050422336,0.00230991982791795,0.002725215452277505,0.0022669639289446823
PAT_876,1665,PAT_876_1665_569.png,0.2184,9.162575626676018,0.97826913428457,66.02433335887542,99.90471217856677,0.0,174.83097506852891,123.58595483618326,0.005113486033290315,0.0039035704202163594,0.00034417083621650455
PAT_858,1632,PAT_858_1632_977.png,0.26696,12.554534211774374,0.9335521107755392,92.65717668337993,96.42566609989409,0.10249658486836608,171.7306019670476,139.13461076026545,2.30265762398707e-05,0.0020324377879542893,0.0002028267341671898
PAT_1414,1431,PAT_1414_1431_754.png,0.12904,8.39692699267274,0.9703874531905886,55.59604742960501,99.39726324934838,0.0,175.37738922675933,126.57748696785404,0.004705589263752419,0.0011810635216768675,0.0013099839547500167
PAT_184,284,PAT_184_284_721.png,0.06068,8.091064899858797,0.9882805985005189,102.80496399027432,75.26787094625932,0.0,127.54250853262614,100.39853012879212,0.0310439157646768,0.01013083089912763,0.002684621730667212
PAT_832,1569,PAT_832_1569_413.png,0.23342000000000002,11.171822507247878,0.9060589717148418,125.3720771757026,50.698075743557226,12.966417217766068,140.28557542797145,124.0488860935827,0.014041541011077241,0.0029674793268812927,0.0019035214321234896
PAT_645,1222,PAT_645_1222_140.png,0.08936000000000001,8.661493742277013,0.9793543685736148,58.438882870160384,41.07758141602756,0.015745989403875366,170.51469008187914,156.05938090474604,0.020177977713237594,0.0014815358712785783,0.001137848632867085
PAT_1753,3305,PAT_1753_3305_385.png,0.09244,8.525635213866146,0.9724451925820785,83.49654780974289,100.0,0.0,145.09967569365523,95.76511350722066,0.000517711454577463,0.0019677045307031015,0.0009302075773613667
PAT_587,1117,PAT_587_1117_880.png,0.15308,9.03239769935887,0.9781041053066077,135.073056574098,99.28981447015262,0.0,196.1479536861078,101.37851419391494,0.0029899726595312703,0.00960013595667773,0.001453236011110202
PAT_1869,3663,PAT_1869_3663_335.png,0.26786,12.19519976132711,0.9132585882195223,97.06415741594775,86.14845963652115,0.5396235268638668,152.33169701673015,132.12826436138533,0.005868202642033915,0.0011386897256179548,0.0017484273965532688
PAT_1433,1499,PAT_1433_1499_29.png,0.09478,9.028079970954135,0.9426705216718642,112.81626438886654,89.75695978789217,0.0,155.220503756076,113.76942112240388,0.0027980920396737385,0.004267578490289993,0.0023291413329408666
PAT_959,1813,PAT_959_1813_1000.png,0.14645999999999998,10.322472033513248,0.916792516679772,61.96259172759905,99.28201477699503,0.0,135.67312648813177,106.69138908662461,0.007478161179226839,0.0032643058384617327,0.0017389037078286626
PAT_1636,2869,PAT_1636_2869_595.png,0.1386,10.57203771904069,0.9353460904213134,67.34779321770952,100.0,0.0,156.16905162738496,103.73094369622147,0.0,0.0,0.0
PAT_230,1007,PAT_230_1007_645.png,0.26508,10.311044177005499,0.8714845876315225,139.86880754115424,97.58411145694382,0.0,185.62916851934193,118.20305320883355,0.013525698160246846,0.01349406211609832,0.018547422766307737
PAT_771,1489,PAT_771_1489_70.png,0.2234,11.739135621856782,0.8736494917838189,103.20132421681375,60.54678106693705,2.1233133108069584,170.80557986409804,156.52070137513357,0.16259816538016647,0.007071339500640236,0.007352475577626516
PAT_1314,1108,PAT_1314_1108_442.png,0.19296000000000002,10.109876418731497,0.8979167303644175,117.21052728393568,100.0,0.0,164.52254755289593,84.10664671938449,0.0015347552915389029,0.0025583412405507885,0.021144650474019384
PAT_911,1728,PAT_911_1728_101.png,0.12566,8.454418143111926,0.9745605735979186,113.01339042674552,99.89087337674147,0.0,189.3470226619621,94.029973445855,0.0014426625988525066,0.005745641172440061,0.004720825497431231
PAT_645,1461,PAT_645_1461_111.png,0.22397999999999998,5.641051090407213,0.9344471149040394,67.41160962888846,64.43181070472109,3.4790687259946123,147.93148514968166,134.86095804513775,0.01785798544011441,0.0007670020276526087,0.0002776815849154809
PAT_443,864,PAT_443_864_894.png,0.08488000000000001,8.336992610223996,0.972518976854812,19.178799934401614,99.88837624646524,0.0,139.82564369697872,63.134655454680754,0.00043814988956769607,0.0033279252223406513,0.00022688175469462728
PAT_59,93,PAT_59_93_573.png,0.21210000000000004,12.521466929651714,0.9189766448978149,42.74829833653533,100.0,0.0,170.96363537876803,100.02100204332818,0.0014134885422038002,0.0012927493714618822,0.000580027825842567
PAT_115,175,PAT_115_175_283.png,0.2355,10.833045622673174,0.9720177065173597,132.99379401693807,98.65758036044173,0.004105258836569646,205.19491768956033,57.764973931606384,0.001634893186403641,0.0023915910784764196,0.01283612317332196
PAT_1689,3075,PAT_1689_3075_38.png,0.26664,9.537970653288465,0.9506107903274452,88.14549289039954,99.89446175495024,0.0,180.2370841290582,121.71100110563876,0.0005896725888661081,0.0005867887993390671,0.00031229334308169456
PAT_177,275,PAT_177_275_905.png,0.20854,9.192405088796335,0.9488980440801567,133.03689696722418,70.60254528639499,14.855545949858259,156.8150344799855,139.17798910311828,0.21018102175911157,0.005564309342877857,0.010322731573324981
PAT_673,1276,PAT_673_1276_752.png,0.16587999999999997,8.888156036502146,0.9551944769407023,46.46352889737612,100.0,0.0,110.00676060926936,57.444408243056124,0.0005040549798716043,0.00420681257260118,0.0020063956319841393
PAT_850,1611,PAT_850_1611_332.png,0.22138,9.805546935204186,0.9709415143209559,93.43348571129519,98.59086491739552,0.0,120.10157515387107,70.90885163589245,0.0009356600095895562,0.003092778289898785,0.0074427639319698735
PAT_317,675,PAT_317_675_144.png,0.19582,10.550715947917233,0.8908039277610597,46.80493402505648,100.0,0.0,184.3717679944095,145.1793326345213,0.0014668575703435938,0.0012736126914156677,0.0011487746963505607
PAT_798,1770,PAT_798_1770_256.png,0.04410000000000001,8.336534538432474,0.9821873787087495,49.17579364813118,100.0,0.0,142.61862303299034,62.50408463262404,0.000292625922984624,0.0004114991193619988,0.0005033516760398888
PAT_1620,2779,PAT_1620_2779_319.png,0.1807,8.511146824676622,0.9514005334094763,70.86319135687157,86.97183098591549,0.0,186.62417840375588,157.5387323943662,0.07783549235552989,0.002890484614972579,0.0009243453266570567
PAT_824,1560,PAT_824_1560_801.png,0.27576,13.396967565405237,0.8310961835507912,112.75340283746469,43.40430228850352,19.078221197478477,145.68581520272755,135.14850744438175,0.11130715090819243,0.007819719803908495,0.006310296687069727
PAT_479,917,PAT_479_917_41.png,0.15230000000000002,13.875328571797265,0.8700664306390579,149.24203751191925,96.86416509116545,0.047425257153843686,190.98775274778095,127.2334988944788,0.003257139369732598,0.006323117822303364,6.737489750006225e-05
PAT_251,382,PAT_251_382_576.png,0.16646,9.825085075580885,0.9541424740783816,93.49834926966598,99.79454926624737,0.0,189.41924528301888,121.38716981132076,0.002017736202883258,0.0006501517300472213,0.00021348917640664675
PAT_793,1512,PAT_793_1512_513.png,0.19624000000000003,10.617388798971609,0.9074936949880483,90.59357329642108,99.19927481492672,0.0,194.84763559450067,108.11247922646926,0.0002382159353034874,0.0015472160488971254,0.001521875866945181
PAT_1300,1056,PAT_1300_1056_532.png,0.38636,14.945089325536385,0.7693185858011486,98.1842184263242,98.89736353147023,0.16034408974935402,166.61574297275774,127.95073752864255,0.0025842750587006247,0.0020885169661162255,0.005882451878710701
PAT_758,1441,PAT_758_1441_891.png,0.19213999999999998,14.080113444020428,0.8920149038203878,84.86125020209654,85.18073967156657,0.4788493435129968,163.15812917030678,139.3940669274889,0.0020526450681147557,0.0012115380405655041,0.00011697215422106129
PAT_2093,4542,PAT_2093_4542_192.png,0.52516,16.336242104199744,0.841243622230822,70.82052588335962,96.95959595959596,0.0016835016835016834,205.33343434343433,166.5818181818182,0.04421011470691427,0.001405405653285378,0.004782119222916312
PAT_679,1286,PAT_679_1286_933.png,0.32924000000000003,11.302826901745192,0.8624477753517696,134.72364231955413,100.0,0.0,155.81477159053017,54.52550850283428,0.0014061966794158831,0.012115799362842504,0.024725737136154547
PAT_948,1801,PAT_948_1801_993.png,0.17631999999999998,8.927352374028697,0.9803769309680765,207.6215812166335,89.83001559732466,0.22206360536124992,138.74933248737673,81.80590583445687,0.0037921728140990485,0.011069835558500763,0.0586555569538082
PAT_468,4775,PAT_468_4775_268.png,0.2404,10.957856490951862,0.913637174789357,58.98926780015268,95.39584503088153,0.0,205.31894636623295,171.3106461929058,0.0044031605943313235,0.0005811875394682322,0.0017438009022630486
PAT_782,1494,PAT_782_1494_418.png,0.2415,12.486388637807922,0.8604601263481821,71.15835692699667,100.0,0.0,139.24599876885196,61.86657433056325,0.0009982365243317304,0.025373545135277294,0.0042043772750914865
PAT_637,1434,PAT_637_1434_684.png,0.11294,13.956277627373261,0.9739292720927463,151.33204951759146,99.95821028584164,0.0,187.25767537750042,107.75190839694656,0.0007924709052701262,0.007502246145141099,0.006936939533245921
PAT_152,230,PAT_152_230_934.png,0.12825999999999999,8.951385521940477,0.9953946547765923,42.21043600977613,98.91715956299481,0.0007738029027281389,218.41672478248884,102.52319135662158,0.00025683773788975905,0.004445191679857023,0.00039749031312803914
PAT_457,889,PAT_457_889_346.png,0.12382,9.388189120500748,0.9886498913794748,112.52893101016637,100.0,0.0,166.0290111667201,91.1558391769249,0.0022761226040121096,0.016286829941989985,0.006343922173842786
PAT_406,808,PAT_406_808_560.png,0.08604,8.18273605945765,0.9816573520642776,105.6788440226783,99.67656923814087,0.0,185.6733948251078,116.63443339722089,0.00014639533133253835,0.00017926207931045162,0.00029059574001135085
PAT_319,680,PAT_319_680_832.png,0.20134000000000002,9.204262258648184,0.9848433732047609,107.5069589889293,98.2976529463517,0.0,194.58060014946977,111.35555355842092,0.0005292234392718642,0.004501399753986055,0.0021295946245856647
PAT_30,41,PAT_30_41_815.png,0.18497999999999998,12.828279074054311,0.862365511147599,42.34389021331706,100.0,0.0,141.12147095846072,71.14817478870707,0.0010236593149559603,0.0006367731360061971,0.0009019262536674218
PAT_1641,2886,PAT_1641_2886_284.png,0.19049999999999997,9.355767995009257,0.9458635900541434,117.09901999259837,81.53589221014492,0.0,161.8216995018116,126.50240602355072,0.004442648073913591,0.010876211017748605,0.001670090844544873
PAT_1769,3342,PAT_1769_3342_63.png,0.11621999999999999,9.873347799342604,0.9410738423227469,85.88612478397515,99.97091722595079,0.0,168.97984340044744,77.76747203579419,0.00014845599196422476,0.005048360691579295,0.00911354750026278
PAT_311,666,PAT_311_666_191.png,0.09374,8.074787185211877,0.9843277721854697,61.44514038533513,72.47133196118789,2.241987650690973,116.57848181907282,99.1847005782613,0.021970930985188653,0.004463007712172414,0.0014214146098559133
PAT_547,1033,PAT_547_1033_911.png,0.06294,8.179390244345159,0.9779033865236045,118.34267683793065,99.6649278452576,0.0,188.71846323725393,134.6135247306096,0.0032622915554983978,0.012443967999431663,0.0050373263005199604
PAT_1308,1095,PAT_1308_1095_117.png,0.14522,12.613392898505332,0.9429006324507677,199.4588890963822,79.79836050127203,4.503910298690285,126.02892678790163,103.51314425704325,0.1735047736375671,0.026334929385259387,0.030101526033960314
PAT_1712,3173,PAT_1712_3173_684.png,0.09998,9.332917030503083,0.9734630833107767,92.72614541849734,91.92030413315098,0.0,176.3275690210714,111.20634460696817,0.0025248765602502443,0.002446613601103425,0.0012048157214527672
PAT_38,1003,PAT_38_1003_226.png,0.18576,10.569009790488648,0.9247525319063928,92.98787360145737,99.49942992799913,0.007809205491433302,195.60297218361004,124.25042560169928,0.0,0.0,0.0
PAT_1978,4004,PAT_1978_4004_82.png,0.19999999999999998,10.039887640279487,0.9580845567355036,97.38391339273313,98.07749830047587,0.0,78.44742352141401,53.93906186267845,0.001818938697291661,0.002499861421120334,0.004918331797244074
PAT_877,4672,PAT_877_4672_612.png,0.12278,8.759044898218695,0.9560978507145326,78.23009404877855,99.97598463016331,0.0,237.01806489486606,121.62071725904579,0.00036685909019285035,0.007344395640236197,0.00045219967021728957
PAT_55,85,PAT_55_85_884.png,0.11508,9.617709814224893,0.956343967243804,133.68614571938764,59.47317426792971,16.852428849250327,117.62018081317134,104.5987258038658,0.11673410514553406,0.009648905173784115,0.009636321814225239
PAT_206,312,PAT_206_312_595.png,0.24216,19.25631684335649,0.8391543731469445,77.76140753491363,93.45224823485692,0.4544248022508892,132.89307214524607,108.4991983861549,0.005870414584778327,0.0005049859435506882,0.0008819884419770895
PAT_874,1672,PAT_874_1672_743.png,0.06942000000000001,8.494680312662767,0.980750784885219,74.73274066239294,100.0,0.0,181.01588501316402,81.31093559074361,0.0004099337752464516,0.0035065652763424117,0.004592022631594069
PAT_1871,3666,PAT_1871_3666_675.png,0.13999999999999999,12.906593465947344,0.9641631170265095,101.16522296670503,98.4727966910595,0.0,181.43434389345938,128.90377710104087,0.0025261828760374527,0.00657640912561729,0.0014806569971985732
PAT_2108,4596,PAT_2108_4596_837.png,0.17028000000000004,11.343101316803855,0.8940237734208671,97.91852853609737,99.99949655137694,0.0,93.10993304133314,32.4549564516941,0.0006134226417103816,0.004368259382798022,0.00295299612138879
PAT_934,1778,PAT_934_1778_140.png,0.12627999999999998,9.451107445738364,0.9595725317310617,65.35816632157959,85.15564789062762,0.02058391295398299,188.17646157749365,166.54613908023418,0.043830359715232636,0.0023379427417407265,0.0009961067538657856
PAT_1516,1765,PAT_1516_1765_530.png,0.22211999999999996,9.379984756016857,0.9808852380404446,60.57377714790629,99.89868366702777,0.0,143.4057329457334,40.78194387075153,0.0004994856350766241,0.005400630073594086,0.001983662742312944
PAT_1184,676,PAT_1184_676_904.png,0.72066,21.794706628292754,0.5317973366772113,77.95197444901082,100.0,0.0,188.81764509301547,143.31747799933163,0.0007567725200334774,0.003837736318352755,0.00427580401633945
PAT_872,1709,PAT_872_1709_526.png,0.3117,11.113413976428737,0.8607258973746155,114.21076705045581,100.0,0.0,213.4189993387701,149.47762838880317,0.0035120736213530845,0.0031868434641447907,0.006340069690510594
PAT_1180,651,PAT_1180_651_559.png,0.2926,11.448697607770107,0.9531114656077976,84.9051407774835,98.6953088967582,0.0,146.57706589120016,95.76878278339314,0.00018588291945720314,0.00037829386531012,0.0002390644213934171
PAT_217,332,PAT_217_332_906.png,0.05778,8.599000310582529,0.9932979007453752,62.06066740005208,99.45939629421345,0.0,128.06360017820495,86.11480196609723,0.00865536531480493,0.004925861375185982,0.0019281635880648382
PAT_1754,3306,PAT_1754_3306_816.png,0.31286,20.823314333656896,0.8113471375321004,102.23483953337386,99.24979314149121,0.018387423002666176,138.82840856853912,97.66195642180749,0.0028733872378706726,0.010565655069425237,0.0046563377496127295
PAT_626,1186,PAT_626_1186_898.png,0.13091999999999998,9.150409342274603,0.9742975603413268,86.57309183375095,99.98676859747133,0.0,196.1980691953347,127.65719396256003,0.0010717567328629718,0.00380085061824611,0.0045263184177719755
PAT_2142,4733,PAT_2142_4733_13.png,0.29379999999999995,10.888365077469862,0.8786808196494532,100.6358161632055,100.0,0.0,170.21377708196556,79.23104893692238,0.0005375237566038749,0.003405166844304171,0.0037623542874298237
PAT_333,702,PAT_333_702_840.png,0.22278000000000003,13.279152030122201,0.8835013863983373,81.60388771813979,19.732046609516964,0.0,36.19316256865664,14.913402802730866,0.006273030246126576,0.007519690345386646,0.01301568056537586
PAT_191,293,PAT_191_293_314.png,0.22952,13.171696673009338,0.8831018454520104,119.78880263761654,92.12433710663663,0.0,135.33673583612017,111.25000349811802,0.010101279530573049,0.001954935644542525,0.006404168690675034
PAT_1833,3599,PAT_1833_3599_827.png,0.15822,9.697223190677096,0.9612559367305904,58.56830238279376,100.0,0.0,174.32581433867026,92.11191734363909,0.0018085883665519553,0.00423862526289926,0.00038225422360448617
PAT_1575,2516,PAT_1575_2516_618.png,0.6147400000000001,16.031675744595706,0.7196905400355458,39.08393194329585,100.0,0.0,165.5922811232918,127.84682384742455,0.0005853315365219602,0.003619537147278829,0.00031807591527577896
PAT_1557,2399,PAT_1557_2399_681.png,0.35331999999999997,13.14683722897406,0.9226272077980575,117.86556650354134,33.64066914410982,39.52909041885983,163.29151378028908,162.1922851482363,0.3275071610601281,0.0028481278000280644,0.004941470613181241
PAT_468,905,PAT_468_905_765.png,0.07778,8.824398027614054,0.968527428679264,122.2076659079583,89.32730149713962,2.5297196413356597,146.88276463666978,108.1992737452834,0.030846474278964253,0.014094057006598005,0.004732399020461997
PAT_262,402,PAT_262_402_14.png,0.1487,9.939342943310875,0.9642847697684815,96.93324844041722,21.302011988086207,58.07315810340501,124.32595025709874,130.17155228811433,0.23958647765361185,0.0050437457531234626,0.007178778021608215
PAT_397,797,PAT_397_797_742.png,0.12366000000000002,9.508270993576545,0.9525160327596591,126.93777913525285,75.93883614754692,0.570150010870353,144.09955250380463,119.94238350605116,0.0017970325452512093,0.00330804946787335,0.005912987156289959
PAT_154,236,PAT_154_236_800.png,0.11386,8.801129910549387,0.9772530940571239,104.0383549104783,97.94524144288155,0.0,147.75255969709522,69.55154106891784,0.0005015237999058675,0.0014672347221558466,0.004777361653158568
PAT_2030,4246,PAT_2030_4246_973.png,0.10566,9.199990394331106,0.9830739575206788,136.32268906803495,35.071350736426275,0.0,142.9960725321021,63.95030138367715,0.0005572251139402962,0.02223079182144835,0.0035701113200619717
PAT_1563,2425,PAT_1563_2425_443.png,0.23494,9.152707004063519,0.9769584660043048,110.79649858241261,97.97587834294704,0.0,89.14016780283167,58.56706869428422,0.0008969445516778807,0.019333870056838936,0.013052263290488855
PAT_67,104,PAT_67_104_695.png,0.14354,8.864053943230603,0.9429961230760827,114.69603624188599,8.307914593032589,71.50425429442929,74.36008990207095,92.57521271472146,0.16211223829428545,0.004152111425862988,0.012156890746518916
PAT_535,1012,PAT_535_1012_145.png,0.22013999999999995,10.092519577353691,0.9548943961156688,101.44412731458563,99.24554336456501,0.0,216.3940978790644,146.83465381790666,0.0,0.0,0.0
PAT_935,1786,PAT_935_1786_482.png,0.1885,10.624328806773198,0.9159240586766143,54.39933150841779,99.89392882065596,0.0,241.2354501046755,149.99240753663642,0.001297671508325049,0.0020971193481545093,0.0011291641813117996
PAT_247,1294,PAT_247_1294_292.png,0.16398000000000001,9.098721905073749,0.982186301885143,97.90547652101013,94.84393020028591,0.13897987931355663,138.42162811579703,91.39454169082418,0.005716610429086333,0.005813616713141211,0.006098402546665909
PAT_78,118,PAT_78_118_164.png,0.05075999999999999,9.018307427642005,0.9838398243442236,187.11651310244613,68.91700314042171,13.062359802602064,109.2794975325258,94.02271870794078,0.17168913410368514,0.01060772600999129,0.02607004418179458
PAT_221,339,PAT_221_339_951.png,0.07684,9.15704835509579,0.9450752794704128,69.44262412378214,99.80847739529257,0.0,215.30416813668666,125.43904037094904,0.0009294212784209943,0.004722389018403656,0.0017860177121656335
PAT_1814,3564,PAT_1814_3564_609.png,0.11446,8.356933505827385,0.9358189443636152,128.83397929504125,99.75159687721788,0.0,166.85592618878638,125.03229240596167,0.0020562286990973844,0.005703870462276518,0.006578794293059986
PAT_267,411,PAT_267_411_513.png,0.28759999999999997,14.072791626235201,0.8863399670077841,118.15436145462678,99.99408561494818,0.0,185.2605202124109,118.72909159270165,0.006975601888416838,0.010634686397292382,0.005280757476564096
PAT_394,794,PAT_394_794_235.png,0.33964,10.902366671682943,0.902732972854451,79.61912884317589,100.0,0.0,189.91577007668073,87.78499673066635,0.0043833507863974,0.004138813147135607,0.001229307082893587
PAT_981,1848,PAT_981_1848_486.png,0.7773399999999999,15.860433345298695,0.49225087885866264,81.46173270751767,100.0,0.0,172.74925683177537,109.38290175853301,0.002816412247338862,0.001179288573642688,0.007713797044808281
PAT_1329,1168,PAT_1329_1168_620.png,0.05778,8.24933805393765,0.9682995170954624,72.32622582960677,97.67259227529092,0.0,168.63561076604555,99.56971514242879,0.0006737206303445431,7.566187278224132e-08,0.006740206434043585
PAT_759,1538,PAT_759_1538_566.png,0.09818,8.43023192715956,0.9769879846640315,76.96838659971034,100.0,0.0,181.42792378657705,87.14928827315093,0.0005705222422862644,0.00890172401028443,0.001265898443486404
PAT_536,3227,PAT_536_3227_442.png,0.13252,8.62964138410505,0.9738606596460405,41.47011452132068,51.53917378013978,15.38920105021499,150.5198056848594,144.83497165180555,0.18276669853808702,0.00034088526116594046,0.0004065518564386109
PAT_581,1114,PAT_581_1114_116.png,0.20612,10.580111240450524,0.9375238996633939,173.54748078837875,61.79725565592984,24.000632094603493,153.87518765308542,129.48516421291052,0.16036428220017518,0.02263553278728843,0.011188934856505468
PAT_953,1806,PAT_953_1806_845.png,0.17228000000000002,10.238660323396951,0.9363156039380865,66.10074689550515,99.0174672489083,0.0,159.15706877729258,92.99576965065502,0.00819923175010362,0.0037278564633854362,0.0011002778815142802
PAT_1405,1395,PAT_1405_1395_96.png,0.13416,8.509543054853301,0.9588297353489212,33.89285699442232,100.0,0.0,119.77068910427096,68.51581638087123,0.0007038610403328205,0.0005732646805852436,0.0017500495994656295
PAT_615,1168,PAT_615_1168_968.png,0.08868000000000001,9.183013272921954,0.9737661715218069,77.48906039184624,46.415587242843145,0.08816806356808533,59.68772178077719,45.21324697942745,0.014760826879911981,0.007823280930055288,0.010026637636428023
PAT_2154,4783,PAT_2154_4783_625.png,0.13957999999999998,15.525333467123719,0.923352644637662,77.88025856240495,66.67257264351524,0.0,188.1262402551382,142.94161941885187,0.0029876815821053837,0.001360795930929577,0.0028541902041447076
PAT_38,1002,PAT_38_1002_668.png,0.22000000000000003,11.986524680469971,0.859982403910226,90.40426214322673,99.84155260543018,0.0,195.60853646528034,121.93405186690418,0.0,0.0,0.0
PAT_392,792,PAT_392_792_22.png,0.39638,13.501019718174994,0.8703410453957665,94.20331431058015,100.0,0.0,183.75108880194878,71.36199896656086,0.00010463034254459824,0.002521081255541328,0.00154408038805709
PAT_73,111,PAT_73_111_435.png,0.12634,8.621166609494425,0.9867616333762461,142.242966607745,98.74774121519745,0.1484755360657436,159.44093781292082,101.03357388672123,0.0029478189727799586,0.029098023337342186,0.006389685853897826
PAT_1415,1439,PAT_1415_1439_295.png,0.08136,8.152265288611634,0.9765710041173147,66.941006762042,100.0,0.0,175.49065930907628,100.82784388112893,0.0013093181139921528,0.0026823555892692857,0.0021163955649674323
PAT_1067,284,PAT_1067_284_533.png,0.1429,8.079600923774457,0.9659892104403739,61.458901787388605,38.91284262396058,20.619032953495534,192.64474899907606,186.69340930089314,0.45586061680722434,0.0020027188920120477,0.0027650175836567022
PAT_815,1536,PAT_815_1536_963.png,0.14814,9.98345445534649,0.9598376335728729,76.73950914666746,100.0,0.0,234.52101629013876,135.73151437956693,0.00293971872404708,0.003976841267774201,0.0017649310094299162
PAT_677,1348,PAT_677_1348_51.png,0.14252,8.908527772142984,0.9845269870466797,147.62948622274772,85.58497340648647,6.82622774785658,163.2943826445865,120.29331722622103,0.16338293993390318,0.02123461321600746,0.007205452699919269
PAT_500,947,PAT_500_947_77.png,0.20362,9.169720642714,0.9508643458001557,88.13101751220688,100.0,0.0,167.93297711697062,67.44105006388664,0.0007964636762336497,0.01323104344100768,0.003148129984912006
PAT_625,1184,PAT_625_1184_412.png,0.03086,8.099462198048128,0.9665513894182042,98.77475988871576,65.6242335050282,15.403482953151828,156.14630856021586,139.62496934020112,0.1899359184996613,0.0038620579769663445,0.007998806048588184
PAT_684,1303,PAT_684_1303_178.png,0.18144,15.173847109862715,0.8859698478967603,95.91528552723871,89.91863696995786,0.0,156.3799669446083,134.28631177292752,0.019557897423011505,0.0003839167733890474,0.00026417316189967464
PAT_319,679,PAT_319_679_533.png,0.23147999999999996,9.467268007453391,0.9617843016440678,94.5846553669909,100.0,0.0,162.9010673022123,70.6841096316253,0.0011593552426121256,0.010725930367040754,0.0033183381006912935
PAT_39,55,PAT_39_55_233.png,0.04054000000000001,8.146373712923463,0.9896265084119452,107.15392821750598,76.02459016393442,5.288070722124373,95.41097073567268,79.35245901639344,0.022073861323106514,0.00626907839900529,0.002146871197267175
PAT_56,88,PAT_56_88_274.png,0.13164,13.864073545776245,0.8963235515650624,125.28099788511473,97.75025827850578,0.0,228.24275460823227,145.8361562720896,0.007073309178300291,0.01614581573048529,0.006803800108792725
PAT_1089,375,PAT_1089_375_677.png,0.05798000000000001,7.561271772019847,0.948134400529673,62.697943898751234,100.0,0.0,193.31346678798909,134.6897179253867,0.0013506221729965295,0.0021777278128177354,0.0018620036457116117
PAT_632,1206,PAT_632_1206_637.png,0.27376,10.553425493313204,0.956642953364441,86.37090477826838,100.0,0.0,154.916256,70.891072,0.000561781948429152,0.0051943325102602675,0.009277141905901058
PAT_55,84,PAT_55_84_506.png,0.10573999999999999,9.70153906945657,0.9610723331043525,133.28736851280468,67.70076813718468,13.924552838360574,135.4375957416326,110.19288288387573,0.18287408974977581,0.01945714831328739,0.00720808310576045
PAT_574,1081,PAT_574_1081_628.png,0.25998,9.775596561943518,0.9422141746790197,169.28129612162172,95.97024178549287,0.0,181.65240752221533,130.87890059929737,0.02061997758272649,0.016089058705187623,0.012843965946543722
PAT_639,3676,PAT_639_3676_760.png,0.19522,9.203044788698387,0.937789095341959,66.04713216642668,100.0,0.0,209.25167315175096,120.48093385214008,0.0006789014459647191,0.0011572257862949623,0.0031358331076839292
PAT_705,4015,PAT_705_4015_413.png,0.34493999999999997,15.348938108783504,0.7967361454463403,54.98279300554649,78.65378441439597,0.4524966947517967,165.69547983609002,148.06394865300075,0.026750272890227245,0.00038773659084008727,0.0009499573472096028
PAT_40,1026,PAT_40_1026_312.png,0.12276000000000001,10.807105657042863,0.918443321276491,78.23941940760618,99.70268512496516,0.0,220.9528012635882,100.67899284586082,0.0009093137230057335,0.0038931345595288195,0.0013463338029485906
PAT_1547,4231,PAT_1547_4231_928.png,0.04648,7.7251833198277255,0.965452189807941,70.48270113956848,100.0,0.0,204.96650298141003,122.93756576639775,0.0004930297662874006,0.0026890184239838225,0.001766469878262306
PAT_470,908,PAT_470_908_103.png,0.31015999999999994,14.74489564961211,0.8540432250241404,106.3631254835605,99.7425605146914,0.0,207.06106333292692,136.72230767066503,0.0009538358032687988,0.005829685606431413,0.0014127126137248808
PAT_987,1859,PAT_987_1859_724.png,0.20142,9.680343724507338,0.9476871885215659,96.79429499670285,91.4937446616088,0.0,182.0732929709089,141.18602723207556,0.0262705520195613,0.004515053673074421,0.0032458389438425627
PAT_309,663,PAT_309_663_812.png,0.12446000000000002,9.357772350742948,0.9482155856814997,105.67940283404596,98.6235218069128,0.0,111.46159549792768,46.9382676147382,0.00042393773354942876,0.02064810662522258,0.01794752249791221
PAT_1783,3414,PAT_1783_3414_120.png,0.16124,11.026884617159732,0.9383967609944797,86.17786793550874,94.96324434596039,0.3886602652034751,140.75173666068727,115.76552442756146,0.0001508946866891625,0.007560558110198284,0.002393349999646902
PAT_1252,866,PAT_1252_866_852.png,0.1466,8.9515153977267,0.9865274688215261,104.82559103945098,99.88857076530218,0.0,144.09503985142769,74.94426990636849,6.351393983305975e-05,0.0002830438873482683,0.0060545323600858245
PAT_318,677,PAT_318_677_278.png,0.38278,17.957418942103953,0.7525854951310033,80.09213036657151,100.0,0.0,166.57116136711443,99.98758714504336,0.0003016443091495846,0.0027312961738277177,0.0008891386021348013
PAT_134,201,PAT_134_201_587.png,0.7718999999999999,10.551180403685548,0.4212542440504456,63.43796392650958,100.0,0.0,150.8161418065246,51.91714124080709,0.0008095574713785636,0.006765106539938556,0.0005701836064077021
PAT_471,909,PAT_471_909_394.png,0.45586000000000004,14.556327135736689,0.9508932795486696,120.34235894010519,79.13192858791139,0.7757121840310285,76.62742184841805,58.398579131443505,0.0020535493116040637,0.004950016763451033,0.012123128327904183
PAT_940,1774,PAT_940_1774_962.png,0.32805999999999996,14.248908699961078,0.8468258043536406,98.69274253982654,100.0,0.0,173.50146754719498,89.96804749516376,0.0010612909559359895,0.004556727321366906,0.0050058278812680716
PAT_683,1297,PAT_683_1297_195.png,0.08224000000000001,8.60162841879934,0.973422193283745,77.43355443416165,86.20995833617923,3.053070145481866,170.4617170958268,148.1077795232566,0.1050995559358322,0.0058055603113979625,0.0037852066811027737
PAT_2116,4614,PAT_2116_4614_671.png,0.2939,10.532779595410204,0.9515809999957506,89.19275730188792,92.36933623778908,0.9718755787598444,182.37658561824045,147.44650715677886,0.004418613656569814,0.0035216195358606403,0.0016799048508730678
PAT_625,1184,PAT_625_1184_994.png,0.05876,8.64982558082875,0.9540126568444637,78.10723623253494,100.0,0.0,144.72603269807487,81.78281899970978,0.001743339388089571,0.002855679745405926,0.011149823470694903
PAT_856,1626,PAT_856_1626_630.png,0.06046,8.583061959300839,0.9924850430363333,124.19921587635598,98.95467794728815,0.0,222.7471124726324,99.06230853606841,0.0017686897285662528,0.00789372103943037,0.0023253036108979662
PAT_766,1444,PAT_766_1444_52.png,0.22712,10.66890967452515,0.9162656389378442,74.73628123158898,99.68507243334032,0.0,187.03222758765483,129.04940163762333,0.004299070842318176,0.005325764413359258,0.0012805039263773937
PAT_1563,2426,PAT_1563_2426_436.png,0.30689999999999995,12.842690710027203,0.8632830691495363,54.34579275772448,96.32177065858542,0.0,166.18181178635209,127.75986795822284,0.008775981186386783,0.0013640304495619456,0.0009164809647254157
PAT_961,1818,PAT_961_1818_992.png,0.19316,10.472191582278551,0.9187920548044052,73.6190862266841,100.0,0.0,227.88052386886503,123.82738209355828,0.003291582436821816,0.0009123353217394992,0.0036468750125730966
PAT_636,1204,PAT_636_1204_666.png,0.05726,8.26312678013271,0.989243700964611,135.03796952886572,100.0,0.0,164.5083845319841,103.33062281652813,0.0027532765720574837,0.004612940589154903,0.013295571926869679
PAT_822,1551,PAT_822_1551_573.png,0.07442000000000001,8.657409564475978,0.9847418893731527,153.44223826736487,99.96801731249776,0.007771494159423236,155.51880103779337,90.43434283049774,0.0011622474535105676,0.008537965455758226,0.011560159907380683
PAT_167,258,PAT_167_258_479.png,0.19902,8.82808442824512,0.9761202221102371,111.54143144813277,99.97639728096676,0.0,148.68027756797582,41.86843844410876,0.00028890754795829476,0.01063413407897255,0.0023541278573875847
PAT_380,1540,PAT_380_1540_959.png,0.12227999999999999,9.179409077446245,0.9867814366398008,75.64709918615189,99.78498743522593,0.00014513166707666363,152.79140152925237,100.17869481640481,0.0068738997764477006,0.00352993663828125,0.0018893735443717063
PAT_1899,3779,PAT_1899_3779_475.png,0.28168000000000004,10.003626780769816,0.9093397142014059,72.09442985319171,100.0,0.0,174.57827033445477,117.83059568573125,0.0011603076607121787,0.0021011355781172434,0.0018665811163867405
PAT_1345,1223,PAT_1345_1223_175.png,0.11282,8.603705355799917,0.9576122493499625,92.0035430336979,97.26603575184016,0.0,125.5180862250263,79.92029442691903,0.0013148743751171255,0.010121769045155504,0.010081646893874934
PAT_387,786,PAT_387_786_782.png,0.06603999999999999,9.857293897175536,0.9871545400421838,99.58213878884506,99.72770901566285,0.0,200.64337570912753,135.27877493524787,0.0070911548819405645,0.0020799344493826455,0.00044380416977132423
PAT_1581,2570,PAT_1581_2570_738.png,0.10558000000000001,11.181590935983351,0.9285843145464653,75.20708113263935,99.59084151191911,0.0,169.53314714731235,127.77068368545946,0.0,0.0,0.0
PAT_1249,862,PAT_1249_862_658.png,0.13809999999999997,8.494265976998998,0.9763600576736231,105.11694331987259,74.58442939497397,0.0,85.89858398164213,53.71427771869928,0.002435536383806114,0.004669000110268024,0.012014828902451511
PAT_1365,1253,PAT_1365_1253_912.png,0.16404000000000002,9.016454936754991,0.9901168872361903,48.64244349008568,95.50987992366322,0.0,179.467926302605,147.11739743726514,0.01838118523013177,0.0012500824893204845,0.001208806426328289
PAT_1269,936,PAT_1269_936_965.png,0.12589999999999998,8.519789270192794,0.9452981060225449,28.856060332375332,93.29232571763328,0.0,199.1693028705331,67.11291739894551,0.0017171791739722941,0.00916984209617633,0.0014123811431216143
PAT_1400,1372,PAT_1400_1372_276.png,0.06626,8.440944322948438,0.9513805258698395,67.78057975185327,99.41542523100132,0.0,133.7278898736564,94.21402979445597,0.00160827174136291,0.0020803720958940917,0.00522926828071818
PAT_107,160,PAT_107_160_609.png,0.09824000000000001,8.819758783388586,0.9733228289023994,89.75138813922925,29.8359158901093,0.030883261272390366,136.6459032682547,107.37520476944974,0.1066828944046665,0.013070194838371425,0.004413254728214401
PAT_83,126,PAT_83_126_513.png,0.08826,8.587058964638553,0.9819430603641164,147.4475581670303,98.43454407869845,0.29795686719636777,134.29833522512297,80.9142546348846,0.01355796650657104,0.026341219450704622,0.011950371464836951
PAT_735,1391,PAT_735_1391_683.png,0.17762,11.931631403003909,0.8707166328466588,103.6775262789982,94.5382855473884,0.0,105.79805773256096,78.41834201431145,0.009377623929074597,0.011188623099400278,0.002779583774119102
PAT_1018,107,PAT_1018_107_68.png,0.37607999999999997,9.955195770230215,0.9016547564391442,25.833022283724816,100.0,0.0,193.73873647118046,82.91039516737982,0.00012535380913625271,0.0006826174068724565,0.0004915484536911588
PAT_41,57,PAT_41_57_2.png,0.17648000000000003,10.162406585640134,0.9529614047820739,112.31141053114305,99.34108944665877,0.0,104.92536536320873,53.828162591116374,0.002683334594014597,0.007207204033261186,0.008638370291099996
PAT_369,755,PAT_369_755_733.png,0.13604,10.347787997908597,0.9413126808561076,46.71658107225331,99.99842022116904,0.0,183.50074249605055,128.7278988941548,0.004720643808658331,0.0024508077465158736,0.0004590179102079355
PAT_1065,276,PAT_1065_276_231.png,0.10629999999999999,7.566950858685955,0.9112075089335199,44.43481068446796,100.0,0.0,184.96259625962597,133.97799779977998,0.003657369809232036,0.0019348820291021664,0.001609391808273899
PAT_561,1069,PAT_561_1069_418.png,0.13394,9.76700347448353,0.9561694961297936,116.99643425724214,99.79024646040901,0.0,149.4081766424451,88.00284665518016,0.009676275052228123,0.012938750491751272,0.0012150316058360568
PAT_1320,1135,PAT_1320_1135_471.png,0.27112,8.544945128844338,0.9103290134638542,32.03232253852774,100.0,0.0,200.8970760233918,166.1953216374269,0.0012911117063816313,0.0010482293787631364,0.0005506183379702938
PAT_337,706,PAT_337_706_598.png,0.20379999999999998,9.718626392321594,0.9508964268151303,99.88386928759041,15.872049608778935,47.124281679166266,127.85969611376254,132.1247605597221,0.15821298170142328,0.005099203107092992,0.004117931369082265
PAT_1265,908,PAT_1265_908_754.png,0.06936,9.049921652864175,0.9851434008009557,48.74767949554654,100.0,0.0,161.90648471533723,123.98777133092985,0.009838798057288045,0.00157950531283022,0.0005127722629387827
PAT_631,1207,PAT_631_1207_982.png,0.1269,8.544660379177087,0.9794981714337098,129.17345396461812,99.17720049102552,0.0,178.63491589529212,129.51557678909128,0.005137185602179795,0.00622107021039403,0.011128733543541585
PAT_736,1392,PAT_736_1392_562.png,0.06742,8.04894339931015,0.9795460983886092,74.53815498733225,100.0,0.0,136.52701525054465,51.066412490922296,0.001691252134135679,0.0021420224334310813,0.005041474467926605
PAT_1475,1651,PAT_1475_1651_727.png,0.15086,9.059851247438052,0.9430789451975423,103.06372136122336,100.0,0.0,199.34287725885943,112.50504576390519,0.002138150890501289,0.005135064358037023,0.0023551671017343493
PAT_375,763,PAT_375_763_732.png,0.14774,8.58953138668086,0.9352341759185908,98.53273191840479,100.0,0.0,177.11552888222056,111.40185046261566,0.002613515947297307,0.010368121194369154,0.003929378562757323
PAT_1726,3228,PAT_1726_3228_674.png,0.17618,11.400243069012214,0.9302606978125982,104.11113871586083,47.24627003131332,9.659237428624055,124.60047890955977,119.85264321237797,0.19715512825214887,0.00036301935896427867,0.0037797825374943097
PAT_330,697,PAT_330_697_575.png,0.19936,12.652325813113539,0.8985097766308295,108.57660354539289,100.0,0.0,147.46270758217753,63.88564886701582,0.0009499340845144921,0.015935446625234925,0.006209112030536815
PAT_838,1585,PAT_838_1585_979.png,0.08059999999999999,8.600901151177057,0.987995099339187,32.18251137234444,99.92081938152452,0.0,170.16433326767776,116.22066968682293,0.0052814292820890785,0.003297930293622781,0.0002779115839824064
PAT_872,1707,PAT_872_1707_638.png,0.16554,10.543085568822702,0.8970905590375704,170.54952948760038,97.05854080553686,0.0,161.27828511006442,97.59242526194367,0.005789667861931136,0.005428066040872483,0.04008829314269323
PAT_51,78,PAT_51_78_959.png,0.58148,16.08974288085881,0.44943829210635505,110.83370148664999,79.90280335254263,3.071014179617083,158.99084468207926,133.3038459429913,0.005730265513395172,0.0006749787492226649,0.0003245935902892682
PAT_1391,1351,PAT_1391_1351_396.png,0.16671999999999998,8.981078926540185,0.9796447119025902,112.66574599480415,89.97393912573143,0.6392289914933372,153.15020652013573,122.83511579879038,0.08189017986292924,0.0162270077702343,0.0047775220317024455
PAT_230,1008,PAT_230_1008_673.png,0.1329,9.150232197658221,0.9584376421769047,74.97092020812445,100.0,0.0,189.5112540192926,98.8581636298678,0.0005928284273013507,0.0007072068621105479,0.00341450107073708
PAT_457,890,PAT_457_890_255.png,0.16706000000000004,10.519743225582959,0.9610082107362365,140.97869659309782,76.85609741780209,0.0,196.97666303589247,156.4563296134204,0.07749009732479473,0.015322928212840346,0.01041129414339394
PAT_849,1612,PAT_849_1612_143.png,0.33408,13.102672210208132,0.9116766726330517,135.42944698629856,48.19735729078552,17.871831519995332,144.8279176268121,128.2036869585509,0.08873921231621018,0.023531787087631685,0.011432293810142567
PAT_297,4307,PAT_297_4307_924.png,0.19102,9.889612647646697,0.92058390892043,53.42656400935432,100.0,0.0,166.13937191798598,91.20706808547452,0.0012305070386542383,0.004286335875490098,0.000960113677765464
PAT_641,1211,PAT_641_1211_321.png,0.1396,9.07112919888804,0.9581015637661152,60.855238719168035,100.0,0.0,120.03285345145811,59.00467577211763,0.0009839539531362185,0.010569100076881523,0.0018598501318099854
PAT_1102,408,PAT_1102_408_613.png,0.14112,7.589393703830535,0.9131926992092799,37.34142022359485,100.0,0.0,170.60356138706655,123.95126522961574,0.00264414453723516,0.0014665159662024857,0.0005905446821286319
PAT_142,210,PAT_142_210_904.png,0.13530000000000003,8.57914359529254,0.9754005309417647,119.83640793526058,56.72358591248666,9.133760227676984,169.68445393098543,155.65466026325151,0.19370818827914504,0.012596449329062447,0.01042366200813101
PAT_918,1742,PAT_918_1742_456.png,0.17784,9.389230901975834,0.9749422653999424,152.7154857696325,38.92010353441978,0.32467239653322033,95.14944850785977,78.50065385413191,0.03387478996466575,0.0057260047920630105,0.037350063608730465
PAT_324,1464,PAT_324_1464_266.png,0.19888,15.36779046701037,0.8746569877337104,65.31459551393226,100.0,0.0,168.65011168575052,111.04668665606826,0.0003425688283218431,0.0031058816073333863,0.0001917796209537966
PAT_299,1452,PAT_299_1452_1.png,0.2601,16.744331780064783,0.8705253594928531,81.86319195575285,99.83650444232156,0.0,162.48474733706138,117.59707973523537,0.007255193773612834,0.003481471603443011,0.0033177902508449366
PAT_1418,1447,PAT_1418_1447_360.png,0.08692,8.900293316222767,0.9502726622048389,142.53467579149242,95.27371001194143,0.0,115.72773552887939,83.41122493872165,0.004147386374786177,0.009974546409278738,0.01749109355125539
PAT_672,1272,PAT_672_1272_705.png,0.12610000000000002,8.660000402505284,0.9807265664450113,137.098396067558,73.80875653201397,2.8522864418453295,87.55135568909193,69.30670609570387,0.014439805927042748,0.004628629555619777,0.004734276585842174
PAT_1017,97,PAT_1017_97_577.png,0.14692,7.7153034995714584,0.9763861464361336,46.40668492528593,100.0,0.0,160.553625734308,88.23579078596929,0.0022307061105896198,0.0018817463659771942,0.0008869203901035557
PAT_615,1167,PAT_615_1167_722.png,0.11352,10.070206573032516,0.961465383754854,105.08029096547251,96.07785878277681,0.006041809320497846,108.94744632859387,70.49173279091312,0.0004791539747089901,0.00554225101035202,0.018583343710153067
PAT_549,1043,PAT_549_1043_36.png,0.26224,12.219555656573316,0.8598284188696773,105.23201208300273,74.49207210466028,9.14270211611503,179.06324229818532,155.6980768071381,0.07268751869686618,0.0068767110597760285,0.0032917240276850515
PAT_1288,1003,PAT_1288_1003_553.png,0.07672,8.878559533961896,0.9763446736639375,90.7069344654338,99.99554951168254,0.0,106.483056001978,85.54309803436766,0.00917409255841839,0.001892248135227672,0.011155643611610797
PAT_288,441,PAT_288_441_312.png,0.04472,8.435594267624062,0.9921373830916339,97.95256234986712,99.8118052222146,0.0,154.61973607015778,90.55395932859417,0.0027615610245631528,0.0085380523460066,0.0015539746828677353
PAT_8,15,PAT_8_15_820.png,0.12966000000000003,9.76886670349097,0.9655363437267437,156.02064482579766,96.2558062776226,0.01127041756897093,126.64336373662644,87.3911237411346,0.007342290077742786,0.017101114229231454,0.012083865511345219
PAT_1439,1522,PAT_1439_1522_211.png,0.08284,8.826293675398857,0.98932616041395,148.71428093623368,99.7907149745144,0.0,135.44728364788537,95.45394572255131,0.002638558407216829,0.008159464720967242,0.022074224190270195
PAT_1497,1712,PAT_1497_1712_633.png,0.15183999999999997,10.435454221431348,0.9723021210958506,65.88758076885706,99.68257987502149,0.0,190.10942403168775,143.47879796344694,0.0023049620361929035,0.002637917335486056,0.0004326469598643388
PAT_577,1107,PAT_577_1107_61.png,0.18624000000000002,9.747552972129816,0.9315174044512573,75.2764400927806,91.19292839185792,0.0,76.65412375314249,38.62792960830427,0.0007939848219769008,0.004381046995339355,0.007709629379362459
PAT_153,233,PAT_153_233_45.png,0.1004,9.007809447981371,0.95817479329663,103.89203712782972,98.55994726567452,0.08873564384047866,195.15523667063863,148.6383642217884,0.0005251758241773263,0.002926268690794143,0.0009935662755210719
PAT_1568,2454,PAT_1568_2454_468.png,0.17404,9.395673950152828,0.9402071504967472,83.49898935598132,100.0,0.0,172.81389879987026,105.90436803978808,0.0008217962048826521,0.008095681564043201,0.005318102959713983
PAT_568,1066,PAT_568_1066_235.png,0.11798000000000002,8.94071187125627,0.9807631257179419,59.624606552318085,94.07973329629115,0.0,208.33307403806083,165.84984025559106,0.028330876992066045,0.0032704205706780625,0.0008548171429465254
PAT_378,770,PAT_378_770_302.png,0.21486,15.35740301540195,0.9671068759837507,96.99155169163674,99.96319449163099,0.0,195.39814500237821,84.27524857874114,0.00010263277232291923,0.003560348152528741,0.0014210312536600904
PAT_46,879,PAT_46_879_225.png,0.29208,17.021521333261887,0.8670883502905334,42.573789381495544,100.0,0.0,147.65840035104844,91.3402299039128,0.0042663695797930945,0.0033332936508853944,0.0006580366765083397
PAT_2159,4792,PAT_2159_4792_718.png,0.07508000000000001,8.822175853539571,0.969069244074877,172.39598076431642,81.57527069507509,0.0,204.22528815927348,184.84945860984982,0.04406703024077163,0.0012423366174388643,0.010324109070950337
PAT_838,1587,PAT_838_1587_73.png,0.25314000000000003,9.838924980193601,0.9404193762798762,43.27508694142556,99.98324396782841,0.0,209.67610589812332,107.04323056300268,0.0016292805044633152,0.014875494864690059,0.005398688432798211
PAT_252,383,PAT_252_383_389.png,0.12136,13.88388495597163,0.8694670680719183,108.950704890457,93.28111273792094,0.0,217.57778916544655,69.89130307467057,0.0006331634084107973,0.006356253051605728,0.0003280013430278753
PAT_13,21,PAT_13_21_350.png,0.16096000000000002,9.613064666045874,0.9568841218844011,92.99356342993173,100.0,0.0,125.74710185185185,48.8392037037037,8.258166677799217e-05,0.003872558781613347,0.003603063476882511
PAT_980,1849,PAT_980_1849_295.png,0.05924,8.14016809613984,0.9802773853348649,174.56637456156912,99.86682156923862,0.0,150.19546059901958,84.09634184352952,0.0018284726002758545,0.008595059069040081,0.032649354113129934
PAT_46,879,PAT_46_879_386.png,0.23208,12.982020967422336,0.897761587741603,39.638931645035946,100.0,0.0,145.01509689249696,87.15885562706403,0.003164926017991787,0.001395211366626041,0.0002967471642497492
PAT_492,4723,PAT_492_4723_890.png,0.22998000000000002,10.08975147476521,0.9733165004476515,86.81416515905545,99.59045388636846,0.0,211.34673892485972,159.7623955412243,0.006495202672903377,0.0025109795793702714,0.0016170352796415954
PAT_639,1208,PAT_639_1208_986.png,0.31945999999999997,15.648175554964839,0.7896219399671418,61.84475045353375,93.64894149024838,0.3500583430571762,177.72612102017004,147.67919653275547,0.004486184511606761,0.0020950343371777015,0.0007436888850553996
PAT_1401,1374,PAT_1401_1374_593.png,0.18606,9.055605078599589,0.9809308253308612,153.41331996146934,89.01040560628584,0.0,141.08040833661985,106.17725935139399,0.02821047710602531,0.01275330122095009,0.017907820422592806
PAT_951,1836,PAT_951_1836_991.png,0.06345999999999999,8.611220167753743,0.9831594296723583,121.11494285857559,84.9240577536096,0.0,180.93660020417943,136.41252578286142,0.11155346097785968,0.0059149864423675156,0.011188638898477694
PAT_1570,2472,PAT_1570_2472_418.png,0.24218,9.824348552764166,0.9379094353030045,45.89253834244732,42.00413223140496,0.0,155.4340909090909,148.8663223140496,0.011722118062950093,0.00016840752399199278,1.082633673233176e-05
PAT_691,1311,PAT_691_1311_686.png,0.13113999999999998,8.360294014289389,0.9841423176695776,118.55376171404757,77.47768368047609,2.37624586445827,142.96914209617344,119.59674566678457,0.0005854973370441607,0.00034424451890140547,6.636189529299599e-05
PAT_300,1478,PAT_300_1478_445.png,0.1285,8.614898450038767,0.9817555596598037,173.46575269800653,69.21771010175706,3.9213439846687432,143.92332288335953,129.57415141699562,0.03445204551512704,0.012943194483804585,0.018312984884470744
PAT_498,944,PAT_498_944_488.png,0.06382,8.632243344901603,0.9866053648840326,51.65214882484107,97.41606645889576,0.0,169.22409030738282,138.77683736540928,0.004209344283923611,0.00391870105286371,0.000467993957913465
PAT_1605,2715,PAT_1605_2715_845.png,0.26515999999999995,10.213584486886866,0.9234147070659969,76.03443958644097,97.74091069537593,0.0,207.68196258383338,144.94775855983056,0.00014809402831161833,0.0023214719864787315,0.0008121636385957197
PAT_56,86,PAT_56_86_802.png,0.15342,13.760508369282013,0.8906626505526835,72.74014542073186,99.86452688620258,0.0,147.59974709013372,92.58417970628787,0.0051086571928963265,0.00833926467813053,0.0011606185128403166
PAT_1273,952,PAT_1273_952_89.png,0.12301999999999999,9.333184790579178,0.9740510253184497,83.45249148135555,78.13326985816099,8.10498606813313,99.33537293997395,85.91061902294908,0.1130562542906216,0.011495527004203993,0.005743099720618614
PAT_576,1089,PAT_576_1089_435.png,0.30106,10.517342558120149,0.9320618787956756,98.70904814315458,68.60459330551666,0.5736300761286012,136.15879672739422,117.03418323464811,0.06399238499167248,0.0074902408026510745,0.0051856714164649365
PAT_361,1567,PAT_361_1567_487.png,0.13542,11.342365624049327,0.916055264337336,38.861151010148156,100.0,0.0,175.06135009709377,84.19800546358161,0.00012609833186827402,0.0005898927417948054,0.0021240254678014975
PAT_122,185,PAT_122_185_957.png,0.23836,9.160101619934613,0.9749910786794727,133.1548532798515,99.75381809892865,0.0,155.9650786414406,90.58135400045589,0.007896450593157356,0.0076831152985575284,0.01015962385298447
PAT_461,895,PAT_461_895_72.png,0.18444,10.251298571852434,0.9472643095439874,113.89731081799113,99.56283853774511,0.0,146.82986752821242,44.96135136738447,0.0008172056870786593,0.011393568958861311,0.023414493321783972
PAT_663,1254,PAT_663_1254_732.png,0.1364,8.606964273977237,0.9876115070722917,118.12679058138144,86.56147154118938,0.7660025001913412,148.2662257315611,126.51007092379518,0.03468869752488013,0.03130819210412433,0.0028912396267742027
PAT_1364,1246,PAT_1364_1246_927.png,0.12082,10.203667935838828,0.9793053214209084,59.352260264911166,72.51392030624673,0.0,180.00202279450147,107.2359491908822,0.0006493081399602252,0.007233713667181184,0.002358346585215415
PAT_1650,2913,PAT_1650_2913_374.png,0.2383,11.676194881260516,0.9102853326970035,64.32182336964146,100.0,0.0,157.66008545403324,107.47081885623064,0.011699060710167686,0.002448594512739559,0.0015935871593098095
PAT_36,49,PAT_36_49_935.png,0.10968,8.636780092842482,0.9681894225739293,100.77467801425183,99.98756270469715,0.0,172.84246092616394,84.64860495004353,0.00023241178387189976,0.004175773574091769,0.005304980972395062
PAT_1527,1794,PAT_1527_1794_662.png,0.10636000000000001,8.584621974090544,0.9749462668082428,61.434133108889256,99.99268029352024,0.0,135.88444013395062,64.68889417534356,8.306116023193422e-05,0.0003361171146083087,0.0005879053782589821
PAT_2099,4562,PAT_2099_4562_100.png,0.13835999999999998,8.969971260340873,0.9488634666113661,133.20278891295973,99.95814398469265,0.0,150.34632862951446,72.81027266204258,0.0004328195375843391,0.012933396040355191,0.0025122453788829118
PAT_561,1068,PAT_561_1068_557.png,0.13698,9.787108760332126,0.9751822334421177,128.05620716281263,95.34270480151773,0.3898018219328861,152.81637831379945,113.12640281641842,0.010847119947094197,0.011850901661847794,0.008821662318432875
PAT_1594,2656,PAT_1594_2656_679.png,0.12511999999999998,9.306760129503086,0.9287299833958095,88.77026284272333,100.0,0.0,149.59451955577015,77.72108884596813,0.008133143830908574,0.00017897905794975758,0.011779373816996574
PAT_1922,3848,PAT_1922_3848_451.png,0.046,10.245330874757913,0.974205372549788,134.69439874875385,5.7419752394823815,0.005601927062909641,140.571060444793,124.51128788303177,0.152642158152836,0.002717365654645821,0.011843582766698328
PAT_1727,3233,PAT_1727_3233_399.png,0.35248,16.989817260652593,0.8403544988145195,99.13386869942708,99.4213750850919,0.0,171.15520762423418,127.66763104152484,0.003803054584718968,0.0016368051428016998,0.0020782406727245396
PAT_1942,3915,PAT_1942_3915_388.png,0.15430000000000002,10.164572374677041,0.9608805205715536,116.23526681036799,99.99400212496144,0.0,128.8669842684306,54.01406073276896,0.00016658161654747872,0.002072346581091479,0.013486625593972746
PAT_528,993,PAT_528_993_589.png,0.16936,9.45012576677871,0.9350998711275518,163.39471073935323,99.99497310611774,0.0,183.60810335293823,117.0274468405972,0.005888234399921033,0.0057866463742685835,0.02190314939823038
PAT_71,108,PAT_71_108_617.png,0.12603999999999999,9.303063432293715,0.9680014908417355,62.353299830568744,100.0,0.0,188.9221573184264,128.42759039423822,0.002165578533357193,0.0013405291672728325,0.00262492473528072
PAT_272,420,PAT_272_420_25.png,0.15860000000000002,9.758551423795998,0.9565624604401877,138.19635299408466,75.7076046519114,0.0,143.81275550793484,96.72478490198152,0.008801578037314073,0.00734468740534924,0.003007734569550781
PAT_90,139,PAT_90_139_57.png,0.21071999999999996,10.2662120303915,0.9688514627282487,108.78461830814808,77.1362119526747,9.03781979977753,153.28010921225604,133.71164930731115,0.18577328060184195,0.006132482227507119,0.0005446192353685976
PAT_73,111,PAT_73_111_609.png,0.21705999999999998,11.066776652567974,0.9234205051561841,128.2309214765375,99.1542365062279,0.0,190.00273177085688,96.27479624788559,0.002840562692470905,0.030343391033806916,0.006154492242786238
PAT_687,1304,PAT_687_1304_898.png,0.18962,9.751489093050532,0.9783103335973552,126.82962309852329,99.97260000996363,0.0,168.27721317192248,106.7084890150949,0.0013387776760855896,0.017309280815741616,0.007020353889560784
PAT_1453,1567,PAT_1453_1567_250.png,0.09144,8.14302797346956,0.9668757015813019,129.9500808644604,99.48515215592535,0.0,166.57092948423278,48.824859795899606,0.001631247496264976,0.011497109147368843,0.01681287055402142
PAT_890,1693,PAT_890_1693_904.png,0.20326,12.566008038281927,0.9267273501031597,70.80430041089066,0.08774223539324211,90.8050785903135,52.252720880908804,76.25009442459107,0.019908280881985263,0.001351834255804697,0.003018757303515773
PAT_445,871,PAT_445_871_524.png,0.47013999999999995,18.472286535910477,0.7597683607246354,150.94487995505378,100.0,0.0,154.83325433344757,74.55858266912661,0.0017938080853133753,0.015409832419278255,0.005508415651858903
PAT_493,1862,PAT_493_1862_360.png,0.11599999999999999,11.007598472699247,0.9692200294307857,235.96333817012746,98.46461153181086,0.014906684157176076,194.9420428119969,128.26894639556377,0.0034839126912415974,0.03186979567418088,0.02331585216190553
PAT_505,951,PAT_505_951_710.png,0.09864,10.640049165724218,0.9597986044922828,107.04466162686403,99.75593882199804,0.0,201.9529775463716,109.81418808981451,0.00046952968166180664,0.007583341621713933,0.0024356709691622912
PAT_2034,4269,PAT_2034_4269_670.png,0.38360000000000005,17.16158749480702,0.7858006591346751,60.532041441156295,100.0,0.0,138.26819654427646,35.347961663066954,0.0,0.0,0.0
PAT_994,1866,PAT_994_1866_913.png,0.10924,8.112343072043346,0.9723159237627894,52.213381883493106,91.26119583635924,0.0,192.89397240377633,171.9511821189381,0.0481278397336089,0.004827466091173965,0.0009515274281171334
PAT_621,1183,PAT_621_1183_56.png,0.07988,9.709604786197897,0.9821528346799013,104.99048261318272,98.47195620116277,0.3021340068139058,87.13137108666542,61.49849144871773,0.00894395279355964,0.007245278643381715,0.012979185772193296
PAT_545,1031,PAT_545_1031_428.png,0.2071,12.56629607451471,0.9594482973334283,87.98122502673615,97.85186075873264,0.02344736367462274,156.5838213190645,123.361618469308,0.004611792930621306,0.007099574852094286,0.0019896931236429464
PAT_2079,4480,PAT_2079_4480_586.png,0.20809999999999995,15.582206159690521,0.88251647265713,106.7508058528653,16.948663995618713,50.24788862306517,152.87703571325628,159.09852131553916,0.008011515922576984,5.51104681511463e-06,6.950916394643083e-05
PAT_742,1470,PAT_742_1470_834.png,0.33449999999999996,11.44542529766192,0.9202430100374367,106.69018083071641,80.26551623525489,0.08128048018006752,155.67079321412197,126.4885582093285,0.05855023901446199,0.008295379866803692,0.005912838034801504
PAT_1988,4052,PAT_1988_4052_897.png,0.14258,9.437657968362258,0.9782789450450696,85.07547086120685,94.19635856781949,0.003484624096175625,123.55454307866539,105.35884658942416,0.010895622051230291,0.004281399368734569,0.008578406073987395
PAT_673,3928,PAT_673_3928_888.png,0.30362,13.53261518003096,0.8730349532871254,71.05927471192092,99.62544376771,0.0,184.35983454385564,113.2002084486858,0.013643638821711601,0.0030092356853437374,0.0003391673321435329
PAT_82,125,PAT_82_125_907.png,0.14067999999999997,9.11218405858881,0.9738868394464114,222.58655280670055,81.95121951219512,5.374669409344696,96.83846605935939,70.25924184543051,0.11541192192923655,0.03321177670756761,0.03153260802285976
PAT_365,750,PAT_365_750_854.png,0.1762,12.624444167526283,0.9098965956688816,77.9478563618437,97.26231457287821,0.0,160.7983665823345,86.15177374089282,0.0006782521653337925,0.0007257926050953229,0.0006989336655520575
PAT_1682,3050,PAT_1682_3050_600.png,0.05158,9.965517180948817,0.9828330266145047,66.20619664265888,92.63489214746531,0.0,129.35447555727774,94.19070829849285,2.1062554277695433e-05,0.0006171724467117472,4.831012269810405e-07
PAT_599,1140,PAT_599_1140_399.png,0.12932000000000002,9.123353386331768,0.9647568189757071,139.6599874071914,52.28293959112029,21.36634406827894,176.14593451898403,166.40760748696096,0.29725130654363396,0.0008165630241415648,0.00435276473790274
PAT_704,1323,PAT_704_1323_974.png,0.38727999999999996,14.56466651707216,0.9080025758129289,68.16096189128858,85.25870156396584,0.10925198019214098,133.68226080347705,112.23415549406833,0.002215125629425496,0.0007683592151745425,0.0003889005223189333
PAT_930,1760,PAT_930_1760_560.png,0.06461999999999998,8.36814392865734,0.9820110159430873,122.38673847763498,99.98214200676223,0.0,112.31370541454355,63.5914805466927,0.0010640278407216819,0.008543475601375559,0.008928734712576025
PAT_876,1666,PAT_876_1666_961.png,0.08313999999999999,9.568677834946218,0.9547061415229423,145.56121084523176,93.26611225426211,0.9746866467929389,119.46474883294098,71.29457196436408,0.07428181717006421,0.04688098747264342,0.010348411471909486
PAT_1057,242,PAT_1057_242_297.png,0.10694,8.282097440315207,0.971378357305578,39.54264161680958,99.93849623289427,0.0,134.7452206447645,87.85849008251755,0.003210379699974286,0.0025726475236774885,0.0008306949723504447
PAT_303,652,PAT_303_652_943.png,0.119,8.985209308087137,0.9652960491909236,141.91412387428136,99.59794332547261,0.0,186.34402907179032,126.0968028762516,0.004218570348845985,0.0019908626941006415,0.009710658628784459
PAT_718,1358,PAT_718_1358_919.png,0.15352000000000002,12.115332436019823,0.8871640014466581,135.84623210740554,99.4170949564168,0.0,166.50080270657574,125.35607848207648,0.0018113696195216633,0.026253996083031434,0.007883091060746467
PAT_49,75,PAT_49_75_326.png,0.36541999999999997,15.285576599265829,0.7972759479623266,82.76863926140464,98.89789448498624,0.0,165.37405790166287,122.2935907405192,0.002087338520080473,0.0009357800147061698,0.00016647183521101245
PAT_1735,3241,PAT_1735_3241_207.png,0.12632,9.100624017941868,0.9538768779158742,116.29954870072045,98.66920152091255,0.0,189.55578489951114,110.44980988593156,0.0001453879893114074,5.679985842211825e-05,4.5519861249090093e-05
PAT_897,1704,PAT_897_1704_988.png,0.32892,17.472497569137193,0.8496006201371863,54.151140027127084,99.83721680048441,0.0,133.6409254264212,72.08437202645423,0.0002899840622393457,0.004202761530953255,0.0015118188571388769
PAT_891,1701,PAT_891_1701_36.png,0.22136,10.762262385471741,0.9309216027989612,110.66637239937897,99.98416594093896,0.0,197.88045285408916,114.04758134747843,0.0055895244965255,0.016074130201867484,0.013640383839779908
PAT_478,1829,PAT_478_1829_281.png,0.23242000000000002,15.030754683774711,0.8653113651506996,101.32532429301224,23.90336533389598,0.9705665154552169,184.6765481590885,178.12016035446777,0.3695746476594489,0.0051200473088860166,0.0037394281501988936
PAT_570,1085,PAT_570_1085_429.png,0.08036000000000001,8.704592698332108,0.9836971504155887,58.69446744231701,100.0,0.0,136.4006727886617,84.66511707817496,0.0033967043358856808,0.003269066232020584,0.0025442506396932195
PAT_1735,3242,PAT_1735_3242_27.png,0.05032000000000001,8.110434712081554,0.982711239286171,115.97066676470392,89.86156694437432,0.0,216.48184381048557,134.37635698056047,8.409695080091595e-05,5.354270824699604e-06,0.0010282944965776014
PAT_699,1320,PAT_699_1320_901.png,0.12490000000000001,9.428537978071454,0.9686884423264427,127.3654188801853,92.66353070221697,0.6075052207479908,137.8256586580041,80.27308203429874,0.052070248183957446,0.03451505213046416,0.004130456044579071
PAT_183,283,PAT_183_283_495.png,0.16132,9.018063631170332,0.911229608016495,94.36603998541898,19.252640129975628,42.58732737611698,130.481925264013,133.5367587327376,0.7491145619398087,0.0006822780592480247,0.009795064058488574
PAT_549,1043,PAT_549_1043_676.png,0.21856,17.529652143168228,0.840597312728736,122.06411874469855,100.0,0.0,207.24195014662757,110.18321114369502,0.0014914749293361007,0.0013083751126649603,0.015514216619211513
PAT_1733,3239,PAT_1733_3239_934.png,0.10007999999999999,9.292385372499828,0.9390108439812368,132.732490696035,99.84321103794292,0.0,202.30354343054248,112.56820319849483,0.003609479750974476,0.012934241181992824,0.010037531064547703
PAT_817,1537,PAT_817_1537_943.png,0.10396000000000001,9.5391763481319,0.9527198650580208,44.07166642942391,99.99886441062912,0.0,146.91146945264592,107.71249148307972,0.006868301041478397,0.0036167775665089646,0.00066243085071649
PAT_1431,1495,PAT_1431_1495_931.png,0.5183,16.49465008683905,0.9359909139941774,54.662065360407105,99.93399922236708,0.0,152.43073185713772,62.75243663761979,0.00014606043322473727,0.0008546762676079886,0.0007666542229744216
PAT_181,280,PAT_181_280_417.png,0.11291999999999999,13.91403199644786,0.8968429927097925,126.95779579151275,88.85977939826789,0.47724731756970984,135.76571495319305,114.12645385218683,0.016429141820616278,0.006832838366869724,0.007815120713404018
PAT_1761,3329,PAT_1761_3329_837.png,0.29094,63.56101256030735,0.7705530736369732,108.22307678719882,96.60425053149908,0.19141272821584343,125.47875830124856,96.488548112539,0.0006856535595064495,0.0007562811469570556,0.0005658852775357458
PAT_373,761,PAT_373_761_708.png,0.16605999999999999,9.428761747746657,0.972871400648811,128.81643548008967,99.96116584229244,0.0,178.91964395209092,88.79957486816825,0.0016922724327489425,0.015343695184831812,0.006330358789163154
PAT_1790,3425,PAT_1790_3425_942.png,0.09752000000000001,8.634583143504221,0.95613862994573,125.41960979511519,94.72956148844929,0.4887720754368977,119.0837829114216,94.45455803015632,0.005298125840019874,0.004559303208365701,0.009547941493340843
PAT_1701,3136,PAT_1701_3136_33.png,0.22948,10.940589551897187,0.936310168920937,61.621916991158024,100.0,0.0,132.69237216240393,85.2718581720973,0.005470909032889604,0.0005866747462989123,0.0007186306221294002
PAT_401,4594,PAT_401_4594_970.png,0.1373,9.799374901663766,0.9803138103377594,51.85241664129487,100.0,0.0,181.12689470835025,126.35554540533225,0.0022272587507247144,0.0014140248693542956,0.000477493811839456
PAT_315,673,PAT_315_673_227.png,0.20048,9.007691229342793,0.9668672607112092,97.13602467226876,98.02935356200527,0.0,177.30558762093227,137.02097075637644,0.003056400591086139,0.008645936950356644,0.0017828915265732008
PAT_432,851,PAT_432_851_386.png,0.11833999999999997,8.874164398213184,0.9661799177941073,135.76748937622452,99.88611559267343,0.0,127.13471576350005,45.879282528233844,0.0019895842972253996,0.021923121831233128,0.023033679245422156
PAT_562,1110,PAT_562_1110_360.png,0.05733999999999999,8.270623501018262,0.9874354412227344,109.45673390654984,99.85378159913505,0.0,205.78956906760027,108.17556505174278,0.00012755171192546655,0.0033733990746040673,0.000593483084514265
PAT_745,1406,PAT_745_1406_409.png,0.1222,9.626599642937155,0.9393497545762594,101.0265776295689,99.98868074027959,0.0,168.6585545305337,73.36289546663649,0.0029825352297018215,0.004801891477832832,0.005953309040775715
PAT_841,1603,PAT_841_1603_667.png,0.15466000000000002,8.815695594362674,0.9555795847488471,51.86248717160771,91.52055777709423,0.0,97.52306982466934,53.36552855531631,0.0033769572460212727,0.0022033235417492176,0.0029004448404935704
PAT_237,363,PAT_237_363_344.png,0.20612,12.026544131101423,0.9452479404444494,76.42430285256134,99.86548291633038,0.0,163.5934893731504,108.60283831046543,0.003517892052683269,0.002687482283385667,0.003212868304777484
PAT_217,1290,PAT_217_1290_283.png,0.12050000000000001,8.809611486119877,0.966715795032066,105.55972090650661,43.72603886661085,3.650905565592914,147.46229013352135,128.7968316220861,0.1760387449254075,0.006262012140658229,0.005637072234778618
PAT_2143,4736,PAT_2143_4736_227.png,0.20432,14.079449870299538,0.9367151537088566,91.55361106739838,94.15340290221707,0.0,201.33003056814587,165.88580865043392,0.0,0.0,0.0
PAT_1547,1875,PAT_1547_1875_436.png,0.08088,8.036612213013283,0.9687985246897116,87.29377734330066,39.83257760725497,1.1045227299151261,218.170561562609,194.69596558539703,0.03353744935763392,0.00273334136982794,0.0030813032081543415
PAT_981,1848,PAT_981_1848_906.png,0.89512,15.410521885335317,0.17658801320743456,24.042819191213653,99.50764006791172,0.0,190.3585738539898,115.7276740237691,0.0037048097385715684,0.0011526097119159337,0.0005203503025809499
PAT_1075,324,PAT_1075_324_177.png,0.14584000000000003,8.1656860677606,0.9355211506678494,36.09786089373467,86.89320388349515,0.0,156.6868932038835,132.48023578363384,0.001999062390541706,0.00146472097272624,0.000545179378921042
PAT_550,1045,PAT_550_1045_81.png,0.05454,9.086429229709452,0.981595419529541,147.3274462951713,93.34965424867178,0.0,195.85690573389644,87.30074918128393,0.00012775586074398326,0.015318537121070895,0.002647018795737538
PAT_368,1652,PAT_368_1652_525.png,0.14533999999999997,11.019350978371067,0.9243502702197695,125.153963473657,99.06884010341352,0.0,185.1913807458043,120.39393541036765,0.0,0.0,0.0
PAT_368,1652,PAT_368_1652_733.png,0.18039999999999998,10.19110263029451,0.950636851520597,109.37906619631674,95.99164661236578,0.006363383931877082,157.35529086449463,121.58280208718993,0.0,0.0,0.0
PAT_196,300,PAT_196_300_749.png,0.11768,8.911642188662801,0.9766523012441749,86.23172195715506,62.92322508803082,11.471092785987299,116.87269389352033,102.31680560989557,0.07678700761793544,0.005773979594961395,0.006026008912352977
PAT_380,1540,PAT_380_1540_432.png,0.23956,13.21263730099349,0.849849949067672,46.955310944349705,100.0,0.0,148.94086620519627,95.66319694670965,0.0008283168912441852,0.0030351999069348767,0.00038448470124646073
PAT_994,1866,PAT_994_1866_730.png,0.18897999999999998,12.259495068152159,0.8991472873278533,65.60886945082457,93.79112187741191,0.15054141417228967,124.24493928672408,100.11697144298148,0.010279074052966686,0.008435061928568695,0.0016520892044406105
PAT_67,104,PAT_67_104_730.png,0.15136,9.31522584890646,0.9752512205078371,110.41005767656219,64.0445065206133,0.8518384833885219,96.54543714003233,76.73828408217071,0.08749230667428931,0.015300393513940446,0.007584229721720139
PAT_2009,4134,PAT_2009_4134_828.png,0.31742,12.922514218942664,0.9612034915677355,42.100834770649826,100.0,0.0,170.851005009096,117.44617880017555,0.007473208702163614,0.0017515651117542004,0.0008626947612539119
PAT_1064,272,PAT_1064_272_668.png,0.18370000000000003,9.830855808550265,0.9454438178525904,103.67864122586685,5.873468702802484,32.06913911730156,95.25876824970632,97.90753482127874,0.595208908799466,0.0013422070623112041,0.005429251682319511
PAT_986,1855,PAT_986_1855_702.png,0.27798,18.3288578081217,0.7416849735174693,130.25186261514122,84.93079167893765,2.2783861208535248,124.94470027576236,104.1093545018875,0.19822218572580963,0.014058958451490336,0.015905695932980288
PAT_727,1373,PAT_727_1373_776.png,0.32152000000000003,10.990011678373023,0.9638768787963492,93.71036712255176,98.98165268098421,0.0,164.412925615133,117.38572038116911,0.0017386046853385961,0.0012291355955398346,0.0008061017827777901
PAT_1728,3234,PAT_1728_3234_404.png,0.40408,22.1541769228996,0.7738470377937016,74.64297095346008,99.99396954620835,0.0,197.24701743806222,100.22703653449922,0.00033888559806427576,0.00015643935653638085,0.004202137932352761
PAT_624,1180,PAT_624_1180_803.png,0.28747999999999996,10.30819829587062,0.9395682526256597,142.72571127532112,58.56082027430565,11.482254697286013,152.25683782141064,130.81823947570095,0.09441404145839716,0.03551827781224217,0.0073561816159208185
PAT_798,1529,PAT_798_1529_282.png,0.11522000000000002,10.859756663916297,0.9086799704671408,74.83192251918238,88.08951359348993,0.0,118.07929535786943,65.08992972073239,0.001410825244254399,0.005218605172105255,0.0011747456159557665
PAT_2022,4184,PAT_2022_4184_111.png,0.34812,10.998843030355264,0.9113115293583011,50.678758094357974,89.08366533864542,0.049800796812749,132.40109561752988,102.60796812749004,0.006613537099389499,0.0038164123298614913,0.0009227500027207171
PAT_645,1223,PAT_645_1223_124.png,0.31137999999999993,11.388176960342859,0.9777731868935072,104.46808729397331,39.69182534220387,27.980423644566798,153.76179551884988,151.8162422573985,0.2185136308130462,0.0036900156799249445,0.005005888942487913
PAT_2161,4818,PAT_2161_4818_501.png,0.12512,9.776291288145664,0.953161501982892,102.50417181016552,99.82701066317084,0.0,108.53233413971591,39.57013501277148,0.0005933809155013181,0.006589791886480388,0.003305189519971591
PAT_939,1791,PAT_939_1791_329.png,0.28562,15.934912417579092,0.8423029298912962,55.62218325702858,13.522880431294526,29.192606379564857,70.51405558051474,71.73640972979912,0.5183696014440473,0.0009669426539477923,0.002823961782303149
PAT_1730,3236,PAT_1730_3236_201.png,0.13054000000000002,9.33758880098229,0.9548302867260953,95.87500152569103,48.55804117512906,1.2750606431281488,89.71287292932224,74.98219061638298,0.00625725436069402,0.012633468628299402,0.010769090422280716
PAT_1255,876,PAT_1255_876_939.png,0.28559999999999997,13.034200864931723,0.9197480052963491,71.755707187571,93.98392899115974,0.0,152.67216576165984,118.39262821151264,0.07023388927301266,0.008358263927383239,0.0032518225846620698
PAT_143,213,PAT_143_213_489.png,0.08396,9.028422289150125,0.9846423048515268,88.6569533749506,95.00881504651258,0.4730064589511313,157.6551537555348,122.50424665881302,0.04121767653261532,0.004585475203622342,0.003175121982664269
PAT_875,1670,PAT_875_1670_121.png,0.040400000000000005,8.397633860750304,0.9866282035091418,58.06195958252643,100.0,0.0,125.05275057603687,60.39647177419355,0.0025479268144619205,0.006148516875329049,0.001109811370984845
PAT_573,1090,PAT_573_1090_164.png,0.06638000000000001,8.646008937956804,0.984195884916436,124.22398157756254,92.46200650320276,0.0,199.7414488465886,125.23708779323722,0.004127245250288958,0.008407298885499527,0.003497807916692039
PAT_382,776,PAT_382_776_986.png,0.23302,9.399405432048358,0.9304077695144989,77.23039349265909,99.91192014092778,0.0,217.68335290663535,121.11259541984732,0.0001796711816329788,0.0013611064100578294,0.0001806683365988971
PAT_334,703,PAT_334_703_907.png,0.10022,8.876864476408219,0.9543416809726363,106.97112570416571,99.83255991962876,0.0,168.89881835143282,83.92699612495814,0.0013309206677326602,0.00329642048958122,0.005196288457328838
PAT_380,773,PAT_380_773_362.png,0.11572,8.712391970075744,0.9883687530238526,69.52972237698211,99.61986886548779,0.00031790184780449034,156.2883663818796,106.23102165706338,0.007312983507739013,0.003338432731263233,0.001626081103759913
PAT_221,339,PAT_221_339_566.png,0.29792,15.911448188636566,0.8221612779875911,86.57163089993442,99.73015196705013,0.0,218.03508024428348,128.93431330776878,0.00021010857592251853,0.002279513709102281,0.0015557372288167593
PAT_1707,3148,PAT_1707_3148_835.png,0.13562000000000002,8.88265884123376,0.9859767042509665,84.11880083931715,100.0,0.0,164.97190261267562,96.29869366219566,0.0010570677565476805,0.0012453607532452932,0.001271568726811288
PAT_645,1222,PAT_645_1222_860.png,0.07802,8.739280561255663,0.9619128286992022,87.29030816175403,99.97302764666217,0.0,112.41231737469094,72.26091256462126,0.0013059096727274788,0.00432748717212355,0.0012280080822797293
PAT_63,99,PAT_63_99_189.png,0.11581999999999999,8.38259719184644,0.9839299954962631,62.95674017987476,98.852456305703,0.0,136.6165649751145,87.979843576897,0.009761248478570295,0.02057280911692166,0.0009389359290371575
PAT_1066,281,PAT_1066_281_99.png,0.053860000000000005,7.51751032574498,0.9476465910115452,80.4760913912242,69.66503575461046,2.8603688370342493,204.5077154685736,186.43884079789237,0.13986056746321085,0.004500461949526021,0.0038110454933743525
PAT_472,910,PAT_472_910_453.png,0.23773999999999998,13.59645462167236,0.895410771954879,56.76512986500271,70.4520605857399,0.3398472236395178,161.65225975625756,146.1120593830634,0.0,0.0,0.0
PAT_407,810,PAT_407_810_390.png,0.07143999999999999,8.509997352991748,0.9928296157267631,65.98920087423005,100.0,0.0,151.55478889285263,85.28688592503941,0.0035897555807996584,0.004153782843594871,0.003136429177792388
PAT_1245,844,PAT_1245_844_471.png,0.25936,10.571818759584449,0.9233345166512714,112.86996545500294,100.0,0.0,168.19657647708448,95.83351739370514,0.0015114175857843248,0.0011785735961372132,0.01014604444517927
PAT_201,306,PAT_201_306_781.png,0.16128,8.997914586124631,0.9690501779883894,108.45265917201455,100.0,0.0,141.13736796049753,81.78217388586786,0.0011743905989456405,0.013800365798155176,0.009985105760144617
PAT_38,1002,PAT_38_1002_34.png,0.21810000000000002,17.507341027527204,0.8094879963422477,56.985354897997695,95.81721147431621,0.0400266844563042,151.75070046697797,125.25030020013342,0.002302285344969679,0.003048423914507131,0.0011410669530463266
PAT_768,1450,PAT_768_1450_402.png,0.20444,10.951469561493592,0.9029322960461775,88.22713452049231,78.52315394242804,2.3329161451814766,134.1235043804756,115.4744931163955,0.05076115672192305,0.0029445392208229107,0.003839221573333309
PAT_1653,2916,PAT_1653_2916_994.png,0.17009999999999997,9.90161525888091,0.94626293436173,60.94058267152865,99.72552682463213,0.0,150.10284960508636,91.59891685511094,1.8935052346180647e-05,0.0003365618059192961,0.000484976421854008
PAT_154,237,PAT_154_237_625.png,0.29910000000000003,12.45240643678757,0.8568682884099071,146.43743829508387,96.9923594923595,0.2241970991970992,153.92346542346542,67.17955192955193,0.006357938106783867,0.015767828102335214,0.01771533700451714
PAT_609,1159,PAT_609_1159_942.png,0.15574000000000002,8.719749473013524,0.9869563420803611,173.38144892149612,99.81382359785897,0.0,184.11251423882024,91.65529194174638,0.0011814541607900741,0.03807270433780675,0.01643096221722268
PAT_1947,3926,PAT_1947_3926_165.png,0.22638000000000003,11.404422326269993,0.9348049252860496,102.97180908646378,100.0,0.0,151.88380719782498,76.54071240956638,0.0005770910547271413,0.010841928870491783,0.006079008516279675
PAT_1481,1674,PAT_1481_1674_735.png,0.19288000000000002,9.634006602193583,0.9529300374434199,57.603579268912554,100.0,0.0,139.78877505871142,77.42234777577346,0.007659203822878102,0.001723276775208103,0.004871730341667927
PAT_242,369,PAT_242_369_337.png,0.11048,8.472783475762203,0.9573839097798371,78.98131821716545,100.0,0.0,208.71861130288983,115.08590590788046,0.0010620955871517568,0.0034648571577152345,0.003060047635328746
PAT_356,736,PAT_356_736_188.png,0.12188000000000002,8.873121612034694,0.9491419114901235,84.47615728251621,99.90845942598675,0.0,205.61563728393733,101.81778041031716,0.0008074961372638301,0.004458923840963159,0.003490716070698782
PAT_792,4351,PAT_792_4351_858.png,0.13198,8.427792180687208,0.9762525239645293,65.34826118909442,99.6976224007953,0.0,174.64816502361032,127.98003479413471,0.0012817250526289126,0.003787724777125296,0.001185453074918236
PAT_269,415,PAT_269_415_103.png,0.28684000000000004,12.902989235397794,0.8841349274087545,121.86156618372688,92.03533084596056,0.016751694205436686,108.71583035102414,51.66178329399224,0.00017307147652390054,0.0007434334847760017,0.005479750243649024
PAT_420,834,PAT_420_834_450.png,0.09494,10.266582332327514,0.966381008887824,197.75127308787904,88.5128739113972,0.014199166982203712,152.6179004165089,120.21630064369558,0.03863728798400545,0.013567940109405253,0.02679843130367364
PAT_1509,1742,PAT_1509_1742_422.png,0.22954,9.276200988577772,0.9625975548815174,66.42387532139254,96.41373721000912,0.0,128.97386283051364,87.95375341910648,0.0016090480209199898,0.0003370358151655335,0.002479980769916648
PAT_1132,508,PAT_1132_508_325.png,0.19906,9.420383504058952,0.9288579194712959,40.05193111208183,83.61948249619483,0.0,157.1633789954338,135.43954337899544,0.05532994797512991,0.0016777300171953486,0.0009376473392448549
PAT_983,1853,PAT_983_1853_985.png,0.12035999999999998,9.907564681914433,0.9588154612767986,135.71298844329976,5.444473870056497,0.0,120.50367452330508,72.53063206214689,0.0043429229486386944,0.013662938524291788,0.013786932166981507
PAT_810,1526,PAT_810_1526_639.png,0.31479999999999997,11.759430836169239,0.9417571142650534,86.26877257415936,99.54494560222525,0.0,215.43058556567993,158.73736434444785,0.003449056741572809,0.005288422716798378,0.002635244742814817
PAT_20,30,PAT_20_30_44.png,0.10525999999999999,8.651403802392618,0.9714299908967395,129.04939748156792,99.10383428686606,0.0,139.7764082050328,75.5271718064406,0.004642560792469275,0.0074629817870594355,0.016357047867685715
PAT_352,729,PAT_352_729_947.png,0.22678000000000004,10.99718589284655,0.9284938312821419,117.14311088063498,59.00311358520576,17.65443247833295,95.19270531466081,80.69308945829009,0.360717864413014,0.004383183502255068,0.014273120984343763
PAT_1534,1810,PAT_1534_1810_719.png,0.0811,8.362958939853984,0.9834541546566633,103.22595158783845,100.0,0.0,120.43167748191243,83.76057283508615,0.004552458802695281,0.004409188317704364,0.005524393911432395
PAT_32,44,PAT_32_44_211.png,0.08254,10.621244739625105,0.969348957405005,102.26869340884451,100.0,0.0,213.98013085295625,139.10564717942532,0.0009679501500305943,0.007059899472396033,0.004128441142205182
PAT_684,1303,PAT_684_1303_368.png,0.10877999999999999,9.391125173261413,0.9699650230843018,133.55004114425915,87.46038774598577,0.06630302000316508,125.05637861558047,96.72990971719287,0.0017672695124868465,0.018191979569100444,0.015658213448400446
PAT_654,1244,PAT_654_1244_16.png,0.21342,11.123589144007616,0.9639093232525593,95.8646373215913,99.78962262394579,0.0,158.00632993874854,92.00329529164262,0.0027783851607249277,0.00232249847814093,0.00844170569873918
PAT_207,1280,PAT_207_1280_15.png,0.10052000000000001,8.743489413699221,0.9811379685689119,96.01571702524883,100.0,0.0,161.49166167420074,112.902020587114,0.0009668063598168297,0.014820606108096207,0.0036842749607722916
PAT_526,991,PAT_526_991_109.png,0.1725,8.641959182520448,0.9823664873915601,139.9676785403664,67.89265673430353,6.815536889165428,126.2100314563241,109.68732644290043,0.04521895187458336,0.006729207761473644,0.008651164594353965
PAT_1278,966,PAT_1278_966_295.png,0.15832000000000002,11.325051467710374,0.9188259053024294,56.276680394014875,100.0,0.0,161.61921124347185,118.78429277140279,0.0,0.0,0.0
PAT_585,1130,PAT_585_1130_552.png,0.09985999999999999,9.127478907845898,0.9735728581173851,78.54835308187572,68.10161111584691,0.0,131.60686581341258,100.53725781506874,0.009669515978907861,0.006037053559468969,0.0030354075503826786
PAT_698,1319,PAT_698_1319_166.png,0.06898,8.801171875435958,0.9793162706286416,112.04745815202051,92.86344316816047,0.0,200.7943489244316,168.7620731271567,0.026250115156450482,0.005013182122584957,0.007315270840302594
PAT_435,854,PAT_435_854_68.png,0.2814,12.170349664016268,0.8786834434070749,92.86999801201043,95.92111258163199,0.002169620967217027,148.3359224143542,111.40517671562777,0.02293381512794357,0.00733994396824816,0.0025477246138468418
PAT_978,1844,PAT_978_1844_715.png,0.18056,9.187997716956323,0.9324573876493423,124.14924714339129,64.4825858180907,0.0,151.76246554748184,103.75181658732147,0.01677563321774389,0.002952774308961834,0.006758857472433378
PAT_201,946,PAT_201_946_262.png,0.1875,13.24518843931511,0.9729260085828085,107.83468321523944,98.38395332227722,0.0,119.99434081032334,88.36821048554032,9.520357272008173e-05,0.002523440166183637,0.0014661747803742103
PAT_894,1680,PAT_894_1680_410.png,0.12713999999999998,8.537799983502223,0.9732468893042437,95.93936649581744,100.0,0.0,137.31133727292624,86.07758809367476,0.0026938032750660756,0.01863730182402613,0.006798019058180558
PAT_91,356,PAT_91_356_273.png,0.10457999999999998,8.39291369389958,0.951219333117827,117.90391934296939,41.998515953499876,41.30596092010883,137.84491714073707,136.77590897848134,0.4191090511184068,0.004825113522892266,0.009822549321406793
PAT_1331,1173,PAT_1331_1173_380.png,0.15860000000000002,10.847298607380878,0.9500619337022447,75.37804661116955,88.83901912815672,0.0,111.64974091268083,73.89423651108585,0.01027867501233748,0.00508194538690779,0.004940629215039987
PAT_683,1296,PAT_683_1296_237.png,0.09484000000000001,8.249742140547289,0.9721425484831772,93.01986304068494,55.57600052572781,19.563645922323715,154.52132483406717,144.68127751856477,0.03778710058467838,0.0030344752684337752,0.0024718789455640527
PAT_448,875,PAT_448_875_81.png,0.24907999999999997,9.607101762217273,0.9424885222385168,50.843342386436234,100.0,0.0,171.46168789808917,109.62197452229299,0.0016840339653285685,0.0040636729307839065,0.0005435273676915664
PAT_683,1297,PAT_683_1297_839.png,0.14484,8.725885769748436,0.9778844986124191,78.33496092074111,100.0,0.0,216.49529184945095,130.36656514571516,0.0024956049548726655,0.004667508398933076,0.0020757086993705726
PAT_176,273,PAT_176_273_423.png,0.09580000000000001,9.030552810344135,0.9745414036182897,109.73342113832118,98.11945855551699,0.0,145.0118480421544,90.23262234562837,0.0007355539917964782,0.004965432940099009,0.012457325550935426
PAT_383,779,PAT_383_779_429.png,0.27744,10.222474326246676,0.9388963154299137,73.5307882856897,96.98212048741601,0.0,152.26540257373875,112.60448696048286,0.013199352095128458,0.008163396267880976,0.0009997697598686252
PAT_1798,3455,PAT_1798_3455_379.png,0.17734,9.397846110045633,0.9811492624589299,157.07348561088344,92.72778993800071,0.26232754998684793,129.9669852922798,92.67273923998805,0.00044339175362073657,2.6056597094968303e-06,2.3725255396254694e-07
PAT_737,1394,PAT_737_1394_308.png,0.21791999999999997,10.36109979936013,0.939369106362604,76.43276513220063,97.92104515762567,0.0,137.01306447032093,85.73910820789548,0.006129507498554121,0.0073784218912239545,0.0012383102132304206
PAT_864,1645,PAT_864_1645_639.png,0.1557,9.899459277306033,0.9520129098894441,124.98976985282341,99.95887594242632,0.0,161.39126748407077,54.51195390043917,0.0006127614774571466,0.0052468558767153695,0.01160314837008673
PAT_337,706,PAT_337_706_944.png,0.15926,12.812422596737566,0.9073874986727015,78.21535754347485,73.2560405300078,2.8984801247077163,215.96054169914262,196.21093141075605,0.03288565083833106,0.0010305038207991688,0.0007527985362036091
PAT_1546,1871,PAT_1546_1871_376.png,0.0831,8.563443131312647,0.971283391932086,82.17236167808015,96.61576327124239,0.0,147.2211780500084,67.22688370531968,0.001878371999260775,0.0016255230723346075,0.0011773767546884313
PAT_913,1730,PAT_913_1730_815.png,0.353,15.166484984542675,0.8275110386152623,123.91097428830615,99.85183114341626,0.0,144.52300810735252,88.97047805423539,0.006742919159156591,0.017930244505969046,0.007266341876658433
PAT_1928,3876,PAT_1928_3876_437.png,0.19516,11.074605564603294,0.9351599421483866,108.31880623036369,97.03697429671666,0.7845391880318846,112.1417902722274,91.36483638892953,0.004366489925947681,0.0012424860206121065,0.006029571379983143
PAT_1220,765,PAT_1220_765_464.png,0.32412,14.726528071710232,0.8680086245473094,97.12201755219041,99.94646550675265,0.0,157.13204769436672,67.18943910451394,0.002681405891885258,0.004171108459383655,0.011316884044422458
PAT_1326,1156,PAT_1326_1156_139.png,0.12196,8.195510776283406,0.9602634989459272,70.2419436563014,34.447873799725656,22.976680384087793,113.06515775034293,107.65826474622772,0.10390602406121008,0.0025678387467967558,0.003284025495836811
PAT_1577,3527,PAT_1577_3527_831.png,0.14698,8.921851307968643,0.9725189235936292,72.3671759730368,100.0,0.0,127.3303242156457,47.66894334191512,0.0,0.0,0.0
PAT_505,3200,PAT_505_3200_856.png,0.17624,9.828464835554325,0.9357208698484646,83.70453321236695,96.24928379390894,0.0,165.72449204460312,126.54488959407642,0.013656512758706385,0.005498913088437767,0.0004781689563680425
PAT_854,1635,PAT_854_1635_103.png,0.26902,10.781399195790652,0.9676204915478579,104.15332086293832,98.81608438681234,0.1965179097595676,149.56305833154568,103.89735083008475,0.0053427470383506925,0.006310372701811721,0.0037843392546231406
PAT_381,775,PAT_381_775_566.png,0.05192000000000001,8.393584105206205,0.9811774438091324,127.41872165360459,99.68361756308357,0.0,122.55441520693469,59.58674794865859,0.0005423457050766078,0.001829585351800397,0.0014731225532446184
PAT_417,3537,PAT_417_3537_45.png,0.12822,9.470942173891933,0.9840975157780248,91.75137874978556,63.08118318808226,12.971708238526597,115.42902374103808,103.17274503069592,0.03658205772423295,0.001657605960277561,0.0018350916488084628
PAT_326,690,PAT_326_690_797.png,0.1298,8.350010526048598,0.9862823793849855,96.10767974745424,99.96321162512646,0.0,210.1845988096333,112.86775893103494,0.0012612044590796234,0.005276394353284575,0.0006932365511962891
PAT_20,29,PAT_20_29_850.png,0.23142000000000001,12.548786913336974,0.8933920365316972,54.14005156536836,99.97981152035402,0.0,130.98537546534445,73.31157284407226,0.004427108554850068,0.0014803350515319481,0.003266135934539657
PAT_962,1823,PAT_962_1823_942.png,0.20276,10.79807728242311,0.9200066137781142,82.56284482704976,98.29152429369114,0.0,172.04250354196182,141.3790315859655,0.012330706697727623,0.0031556040937961273,0.003761488080396532
PAT_805,1517,PAT_805_1517_647.png,0.08906,10.145253209765881,0.9435854011572651,97.39691588826406,97.81731200478397,0.0,170.73249613793791,111.93172870882543,0.0008187172220239791,0.015114398632730848,0.003618312002085861
PAT_240,366,PAT_240_366_768.png,0.58762,8.92761204689513,0.37036480645739117,84.8858689929812,99.97268665743215,0.0,203.95760579042863,126.7384942544433,0.004804893055738835,0.014055829240081705,0.0019367903400929487
PAT_645,1500,PAT_645_1500_364.png,0.13804,8.67454039467091,0.9798693218176083,81.12152237195527,100.0,0.0,181.21402325161134,101.18549083388551,0.0012683782398380528,0.001772755531023139,0.0052110261012028305
PAT_771,1488,PAT_771_1488_562.png,0.05182,8.269941063123602,0.9895235039981517,149.7683940031895,82.60832724997393,0.0,144.25881543956618,116.09940426530399,0.034519051565431336,0.02399053128844012,0.014840654405457954
PAT_896,1705,PAT_896_1705_582.png,0.2613,12.079195235985868,0.8524156363848772,84.88377705531998,99.62018448182312,0.0,127.99484536082474,49.33776451437873,0.001017590402400792,0.005544862106831988,0.007724380002817955
PAT_2050,4350,PAT_2050_4350_36.png,0.31588,11.561755823708511,0.9115697313000536,47.7393616583922,99.96909484247459,0.0,146.19110295053358,103.64829930736089,0.003184338248726326,0.001896916349265057,0.0006210624190271773
PAT_517,972,PAT_517_972_845.png,0.13798000000000002,8.667546209841285,0.9761178991671186,76.1591486671868,96.18842511879123,0.0,118.94769767203364,76.89696783235908,0.004614579963630683,0.012342571888526015,0.002138581706727558
PAT_1202,722,PAT_1202_722_827.png,0.11094,9.777815506078191,0.9534519480955307,112.66358384884596,94.78038568380369,0.0,159.1345565441443,78.15574298482225,0.0007746807322250859,0.0018871894472552418,0.004690914139260512
PAT_118,180,PAT_118_180_500.png,0.11510000000000001,8.646612534336295,0.9678950078879212,119.26951094901598,98.14620162446249,0.06370441153049848,104.9476668259277,68.06413441630833,0.001516931829764534,0.008166095980538603,0.01474787314663171
PAT_1439,1521,PAT_1439_1521_868.png,0.39692,13.645351144569002,0.8345592325454175,144.66494993509647,60.740261223868096,13.87539766885565,161.30561738630738,141.61212444309052,0.4307638219692128,0.020583219550133085,0.0070366845241221585
PAT_719,1361,PAT_719_1361_234.png,0.23374,10.736626777223938,0.9352183419895868,133.31625990558013,94.1134778229567,0.9142512527822335,150.68691946133472,115.16111463423732,0.011292257099362213,0.00043613965579177147,0.012925297322342169
PAT_1914,3822,PAT_1914_3822_863.png,0.09064,8.18713733335058,0.935089937106469,97.82478521610247,36.566589684372595,2.001539645881447,140.3579676674365,123.32909930715935,0.11445186592050482,0.004611669217366307,0.002804644602365697
PAT_1021,112,PAT_1021_112_40.png,0.28278,11.17416183250847,0.8612551950707824,33.97402267012535,100.0,0.0,186.65043731778425,100.1862973760933,0.0010588588679136812,0.0005962714823651452,0.0012954575237625863
PAT_194,298,PAT_194_298_945.png,0.21015999999999999,8.69181359122071,0.9236023267150368,142.62596738415763,82.90086493679308,0.0,116.71091151031271,62.35728542914172,0.002800554459771676,0.016044513575736864,0.02454099281049721
PAT_2092,4537,PAT_2092_4537_438.png,0.07456,8.7485439295005,0.9607279433897685,112.14331971158917,99.56548234109637,0.0,102.06006411784966,79.08745992634395,0.008781002001155835,0.004944544893127131,0.012030256230089954
PAT_267,1061,PAT_267_1061_152.png,0.18634,9.874159020895622,0.9280030473238544,105.94462379333898,78.62749958684515,4.073706825318129,182.20736241943482,154.07659890927118,0.027435885170514984,0.004892569045024156,0.0019011188113788175
PAT_1498,1715,PAT_1498_1715_345.png,0.33728,12.789051187952888,0.8267807836398862,105.89693915723956,99.86101950438142,0.0,172.77984547253368,120.24703194195797,0.001046131625921487,0.003731474344248154,0.005209321301654566
PAT_113,172,PAT_113_172_610.png,0.14362000000000003,9.118354627521699,0.7994432288055109,123.07844074369382,99.7464800363351,0.0,168.71914199595358,101.92885957306247,0.002327280348459082,0.009838814632973036,0.004344005878330193
PAT_82,125,PAT_82_125_525.png,0.0966,8.667315981710187,0.9436361831929404,91.92957677703848,99.77085242896425,0.0,118.76455087076077,64.63313473877177,0.0007350648706507812,0.0013423493321821514,0.005250165149541304
PAT_660,1249,PAT_660_1249_469.png,0.05634,11.885567880884716,0.9823033924105539,106.61475139397083,99.0814801291633,0.0,230.09955386177703,127.91774397827501,0.0,0.0,0.0
PAT_858,1631,PAT_858_1631_427.png,0.54932,33.247496654081495,0.5102292990287751,159.77397914294718,90.23864255752778,3.6901319999052067,173.77360949830558,139.4934977605043,0.038553494907750396,0.00935643014529189,0.01644145303750453
PAT_537,1014,PAT_537_1014_452.png,0.0521,8.580189102368873,0.984847475915355,81.4677401590497,3.5010197144799458,41.9370997173423,149.15191956778418,152.74525027729078,0.5841294179669936,0.0018160912520771698,0.005600573800396457
PAT_1373,1283,PAT_1373_1283_85.png,0.1059,8.995326456475421,0.9417335378637983,117.09467063286571,98.37497651700168,0.0,143.20533533721584,103.53287619763292,0.0070103954361447895,0.004412804236600211,0.00972579541903916
PAT_1109,436,PAT_1109_436_141.png,0.11084000000000001,8.685616863464029,0.9783159598957228,82.51927422514581,99.98906267089576,0.0,91.21897626599585,44.04067592693864,0.00021938521004583045,0.0008573961129251044,0.005024964736888703
PAT_465,901,PAT_465_901_106.png,0.07936000000000001,8.341126739447914,0.9800663026039987,93.68420390463417,100.0,0.0,115.07932909076855,63.80911034962512,0.0008656362028482967,0.0037769081139527217,0.011245556138134645
PAT_109,868,PAT_109_868_723.png,0.12491999999999999,8.931702925887675,0.9501139864496575,98.31924888364966,90.92572512876119,0.0,79.97536595283275,39.6431621035511,0.00048499252002109916,0.0001611046178433909,0.002629847996941933
PAT_867,1650,PAT_867_1650_825.png,0.17070000000000002,11.207799010790838,0.9137320145012309,43.73008041635694,100.0,0.0,155.9961788013233,125.98573248189847,0.006034087507245656,0.0029188234808012617,0.0005716735716459978
PAT_247,378,PAT_247_378_484.png,0.15533999999999998,8.955543424892987,0.9374775390360294,98.50040824439132,99.77248394004282,0.0,117.84421841541756,54.711857601713064,0.0003284492062018973,0.009270201525489184,0.005621721440373083
PAT_1506,1735,PAT_1506_1735_733.png,0.14621999999999996,8.821079859055823,0.9709974557207092,92.22125400345223,93.03672851192731,0.007572889057175312,170.2059447179099,143.13475956077244,0.0019795503210147114,0.004091345005782687,0.004455223224589717
PAT_173,268,PAT_173_268_1000.png,0.07944,8.159300741070224,0.9813915078977429,92.50778166789051,43.23357189329863,0.0,88.85275329745076,56.32039983438813,0.01288535926476897,0.02055989742277713,0.007941882517245131
PAT_847,1610,PAT_847_1610_165.png,0.20564,12.035899314186068,0.9159290012584441,62.62699105011397,25.97258054000689,3.1047136510538422,144.6387551341635,136.23323305609625,0.05298173518617855,0.005808408481398325,0.003568328122671325
PAT_357,737,PAT_357_737_77.png,0.10934000000000002,9.203406745678256,0.9590986413359944,140.59657268746642,96.40407947951468,0.08791981712678038,189.9022771232636,137.6513979250923,0.00999273941462786,0.007414314241940008,0.0017075463717753274
PAT_1179,641,PAT_1179_641_735.png,0.20552,10.013577032790648,0.9550241212101973,92.71945428052793,5.328915204519529,0.0,159.67885273507522,130.85822152208158,0.010292350156321128,0.004198958190985486,0.006375375950569804
PAT_1764,3335,PAT_1764_3335_366.png,0.29618,11.253554627756417,0.9013786307647426,119.0135222619765,99.46989261927416,0.0,165.5442435775452,115.84001631099633,0.0010704737696517475,0.01191557168680367,0.01233550004742969
PAT_990,1860,PAT_990_1860_636.png,0.08204000000000002,8.733208982034006,0.9413280037913809,124.35121905762695,92.08093260083076,0.0,130.56103443655365,88.33699584617446,0.005146027427543887,0.009606606283372702,0.0046579812883887
PAT_1770,3344,PAT_1770_3344_274.png,0.1016,8.311415101374203,0.9802942588825111,54.32322814811257,100.0,0.0,115.09765122769608,32.11988459970523,0.0,0.0,0.0
PAT_398,799,PAT_398_799_163.png,0.32198,10.415747895997605,0.9523206732109646,139.36799890715253,88.46657929226737,0.9848343006927541,91.82340385695562,68.4789552518255,0.03356393616068298,0.017846174887959223,0.020301638520228645
PAT_547,1033,PAT_547_1033_445.png,0.31016,12.352898022406702,0.9238969757533946,40.89770084531185,100.0,0.0,126.11771217712177,83.83613776137761,0.0026310508318989623,0.0017248222347862625,0.00036127750857743463
PAT_1371,1276,PAT_1371_1276_145.png,0.05976,9.255985366898742,0.9698172475752964,40.06252371162343,79.68598277212216,0.0,133.4105951448708,100.98377447141739,0.009165425935979465,0.0012661511227641236,0.00020226065911362344
PAT_69,1053,PAT_69_1053_332.png,0.14676,9.173040693843783,0.9820771389994486,106.88993145163981,68.96979677561784,7.015596844831085,145.43214119500232,119.48258332438334,0.33188840655580043,0.010929473684021007,0.005056254907274884
PAT_1431,1495,PAT_1431_1495_511.png,0.59412,23.133087107443195,0.687185680263311,67.89606548087326,99.99671957523185,0.0,137.91804561664955,86.55810335212549,0.0012739680149645993,0.00628254700373686,0.0022017705227195612
PAT_1945,3923,PAT_1945_3923_428.png,0.10525999999999999,11.228584813603897,0.9672671248984027,128.321955699067,99.96571869331086,0.0,133.32561527803568,61.702109728749164,0.004493923502477126,0.007751845216427649,0.010955267042825836
PAT_853,1642,PAT_853_1642_497.png,0.34136,11.309963142991226,0.9170981817099166,97.43293901281316,100.0,0.0,168.7356119628047,101.89023624026137,0.005111024475888182,0.016082129146982857,0.003998418789923282
PAT_104,1756,PAT_104_1756_151.png,0.1874,11.183608220098735,0.9230402041432718,59.68928937949634,64.46570402491544,0.1579566960227696,172.3427958335196,159.35583471172902,0.0257431276050335,0.0010812301973775432,0.0007382244737210912
PAT_270,416,PAT_270_416_398.png,0.11298,9.937606635447402,0.9504150645664671,71.60178055856821,100.0,0.0,207.5439648934432,129.9976657874466,0.0025657902539742983,0.007218374641680038,0.0002929863240102722
PAT_1960,3957,PAT_1960_3957_864.png,0.21952,9.977603775020864,0.9467142251799022,81.29154516032084,99.19946999392701,0.0,95.1993043670292,40.67746922100149,0.00032631196692478603,0.003971540633749496,0.002601495999858196
PAT_1350,1230,PAT_1350_1230_925.png,0.16357999999999998,9.820678934773149,0.9369382295360446,104.38876418628357,91.17898943762489,0.9420496717099628,122.71424493291464,86.14123608335713,0.004624991393727185,0.002836210207424543,0.0005432564017003983
PAT_1408,1406,PAT_1408_1406_950.png,0.15438000000000002,8.265094858011924,0.9782415261668413,66.25306548988632,99.99508720216164,0.0,133.5526897568165,77.43330876934414,0.0012540583919616877,0.004041216995736859,0.005968686428172569
PAT_471,909,PAT_471_909_344.png,0.38916,15.585003949161598,0.9147898861367298,155.09168772172833,90.64004460784,0.48704780207292353,106.49321441196089,83.61190981998607,0.0009116467148932994,0.002318133819290955,0.014722203547384403
PAT_785,1479,PAT_785_1479_108.png,0.09814,8.145315970657963,0.9809704700728459,125.51038845453044,98.31526426019465,0.0,178.55371442651227,127.2287483060244,0.01492983978055562,0.009303773255992019,0.014654264739864274
PAT_2080,4484,PAT_2080_4484_997.png,0.14184,9.42780818165,0.9721288897260882,39.15500642350628,100.0,0.0,140.24407781334648,94.54080275794139,0.0007860356172514349,0.003135764109038436,0.0009157792854097825
PAT_217,333,PAT_217_333_61.png,0.05114,8.259000729706438,0.9890951648052134,73.67336709063132,99.93085566119274,0.0,191.0118006338231,118.78420051858254,0.004269273514929339,0.0051074799760607295,0.0014293630029643205
PAT_645,1223,PAT_645_1223_443.png,0.23248000000000002,10.060158310794064,0.9503311508407064,81.27160245603324,86.4070076646332,0.6256843422493352,82.26622868762709,53.32519943688409,0.013180267175227245,0.00418763563570078,0.012204733210084714
PAT_126,191,PAT_126_191_304.png,0.14036,9.213876078436442,0.9755948408907996,95.28353369947455,97.96244055774966,0.010746621530856237,141.09629510222723,106.48230300099407,0.007586620694066459,0.0018050942371518645,0.0008502707284347532
PAT_1596,2664,PAT_1596_2664_323.png,0.33877999999999997,14.362143133843023,0.775594392451463,75.66371329798757,100.0,0.0,193.94474302989587,118.41358750419886,0.001502872140885514,0.0017288178004950324,0.0014413950992638964
PAT_115,1138,PAT_115_1138_970.png,0.06558,8.111525818107687,0.9686910086311348,130.79716337108323,98.6058981233244,0.035746201966041107,173.22913315460232,89.01411974977658,0.0023999805644648875,0.003845842705844391,0.019476828850409057
PAT_296,640,PAT_296_640_206.png,0.1152,13.068708703505866,0.9793787552258904,101.43414808314704,99.59257582616569,0.0,184.8408302124916,93.2667599489691,0.00696598556946415,0.006760926785351386,0.000904289637898654
PAT_271,418,PAT_271_418_14.png,0.10084,11.161380923406883,0.9636648720326957,113.94189900226166,56.44326412361178,6.432641236117817,177.31436021245776,162.61113471752776,0.05240754330367814,0.004931283557581915,0.0053900791814587455
PAT_263,404,PAT_263_404_410.png,0.09298,9.408034073558724,0.954662197038286,86.11744219362112,100.0,0.0,142.90978936745125,102.34428817918416,0.0016701090044514144,0.0070461421049378345,0.006213782392712749
PAT_229,349,PAT_229_349_141.png,0.14106000000000002,9.778531105329272,0.9803545635008327,136.9630855343107,99.87203513667473,0.0,182.2030348312102,69.97711492895885,0.0005813675493832049,0.006063446074568013,0.0010510262200341292
PAT_753,1427,PAT_753_1427_496.png,0.15922,10.451743920308367,0.9389335257842861,56.216347904421745,96.56064518375896,0.0,102.68732369139838,69.89094364592506,0.0064719628289049425,0.007639922775386966,0.0018700969750515151
PAT_532,3216,PAT_532_3216_633.png,0.058719999999999994,8.305642572022832,0.9926566638335896,110.49022616203237,89.35263315784161,0.0,146.53248066060337,111.86300413587979,0.0,0.0,0.0
PAT_800,1513,PAT_800_1513_509.png,0.11946000000000001,8.916125241282977,0.9753702030345904,92.93470876281448,99.59928983049167,0.04661727219527678,154.7233116116682,103.02414179585602,0.00048407656144389133,0.005160486970088656,0.0009382099721326845
PAT_710,1330,PAT_710_1330_243.png,0.052879999999999996,8.087993201899588,0.9787089789409569,104.85762451476597,26.901933648560334,0.05381924422404183,84.73397916426403,53.81386229961942,0.0,0.0,0.0
PAT_1317,1130,PAT_1317_1130_656.png,0.10656000000000002,10.305055719500263,0.95574683488783,62.42543408939771,98.55568225009502,0.0,194.92258963638668,134.81920689218293,0.003089219709026092,0.0011977858953845534,0.002728198304437373
PAT_2077,4463,PAT_2077_4463_77.png,0.053720000000000004,8.113453552454127,0.9912195859070299,53.84983865625475,100.0,0.0,179.20585998129246,132.39041701357837,0.008321684991731804,0.003535958257411563,0.0017502345989878886
PAT_43,61,PAT_43_61_210.png,0.28141999999999995,21.728934704560537,0.7571147779877531,112.81035003629822,99.91930308981664,0.0,168.00117966567498,91.33759827846592,0.001488282994376866,0.004934256788224084,0.005464795464345755
PAT_466,903,PAT_466_903_893.png,0.16641999999999998,11.941293410394787,0.8874920140485862,127.51820770777353,95.772260092537,0.0,160.38289831526154,115.04003461307526,0.012022291587419076,0.012658661306528212,0.006995955472710211
PAT_1241,824,PAT_1241_824_82.png,0.07338000000000001,8.357849641020264,0.9866544026053689,41.799175207237084,100.0,0.0,201.6098260692122,119.83505983747254,0.00019875833029359136,0.0008813524250890825,0.0008109385010489588
PAT_314,672,PAT_314_672_909.png,0.06458,8.183270762392727,0.9806334300061944,87.45686197400046,79.18681615561259,2.6826962042415237,158.00434958800486,130.58403349993247,0.05833618938765406,0.009366464318108602,0.004107688084367366
PAT_21,31,PAT_21_31_965.png,0.192,10.387695927070348,0.9129485869941248,110.28697649784979,99.4857397008951,0.0,189.8289042085951,99.66853838883638,0.00011392274946786518,2.1380879560095112e-05,0.0004884629811298157
PAT_233,354,PAT_233_354_935.png,0.20176,8.693702748766196,0.9632810064059355,66.94377048237779,99.9730118747751,0.0,210.27788772939905,121.77078085642317,0.0016088553627470192,0.003985608901134573,0.002049057616452073
PAT_320,681,PAT_320_681_724.png,0.12042,10.64394228161896,0.928633013525444,129.60793549333454,88.62206975414523,0.008933676386506575,116.50885625119116,39.56674051839146,7.249394277974996e-05,0.0005780785859443218,0.01901414981964124
PAT_277,427,PAT_277_427_658.png,0.1028,8.52688073201172,0.9387137935127611,68.22725166557805,100.0,0.0,91.70890122833586,45.516237590442536,0.0007995116141717995,0.006368256500943056,0.003834782114918113
PAT_682,1292,PAT_682_1292_978.png,0.03616,8.18273968424589,0.98620219335376,125.04724787527493,99.960254881598,0.0,175.32312781260816,90.4254907240022,0.007181958035328839,0.006835844602485523,0.0057837897370043
PAT_194,298,PAT_194_298_367.png,0.26638,10.180637480514786,0.9435418701142718,92.11138929353277,96.30099101175385,0.20357993393254975,117.7756779595913,84.63566874087732,0.029549858349249503,0.015706985815317,0.009630418026118985
PAT_121,184,PAT_121_184_502.png,0.10244,8.334092072156118,0.9777204534959256,78.49101413159102,99.26557444404499,0.0,227.4918596887679,82.09881362025577,0.0007609242780105552,0.0028367922516575167,0.0013667116528617257
PAT_691,3994,PAT_691_3994_791.png,0.23012000000000002,16.71221462620457,0.8748640421207116,121.59824261824967,25.242770036000373,0.0,160.5840362926259,135.83099087370644,0.03681549413836316,0.002672467269422634,0.00873059334447299
PAT_98,152,PAT_98_152_562.png,0.22224,9.809511370504183,0.9848154334860029,114.89386466429282,91.21202094322362,0.21410358720828385,173.48655040193083,131.07892636782995,0.035364323523831453,0.018936107223638147,0.0028852385490280457
PAT_682,1292,PAT_682_1292_986.png,0.03872,8.589540854791972,0.9874668507910768,100.2124397127838,100.0,0.0,137.9371391796483,64.98741742537526,0.0015812605132036195,0.009086454234219941,0.0025789008753901626
PAT_883,1682,PAT_883_1682_256.png,0.17204000000000003,9.080286759109828,0.9627966348734486,111.37274451063749,94.23330328039393,0.0,86.31461959914003,27.765101602052848,0.0038016575565418265,0.02619696555084215,0.012248885217689317
PAT_301,649,PAT_301_649_533.png,0.23062,11.348498857038022,0.894612147734253,116.81872862366512,98.07330706848474,0.0,145.10537491365858,91.33269270127145,0.003671784570078662,0.019484099810150514,0.0045280535402630285
PAT_815,1535,PAT_815_1535_536.png,0.08492000000000001,8.416674657063716,0.9522761484591646,53.32119316769405,100.0,0.0,126.89273947528982,40.0954240390482,0.00010591891275535392,0.002900937814176701,0.0033451707589755323
PAT_198,302,PAT_198_302_44.png,0.23279999999999998,9.227296551745434,0.9552396871312833,50.95058868428374,98.22269229971587,0.0,182.14362595657315,86.55154607105084,0.003536574110844626,0.0021359560873945986,0.0009235322896740378
PAT_1573,2499,PAT_1573_2499_849.png,0.46210000000000007,21.247901728461866,0.6938067166340864,91.20209755269427,96.77936821322804,0.0,173.93065153010858,142.49432379072064,0.03456102485072832,0.0006767002834837733,0.009283547694467783
PAT_53,82,PAT_53_82_940.png,0.11731999999999998,8.274465011338762,0.9686911305049062,92.60051138965204,34.69387755102041,6.504473710666532,113.45048758419624,103.9076103347743,0.0746334115146553,0.0032886612697985013,0.0038616353043681934
PAT_1550,1888,PAT_1550_1888_216.png,0.12784,9.077499983959882,0.9310857604636971,47.9807157007598,99.96508379888269,0.0,144.96077746741153,86.6770251396648,7.636830028323605e-05,0.0015466940074480345,8.026830926197741e-05
PAT_764,1448,PAT_764_1448_499.png,0.08312,8.276756469225457,0.9511024886919275,121.44033898818144,100.0,0.0,151.4838497033619,46.34256207426939,0.0006426884281278689,0.006451116670986192,0.02332097686822015
PAT_640,1210,PAT_640_1210_293.png,0.044980000000000006,8.237111158904952,0.9867682961209561,133.26394524452124,99.02394914961236,0.0,178.67468517705882,119.29721679232989,0.003472403053915829,0.012005857562337017,0.003976764934949197
PAT_161,250,PAT_161_250_197.png,0.2285,18.432737134427157,0.8271471045827021,139.98584709685227,99.38288967874465,0.0,192.45289419626494,138.62181536127378,0.005542976694058344,0.019479984548358413,0.004053896877795693
PAT_110,165,PAT_110_165_583.png,0.12086,9.44908044260774,0.9645145999060838,35.668615211795974,97.38018490312068,0.3492614501788814,154.50437462364067,120.39016683787327,0.07796597480227607,0.008269017186226375,0.0012956125017826005
PAT_646,1225,PAT_646_1225_590.png,0.18592,7.837442786527894,0.960744187386316,128.23824107469596,99.023922497466,0.0,191.21381204384792,118.02029282325076,0.0028631526264019103,0.013018595020764889,0.003577098289826695
PAT_441,861,PAT_441_861_415.png,0.13684,11.513187493511316,0.9080548558901105,56.9500134522545,99.77883355176932,0.0,161.80905963302752,75.50688073394495,0.00047810559408056896,0.0021080539182781835,0.001596863785092076
PAT_359,4450,PAT_359_4450_86.png,0.1427,9.758354385954297,0.9743226261101033,58.99672504053936,90.69493771534589,0.9202226345083488,181.0256029684601,154.06485025178904,0.037158877841422355,0.0023213990611531824,0.0009529926253111587
PAT_2097,4557,PAT_2097_4557_241.png,0.06854,8.362712664540037,0.9696782450013445,50.64694863767751,81.93324664065887,0.0,50.404161248374514,32.77243172951886,0.0025383201222491936,0.006655271779077363,0.0015110975166302075
PAT_257,395,PAT_257_395_866.png,0.04666,8.208476909487608,0.9861052506918232,119.52471294754766,90.26486581301526,0.0,97.21285739343975,39.05435888440624,0.01550855037819121,0.025753157906075942,0.00498459114304056
PAT_1840,3612,PAT_1840_3612_959.png,0.12988,10.853146344510725,0.9460101902971804,21.22394299188949,100.0,0.0,190.11115566445616,104.12412783000892,4.405048719124949e-07,4.133745931301049e-06,0.00010724871122462351
PAT_1203,724,PAT_1203_724_762.png,0.08682,9.5518018078038,0.9482977052004343,74.3783940672339,93.87659569084398,0.0,212.8064337917452,137.47584586902155,0.0,0.0,0.0
PAT_601,1147,PAT_601_1147_943.png,0.41631999999999997,24.774269588166096,0.7225475654949622,71.65439053541338,99.11920762359235,0.10342455539467292,135.63064926568566,85.30916966918574,0.0009405661388379727,0.004371955657007372,0.0004633187034888935
PAT_1070,305,PAT_1070_305_907.png,0.10129999999999999,10.050801889506946,0.9339129159078527,53.233362855158404,100.0,0.0,161.7770718424911,88.44278433289115,0.0038261978144507047,0.0013798858137523682,0.0016223113225296373
PAT_1881,3717,PAT_1881_3717_785.png,0.04828,7.941896650961069,0.9682866143263135,74.17597788980186,100.0,0.0,160.66640199637024,112.50306261343013,0.003910155759317191,0.008061882504198849,0.0038448025301564227
PAT_1350,1230,PAT_1350_1230_878.png,0.08786000000000001,8.624301644059559,0.9653295932172772,109.5020235452029,91.53458213256485,1.3238472622478386,81.05394452449568,53.10446685878963,0.018406704119991457,0.014666034324687984,0.007932894793936695
PAT_139,207,PAT_139_207_342.png,0.20268000000000003,9.14460246941097,0.9810439052105783,180.92099587612307,86.42429853297251,5.29482979632531,114.9886910696482,87.8797108673978,0.016260893668750276,0.01802937466404928,0.0050001007035154815
PAT_158,621,PAT_158_621_68.png,0.26926,14.055599167803905,0.915914476000008,90.81544320469156,99.22875913798758,0.0,199.57478074119527,88.39981803370608,0.0027786062451667926,0.002224625761349805,0.00021976721103980258
PAT_473,911,PAT_473_911_610.png,0.15463999999999997,10.777900226398115,0.9652290824725442,65.24947470387382,96.44253381465226,0.0,188.89245218016507,150.77136352061834,0.008028593983284371,0.004312912220386878,0.0007067516653043483
PAT_2017,4164,PAT_2017_4164_500.png,0.14456,9.970739702688922,0.9521076996203893,102.56349058042322,100.0,0.0,161.3908404328037,90.27809139560861,0.002242399019428243,0.01753276058721584,0.007068192571478617
PAT_572,1086,PAT_572_1086_130.png,0.22283999999999998,14.063679347536377,0.8770156363395657,68.79585964018187,93.08889349971841,0.02252719566055073,111.3773364555236,78.74025550582446,0.03149633342552294,0.007352020732347843,0.004415328686719782
PAT_2048,4333,PAT_2048_4333_63.png,0.13616,9.521869398718758,0.9651997584650623,80.3549898312413,100.0,0.0,181.1958589260947,110.55053607203399,0.0011725762129378703,0.00641452280702591,0.004366958466327681
PAT_253,384,PAT_253_384_607.png,0.07566,8.573423217639649,0.9920253081771043,76.98601563925766,100.0,0.0,189.30448732834827,132.4139999690369,0.0014753127980547953,0.005050183401098441,0.0026783424678617712
PAT_827,1598,PAT_827_1598_85.png,0.22318,11.46116001504181,0.9120883448469616,68.74155564302964,99.9318705069774,0.0,135.7257435511911,65.86479819574308,0.0036867672218113823,0.006877267935625477,0.003349120470130302
